2026-09-06 11:01:23,148 - INFO - ============================================================
2026-09-06 11:01:23,162 - INFO - Automation Anywhere Sync -- Starting
2026-09-06 11:01:23,162 - INFO - Time window: 2026-09-06T04:31:23Z -> 2026-09-06T05:31:23Z
2026-09-06 11:01:23,163 - INFO - ============================================================
2026-09-06 11:01:23,163 - ERROR - Authentication failed: Missing AA credentials. Set AA_USERNAME, AA_PASSWORD, AA_API_KEY in .env
2026-09-06 11:06:02,476 - INFO - ============================================================
2026-09-06 11:06:02,476 - INFO - Automation Anywhere Sync -- Starting
2026-09-06 11:06:02,476 - INFO - Time window: 2026-09-05T17:36:02Z -> 2026-09-06T05:36:02Z
2026-09-06 11:06:02,490 - INFO - ============================================================
2026-09-06 11:06:02,492 - INFO - Authenticating with Automation Anywhere Control Room...
2026-09-06 11:06:03,208 - INFO - Authentication successful.
2026-09-06 11:06:03,210 - INFO - Fetching activities from 2026-09-05T17:36:02Z to 2026-09-06T05:36:02Z
2026-09-06 11:06:04,065 - INFO - Total API records in time window: 141374
2026-09-06 11:06:04,065 - INFO - Processed offset 0. Filtered so far: 65
2026-09-06 11:06:04,686 - INFO - Processed offset 200. Filtered so far: 175
2026-09-06 11:06:05,290 - INFO - Processed offset 400. Filtered so far: 293
2026-09-06 11:06:05,807 - INFO - Reached records older than start_time. Stopping.
2026-09-06 11:06:05,807 - INFO - Retrieval complete. 303 records for 7 target devices.
2026-09-06 11:06:05,811 - INFO - Status breakdown: {'COMPLETED': 298, 'RUN_FAILED': 4, 'RUN_ABORTED': 1}
2026-09-06 11:06:05,811 - INFO - Device breakdown: {'gcp10wbtrpap04': 45, 'DT-1001-G62J7W3': 18, 'gcp10wbtrpap03': 21, 'gcp10wbtrpap05': 45, 'gcp10wbtrpap01': 9, 'gcp10wbtrpap02': 8, 'DT-1001-7B3NM24': 157}
2026-09-06 11:06:05,866 - INFO - Excel saved: D:\Adani_projects\RPA-UI-Dashboard\backend\uploads\aa_sync\Adani_Daily_Bot_Status_2026-09-06_05-36-05.xlsx  (303 rows)
2026-09-06 11:06:05,889 - INFO - JSON archive saved: D:\Adani_projects\RPA-UI-Dashboard\backend\uploads\aa_sync\json\aa_raw_2026-09-06_05-36-05.json
2026-09-06 11:06:05,894 - INFO - ============================================================
2026-09-06 11:06:05,895 - INFO - Automation Anywhere Sync -- Complete
2026-09-06 11:06:05,895 - INFO - Records: 303  |  Excel: D:\Adani_projects\RPA-UI-Dashboard\backend\uploads\aa_sync\Adani_Daily_Bot_Status_2026-09-06_05-36-05.xlsx
2026-09-06 11:06:05,895 - INFO - SharePoint: skipped
2026-09-06 11:06:05,895 - INFO - ============================================================
2026-09-15 17:32:38,612 - INFO - ============================================================
2026-09-15 17:32:38,626 - INFO - Automation Anywhere Sync -- Starting
2026-09-15 17:32:38,626 - INFO - Time window: 2026-09-05T12:02:38Z -> 2026-09-15T12:02:38Z
2026-09-15 17:32:38,627 - INFO - ============================================================
2026-09-15 17:32:38,627 - INFO - Authenticating with Automation Anywhere Control Room...
2026-09-15 17:32:39,148 - ERROR - Authentication failed: HTTP 401 — check AA credentials or permissions.
2026-09-16 18:05:58,109 - INFO - ============================================================
2026-09-16 18:05:58,112 - INFO - Automation Anywhere Sync -- Starting
2026-09-16 18:05:58,112 - INFO - Time window: 2026-09-15T12:35:58Z -> 2026-09-16T12:35:58Z
2026-09-16 18:05:58,112 - INFO - ============================================================
2026-09-16 18:05:58,112 - INFO - Authenticating with Automation Anywhere Control Room...
2026-09-16 18:05:58,902 - ERROR - Authentication failed: HTTP 401 — check AA credentials or permissions.
2026-09-16 18:31:33,430 - INFO - ============================================================
2026-09-16 18:31:33,431 - INFO - Automation Anywhere Sync -- Starting
2026-09-16 18:31:33,431 - INFO - Time window: 2026-09-16T01:01:33Z -> 2026-09-16T13:01:33Z
2026-09-16 18:31:33,431 - INFO - ============================================================
2026-09-16 18:31:33,432 - INFO - Authenticating with Automation Anywhere Control Room...
2026-09-16 18:31:36,099 - INFO - Authenticating with Automation Anywhere Control Room...
2026-09-16 18:31:38,728 - INFO - Authenticating with Automation Anywhere Control Room...
2026-09-16 18:32:19,758 - INFO - ============================================================
2026-09-16 18:32:19,759 - INFO - Automation Anywhere Sync -- Starting
2026-09-16 18:32:19,759 - INFO - Time window: 2026-09-16T01:02:19Z -> 2026-09-16T13:02:19Z
2026-09-16 18:32:19,759 - INFO - ============================================================
2026-09-16 18:32:19,759 - INFO - Authenticating with Automation Anywhere Control Room...
2026-09-16 18:32:21,236 - INFO - Authentication successful.
2026-09-16 18:32:21,238 - INFO - Fetching activities from 2026-09-16T01:02:19Z to 2026-09-16T13:02:19Z
2026-09-16 18:32:22,734 - INFO - Total API records in time window: 223774
2026-09-16 18:32:22,734 - INFO - Processed offset 0. Filtered so far: 13
2026-09-16 18:32:24,786 - INFO - Processed offset 200. Filtered so far: 89
2026-09-16 18:32:26,107 - INFO - Processed offset 400. Filtered so far: 245
2026-09-16 18:32:26,982 - INFO - Processed offset 600. Filtered so far: 355
2026-09-16 18:32:27,838 - INFO - Processed offset 800. Filtered so far: 428
2026-09-16 18:32:28,645 - INFO - Processed offset 1000. Filtered so far: 486
2026-09-16 18:32:29,597 - INFO - Reached records older than start_time. Stopping.
2026-09-16 18:32:29,597 - INFO - Retrieval complete. 562 records for 7 target devices.
2026-09-16 18:32:29,598 - INFO - Status breakdown: {'COMPLETED': 535, 'DEPLOY_FAILED': 1, 'RUN_ABORTED': 19, 'RUN_FAILED': 7}
2026-09-16 18:32:29,598 - INFO - Device breakdown: {'gcp10wbtrpap05': 58, 'gcp10wbtrpap02': 10, 'gcp10wbtrpap01': 24, 'DT-1001-G62J7W3': 176, 'gcp10wbtrpap03': 14, 'DT-1001-7B3NM24': 255, 'gcp10wbtrpap04': 25}
2026-09-16 18:32:29,686 - INFO - Excel saved: D:\Adani_projects\RPA-UI-Dashboard\backend\uploads\aa_sync\Adani_Daily_Bot_Status_2026-09-16_13-02-29.xlsx  (562 rows)
2026-09-16 18:32:29,748 - INFO - JSON archive saved: D:\Adani_projects\RPA-UI-Dashboard\backend\uploads\aa_sync\json\aa_raw_2026-09-16_13-02-29.json
2026-09-16 18:32:31,615 - INFO - SharePoint upload: SUCCESS
2026-09-16 18:32:31,615 - INFO - ============================================================
2026-09-16 18:32:31,616 - INFO - Automation Anywhere Sync -- Complete
2026-09-16 18:32:31,616 - INFO - Records: 562  |  Excel: D:\Adani_projects\RPA-UI-Dashboard\backend\uploads\aa_sync\Adani_Daily_Bot_Status_2026-09-16_13-02-29.xlsx
2026-09-16 18:32:31,616 - INFO - SharePoint: success
2026-09-16 18:32:31,617 - INFO - ============================================================
2026-09-16 18:35:22,854 - INFO - ============================================================
2026-09-16 18:35:22,854 - INFO - Automation Anywhere Sync -- Starting
2026-09-16 18:35:22,855 - INFO - Time window: 2026-09-15T13:05:22Z -> 2026-09-16T13:05:22Z
2026-09-16 18:35:22,855 - INFO - ============================================================
2026-09-16 18:35:22,855 - INFO - Authenticating with Automation Anywhere Control Room...
2026-09-16 18:35:24,466 - INFO - Authentication successful.
2026-09-16 18:35:24,469 - INFO - Fetching activities from 2026-09-15T13:05:22Z to 2026-09-16T13:05:22Z
2026-09-16 18:35:25,219 - INFO - Total API records in time window: 223779
2026-09-16 18:35:25,220 - INFO - Processed offset 0. Filtered so far: 13
2026-09-16 18:35:25,928 - INFO - Processed offset 200. Filtered so far: 89
2026-09-16 18:35:26,642 - INFO - Processed offset 400. Filtered so far: 242
2026-09-16 18:35:27,258 - INFO - Processed offset 600. Filtered so far: 354
2026-09-16 18:35:27,976 - INFO - Processed offset 800. Filtered so far: 427
2026-09-16 18:35:28,688 - INFO - Processed offset 1000. Filtered so far: 486
2026-09-16 18:35:29,307 - INFO - Processed offset 1200. Filtered so far: 625
2026-09-16 18:35:29,868 - INFO - Processed offset 1400. Filtered so far: 671
2026-09-16 18:35:30,637 - INFO - Processed offset 1600. Filtered so far: 711
2026-09-16 18:35:31,352 - INFO - Reached records older than start_time. Stopping.
2026-09-16 18:35:31,352 - INFO - Retrieval complete. 716 records for 7 target devices.
2026-09-16 18:35:31,354 - INFO - Status breakdown: {'COMPLETED': 676, 'DEPLOY_FAILED': 1, 'RUN_ABORTED': 26, 'RUN_FAILED': 13}
2026-09-16 18:35:31,355 - INFO - Device breakdown: {'gcp10wbtrpap05': 92, 'gcp10wbtrpap02': 15, 'gcp10wbtrpap01': 32, 'DT-1001-G62J7W3': 200, 'gcp10wbtrpap03': 39, 'DT-1001-7B3NM24': 274, 'gcp10wbtrpap04': 64}
2026-09-16 18:35:31,468 - INFO - Excel saved: D:\Adani_projects\RPA-UI-Dashboard\backend\uploads\aa_sync\Adani_Daily_Bot_Status_2026-09-16_13-05-31.xlsx  (716 rows)
2026-09-16 18:35:31,545 - INFO - JSON archive saved: D:\Adani_projects\RPA-UI-Dashboard\backend\uploads\aa_sync\json\aa_raw_2026-09-16_13-05-31.json
2026-09-16 18:35:31,545 - INFO - ============================================================
2026-09-16 18:35:31,545 - INFO - Automation Anywhere Sync -- Complete
2026-09-16 18:35:31,545 - INFO - Records: 716  |  Excel: D:\Adani_projects\RPA-UI-Dashboard\backend\uploads\aa_sync\Adani_Daily_Bot_Status_2026-09-16_13-05-31.xlsx
2026-09-16 18:35:31,545 - INFO - SharePoint: skipped
2026-09-16 18:35:31,545 - INFO - ============================================================
2026-09-16 18:37:48,916 - INFO - ============================================================
2026-09-16 18:37:48,916 - INFO - Automation Anywhere Sync -- Starting
2026-09-16 18:37:48,916 - INFO - Time window: 2026-08-31T13:07:48Z -> 2026-09-16T13:07:48Z
2026-09-16 18:37:48,916 - INFO - ============================================================
2026-09-16 18:37:48,917 - INFO - Authenticating with Automation Anywhere Control Room...
2026-09-16 18:37:50,502 - INFO - Authentication successful.
2026-09-16 18:37:50,504 - INFO - Fetching activities from 2026-08-31T13:07:48Z to 2026-09-16T13:07:48Z
2026-09-16 18:37:51,113 - INFO - Total API records in time window: 223781
2026-09-16 18:37:51,114 - INFO - Processed offset 0. Filtered so far: 12
2026-09-16 18:37:51,869 - INFO - Processed offset 200. Filtered so far: 89
2026-09-16 18:37:52,590 - INFO - Processed offset 400. Filtered so far: 239
2026-09-16 18:37:53,231 - INFO - Processed offset 600. Filtered so far: 354
2026-09-16 18:37:53,895 - INFO - Processed offset 800. Filtered so far: 426
2026-09-16 18:37:54,617 - INFO - Processed offset 1000. Filtered so far: 485
2026-09-16 18:37:55,233 - INFO - Processed offset 1200. Filtered so far: 623
2026-09-16 18:37:55,826 - INFO - Processed offset 1400. Filtered so far: 670
2026-09-16 18:37:56,361 - INFO - Processed offset 1600. Filtered so far: 711
2026-09-16 18:37:57,069 - INFO - Processed offset 1800. Filtered so far: 747
2026-09-16 18:37:57,750 - INFO - Processed offset 2000. Filtered so far: 770
2026-09-16 18:37:58,296 - INFO - Processed offset 2200. Filtered so far: 807
2026-09-16 18:37:58,789 - INFO - Processed offset 2400. Filtered so far: 849
2026-09-16 18:37:59,426 - INFO - Processed offset 2600. Filtered so far: 963
2026-09-16 18:38:00,040 - INFO - Processed offset 2800. Filtered so far: 1045
2026-09-16 18:38:36,782 - INFO - ============================================================
2026-09-16 18:38:36,783 - INFO - Automation Anywhere Sync -- Starting
2026-09-16 18:38:36,783 - INFO - Time window: 2026-09-04T00:00:00Z -> 2026-09-04T23:59:59Z
2026-09-16 18:38:36,783 - INFO - ============================================================
2026-09-16 18:38:36,783 - INFO - Authenticating with Automation Anywhere Control Room...
2026-09-16 18:38:38,526 - INFO - Authentication successful.
2026-09-16 18:38:38,528 - INFO - Fetching activities from 2026-09-04T00:00:00Z to 2026-09-04T23:59:59Z
2026-09-16 18:38:39,148 - INFO - Total API records in time window: 223783
2026-09-16 18:38:39,148 - INFO - Processed offset 0. Filtered so far: 0
2026-09-16 18:38:39,887 - INFO - Processed offset 200. Filtered so far: 0
2026-09-16 18:38:40,547 - INFO - Processed offset 400. Filtered so far: 0
2026-09-16 18:38:41,342 - INFO - Processed offset 600. Filtered so far: 0
2026-09-16 18:38:42,133 - INFO - Processed offset 800. Filtered so far: 0
2026-09-16 18:38:43,064 - INFO - Processed offset 1000. Filtered so far: 0
2026-09-16 18:38:43,878 - INFO - Processed offset 1200. Filtered so far: 0
2026-09-16 18:38:44,790 - INFO - Processed offset 1400. Filtered so far: 0
2026-09-16 18:38:45,485 - INFO - Processed offset 1600. Filtered so far: 0
2026-09-16 18:38:46,123 - INFO - Processed offset 1800. Filtered so far: 0
2026-09-16 18:38:46,843 - INFO - Processed offset 2000. Filtered so far: 0
2026-09-16 18:38:47,554 - INFO - Processed offset 2200. Filtered so far: 0
2026-09-16 18:38:48,061 - INFO - Processed offset 2400. Filtered so far: 0
2026-09-16 18:38:48,782 - INFO - Processed offset 2600. Filtered so far: 0
2026-09-16 18:38:49,504 - INFO - Processed offset 2800. Filtered so far: 0
2026-09-16 18:38:50,167 - INFO - Processed offset 3000. Filtered so far: 0
2026-09-16 18:38:50,696 - INFO - Processed offset 3200. Filtered so far: 0
2026-09-16 18:38:51,344 - INFO - Processed offset 3400. Filtered so far: 0
2026-09-16 18:38:51,961 - INFO - Processed offset 3600. Filtered so far: 0
2026-09-16 18:38:52,643 - INFO - Processed offset 3800. Filtered so far: 0
2026-09-16 18:38:53,187 - INFO - Processed offset 4000. Filtered so far: 0
2026-09-16 18:38:53,902 - INFO - Processed offset 4200. Filtered so far: 0
2026-09-16 18:38:54,433 - INFO - Processed offset 4400. Filtered so far: 0
2026-09-16 18:38:55,048 - INFO - Processed offset 4600. Filtered so far: 0
2026-09-16 18:38:55,746 - INFO - Processed offset 4800. Filtered so far: 0
2026-09-16 18:38:56,471 - INFO - Processed offset 5000. Filtered so far: 0
2026-09-16 18:38:56,972 - INFO - Processed offset 5200. Filtered so far: 0
2026-09-16 18:38:57,691 - INFO - Processed offset 5400. Filtered so far: 0
2026-09-16 18:38:58,438 - INFO - Processed offset 5600. Filtered so far: 0
2026-09-16 18:38:59,097 - INFO - Processed offset 5800. Filtered so far: 0
2026-09-16 18:38:59,634 - INFO - Processed offset 6000. Filtered so far: 0
2026-09-16 18:39:00,463 - INFO - Processed offset 6200. Filtered so far: 0
2026-09-16 18:39:01,076 - INFO - Processed offset 6400. Filtered so far: 0
2026-09-16 18:39:03,218 - INFO - Processed offset 6600. Filtered so far: 0
2026-09-16 18:39:04,657 - INFO - Processed offset 6800. Filtered so far: 0
2026-09-16 18:39:05,370 - INFO - Processed offset 7000. Filtered so far: 0
2026-09-16 18:39:05,959 - INFO - Processed offset 7200. Filtered so far: 0
2026-09-16 18:39:06,631 - INFO - Processed offset 7400. Filtered so far: 0
2026-09-16 18:39:07,213 - INFO - Processed offset 7600. Filtered so far: 0
2026-09-16 18:39:07,830 - INFO - Processed offset 7800. Filtered so far: 0
2026-09-16 18:39:08,546 - INFO - Processed offset 8000. Filtered so far: 0
2026-09-16 18:39:09,069 - INFO - Processed offset 8200. Filtered so far: 0
2026-09-16 18:39:09,662 - INFO - Processed offset 8400. Filtered so far: 0
2026-09-16 18:39:10,288 - INFO - Processed offset 8600. Filtered so far: 0
2026-09-16 18:39:10,799 - INFO - Processed offset 8800. Filtered so far: 0
2026-09-16 18:39:11,312 - INFO - Processed offset 9000. Filtered so far: 0
2026-09-16 18:39:11,975 - INFO - Processed offset 9200. Filtered so far: 0
2026-09-16 18:39:12,575 - INFO - Processed offset 9400. Filtered so far: 0
2026-09-16 18:39:13,056 - INFO - Processed offset 9600. Filtered so far: 0
2026-09-16 18:39:13,630 - INFO - Processed offset 9800. Filtered so far: 0
2026-09-16 18:39:14,280 - INFO - Processed offset 10000. Filtered so far: 0
2026-09-16 18:39:14,896 - INFO - Processed offset 10200. Filtered so far: 0
2026-09-16 18:39:15,730 - INFO - Processed offset 10400. Filtered so far: 0
2026-09-16 18:39:16,434 - INFO - Processed offset 10600. Filtered so far: 0
2026-09-16 18:39:17,102 - INFO - Processed offset 10800. Filtered so far: 0
2026-09-16 18:39:17,749 - INFO - Processed offset 11000. Filtered so far: 0
2026-09-16 18:39:18,318 - INFO - Processed offset 11200. Filtered so far: 0
2026-09-16 18:39:18,989 - INFO - Processed offset 11400. Filtered so far: 0
2026-09-16 18:39:19,705 - INFO - Processed offset 11600. Filtered so far: 0
2026-09-16 18:39:20,301 - INFO - Processed offset 11800. Filtered so far: 0
2026-09-16 18:39:20,943 - INFO - Processed offset 12000. Filtered so far: 0
2026-09-16 18:39:21,552 - INFO - Processed offset 12200. Filtered so far: 0
2026-09-16 18:39:22,085 - INFO - Processed offset 12400. Filtered so far: 0
2026-09-16 18:39:22,779 - INFO - Processed offset 12600. Filtered so far: 0
2026-09-16 18:39:23,400 - INFO - Processed offset 12800. Filtered so far: 0
2026-09-16 18:39:24,007 - INFO - Processed offset 13000. Filtered so far: 0
2026-09-16 18:39:24,599 - INFO - Processed offset 13200. Filtered so far: 0
2026-09-16 18:39:25,137 - INFO - Processed offset 13400. Filtered so far: 0
2026-09-16 18:39:25,859 - INFO - Processed offset 13600. Filtered so far: 0
2026-09-16 18:39:26,401 - INFO - Processed offset 13800. Filtered so far: 0
2026-09-16 18:39:27,090 - INFO - Processed offset 14000. Filtered so far: 0
2026-09-16 18:39:27,693 - INFO - Processed offset 14200. Filtered so far: 0
2026-09-16 18:39:28,314 - INFO - Processed offset 14400. Filtered so far: 0
2026-09-16 18:39:28,753 - INFO - Processed offset 14600. Filtered so far: 0
2026-09-16 18:39:29,434 - INFO - Processed offset 14800. Filtered so far: 0
2026-09-16 18:39:30,257 - INFO - Processed offset 15000. Filtered so far: 0
2026-09-16 18:39:30,764 - INFO - Processed offset 15200. Filtered so far: 0
2026-09-16 18:39:31,382 - INFO - Processed offset 15400. Filtered so far: 0
2026-09-16 18:39:32,013 - INFO - Processed offset 15600. Filtered so far: 0
2026-09-16 18:39:32,616 - INFO - Processed offset 15800. Filtered so far: 0
2026-09-16 18:39:33,221 - INFO - Processed offset 16000. Filtered so far: 0
2026-09-16 18:39:33,790 - INFO - Processed offset 16200. Filtered so far: 0
2026-09-16 18:39:34,491 - INFO - Processed offset 16400. Filtered so far: 0
2026-09-16 18:39:35,168 - INFO - Processed offset 16600. Filtered so far: 0
2026-09-16 18:39:35,785 - INFO - Processed offset 16800. Filtered so far: 0
2026-09-16 18:39:36,627 - INFO - Processed offset 17000. Filtered so far: 0
2026-09-16 18:39:37,320 - INFO - Processed offset 17200. Filtered so far: 0
2026-09-16 18:39:37,967 - INFO - Processed offset 17400. Filtered so far: 0
2026-09-16 18:39:38,662 - INFO - Processed offset 17600. Filtered so far: 0
2026-09-16 18:39:39,199 - INFO - Processed offset 17800. Filtered so far: 0
2026-09-16 18:39:39,775 - INFO - Processed offset 18000. Filtered so far: 0
2026-09-16 18:39:40,527 - INFO - Processed offset 18200. Filtered so far: 0
2026-09-16 18:39:41,088 - INFO - Processed offset 18400. Filtered so far: 0
2026-09-16 18:39:41,728 - INFO - Processed offset 18600. Filtered so far: 0
2026-09-16 18:39:42,439 - INFO - Processed offset 18800. Filtered so far: 0
2026-09-16 18:39:42,955 - INFO - Processed offset 19000. Filtered so far: 0
2026-09-16 18:39:43,582 - INFO - Processed offset 19200. Filtered so far: 0
2026-09-16 18:39:44,177 - INFO - Processed offset 19400. Filtered so far: 0
2026-09-16 18:39:44,794 - INFO - Processed offset 19600. Filtered so far: 0
2026-09-16 18:39:45,411 - INFO - Processed offset 19800. Filtered so far: 0
2026-09-16 18:39:46,038 - INFO - Processed offset 20000. Filtered so far: 0
2026-09-16 18:39:46,645 - INFO - Processed offset 20200. Filtered so far: 0
2026-09-16 18:39:47,257 - INFO - Processed offset 20400. Filtered so far: 0
2026-09-16 18:39:48,028 - INFO - Processed offset 20600. Filtered so far: 0
2026-09-16 18:39:48,796 - INFO - Processed offset 20800. Filtered so far: 0
2026-09-16 18:39:49,437 - INFO - Processed offset 21000. Filtered so far: 0
2026-09-16 18:39:50,122 - INFO - Processed offset 21200. Filtered so far: 0
2026-09-16 18:39:50,930 - INFO - Processed offset 21400. Filtered so far: 0
2026-09-16 18:39:51,836 - INFO - Processed offset 21600. Filtered so far: 0
2026-09-16 18:39:52,581 - INFO - Processed offset 21800. Filtered so far: 0
2026-09-16 18:39:53,243 - INFO - Processed offset 22000. Filtered so far: 0
2026-09-16 18:39:53,889 - INFO - Processed offset 22200. Filtered so far: 0
2026-09-16 18:39:54,533 - INFO - Processed offset 22400. Filtered so far: 0
2026-09-16 18:39:55,141 - INFO - Processed offset 22600. Filtered so far: 0
2026-09-16 18:39:55,752 - INFO - Processed offset 22800. Filtered so far: 0
2026-09-16 18:39:56,372 - INFO - Processed offset 23000. Filtered so far: 0
2026-09-16 18:39:57,084 - INFO - Processed offset 23200. Filtered so far: 0
2026-09-16 18:39:57,799 - INFO - Processed offset 23400. Filtered so far: 0
2026-09-16 18:39:58,409 - INFO - Processed offset 23600. Filtered so far: 0
2026-09-16 18:39:58,974 - INFO - Processed offset 23800. Filtered so far: 0
2026-09-16 18:39:59,656 - INFO - Processed offset 24000. Filtered so far: 0
2026-09-16 18:40:00,462 - INFO - Processed offset 24200. Filtered so far: 0
2026-09-16 18:40:01,163 - INFO - Processed offset 24400. Filtered so far: 0
2026-09-16 18:40:05,181 - INFO - Processed offset 24600. Filtered so far: 36
2026-09-16 18:40:07,325 - INFO - Processed offset 24800. Filtered so far: 85
2026-09-16 18:40:08,668 - INFO - Processed offset 25000. Filtered so far: 96
2026-09-16 18:40:09,547 - INFO - Processed offset 25200. Filtered so far: 105
2026-09-16 18:40:15,411 - INFO - Processed offset 25400. Filtered so far: 118
2026-09-16 18:40:16,947 - INFO - Processed offset 25600. Filtered so far: 135
2026-09-16 18:40:17,732 - INFO - Processed offset 25800. Filtered so far: 152
2026-09-16 18:40:18,283 - INFO - Processed offset 26000. Filtered so far: 167
2026-09-16 18:40:18,894 - INFO - Processed offset 26200. Filtered so far: 177
2026-09-16 18:40:19,715 - INFO - Processed offset 26400. Filtered so far: 204
2026-09-16 18:40:20,634 - INFO - Processed offset 26600. Filtered so far: 246
2026-09-16 18:40:21,177 - INFO - Reached records older than start_time. Stopping.
2026-09-16 18:40:21,178 - INFO - Retrieval complete. 294 records for 7 target devices.
2026-09-16 18:40:21,179 - INFO - Status breakdown: {'COMPLETED': 266, 'RUN_ABORTED': 13, 'RUN_FAILED': 10, 'DEPLOY_FAILED': 5}
2026-09-16 18:40:21,179 - INFO - Device breakdown: {'gcp10wbtrpap05': 100, 'DT-1001-G62J7W3': 72, 'gcp10wbtrpap02': 19, 'gcp10wbtrpap03': 31, 'DT-1001-7B3NM24': 61, 'gcp10wbtrpap01': 10, 'gcp10wbtrpap04': 1}
2026-09-16 18:40:21,230 - INFO - Excel saved: D:\Adani_projects\RPA-UI-Dashboard\backend\uploads\aa_sync\Adani_Daily_Bot_Status_2026-09-16_13-10-21.xlsx  (294 rows)
2026-09-16 18:40:21,256 - INFO - JSON archive saved: D:\Adani_projects\RPA-UI-Dashboard\backend\uploads\aa_sync\json\aa_raw_2026-09-16_13-10-21.json
2026-09-16 18:40:21,257 - INFO - ============================================================
2026-09-16 18:40:21,257 - INFO - Automation Anywhere Sync -- Complete
2026-09-16 18:40:21,257 - INFO - Records: 294  |  Excel: D:\Adani_projects\RPA-UI-Dashboard\backend\uploads\aa_sync\Adani_Daily_Bot_Status_2026-09-16_13-10-21.xlsx
2026-09-16 18:40:21,257 - INFO - SharePoint: skipped
2026-09-16 18:40:21,257 - INFO - ============================================================
2026-09-16 18:40:22,405 - INFO - ============================================================
2026-09-16 18:40:22,405 - INFO - Automation Anywhere Sync -- Starting
2026-09-16 18:40:22,405 - INFO - Time window: 2026-09-05T00:00:00Z -> 2026-09-05T23:59:59Z
2026-09-16 18:40:22,405 - INFO - ============================================================
2026-09-16 18:40:22,406 - INFO - Authenticating with Automation Anywhere Control Room...
2026-09-16 18:40:24,095 - INFO - Authentication successful.
2026-09-16 18:40:24,097 - INFO - Fetching activities from 2026-09-05T00:00:00Z to 2026-09-05T23:59:59Z
2026-09-16 18:40:24,838 - INFO - Total API records in time window: 223786
2026-09-16 18:40:24,838 - INFO - Processed offset 0. Filtered so far: 0
2026-09-16 18:40:25,549 - INFO - Processed offset 200. Filtered so far: 0
2026-09-16 18:40:26,366 - INFO - Processed offset 400. Filtered so far: 0
2026-09-16 18:40:26,943 - INFO - Processed offset 600. Filtered so far: 0
2026-09-16 18:40:28,233 - INFO - Processed offset 800. Filtered so far: 0
2026-09-16 18:40:28,931 - INFO - Processed offset 1000. Filtered so far: 0
2026-09-16 18:40:29,751 - INFO - Processed offset 1200. Filtered so far: 0
2026-09-16 18:40:30,262 - INFO - Processed offset 1400. Filtered so far: 0
2026-09-16 18:40:30,984 - INFO - Processed offset 1600. Filtered so far: 0
2026-09-16 18:40:31,600 - INFO - Processed offset 1800. Filtered so far: 0
2026-09-16 18:40:32,107 - INFO - Processed offset 2000. Filtered so far: 0
2026-09-16 18:40:32,924 - INFO - Processed offset 2200. Filtered so far: 0
2026-09-16 18:40:33,434 - INFO - Processed offset 2400. Filtered so far: 0
2026-09-16 18:40:34,153 - INFO - Processed offset 2600. Filtered so far: 0
2026-09-16 18:40:34,680 - INFO - Processed offset 2800. Filtered so far: 0
2026-09-16 18:40:35,236 - INFO - Processed offset 3000. Filtered so far: 0
2026-09-16 18:40:35,780 - INFO - Processed offset 3200. Filtered so far: 0
2026-09-16 18:40:36,443 - INFO - Processed offset 3400. Filtered so far: 0
2026-09-16 18:40:36,917 - INFO - Processed offset 3600. Filtered so far: 0
2026-09-16 18:40:37,622 - INFO - Processed offset 3800. Filtered so far: 0
2026-09-16 18:40:38,250 - INFO - Processed offset 4000. Filtered so far: 0
2026-09-16 18:40:38,809 - INFO - Processed offset 4200. Filtered so far: 0
2026-09-16 18:40:39,424 - INFO - Processed offset 4400. Filtered so far: 0
2026-09-16 18:40:40,093 - INFO - Processed offset 4600. Filtered so far: 0
2026-09-16 18:40:40,810 - INFO - Processed offset 4800. Filtered so far: 0
2026-09-16 18:40:41,532 - INFO - Processed offset 5000. Filtered so far: 0
2026-09-16 18:40:42,120 - INFO - Processed offset 5200. Filtered so far: 0
2026-09-16 18:40:42,665 - INFO - Processed offset 5400. Filtered so far: 0
2026-09-16 18:40:43,240 - INFO - Processed offset 5600. Filtered so far: 0
2026-09-16 18:40:43,983 - INFO - Processed offset 5800. Filtered so far: 0
2026-09-16 18:40:44,762 - INFO - Processed offset 6000. Filtered so far: 0
2026-09-16 18:40:45,636 - INFO - Processed offset 6200. Filtered so far: 0
2026-09-16 18:40:46,240 - INFO - Processed offset 6400. Filtered so far: 0
2026-09-16 18:40:46,953 - INFO - Processed offset 6600. Filtered so far: 0
2026-09-16 18:40:47,670 - INFO - Processed offset 6800. Filtered so far: 0
2026-09-16 18:40:48,391 - INFO - Processed offset 7000. Filtered so far: 0
2026-09-16 18:40:49,004 - INFO - Processed offset 7200. Filtered so far: 0
2026-09-16 18:40:49,627 - INFO - Processed offset 7400. Filtered so far: 0
2026-09-16 18:40:50,143 - INFO - Processed offset 7600. Filtered so far: 0
2026-09-16 18:40:50,741 - INFO - Processed offset 7800. Filtered so far: 0
2026-09-16 18:40:51,333 - INFO - Processed offset 8000. Filtered so far: 0
2026-09-16 18:40:51,976 - INFO - Processed offset 8200. Filtered so far: 0
2026-09-16 18:40:52,620 - INFO - Processed offset 8400. Filtered so far: 0
2026-09-16 18:40:53,199 - INFO - Processed offset 8600. Filtered so far: 0
2026-09-16 18:40:53,814 - INFO - Processed offset 8800. Filtered so far: 0
2026-09-16 18:40:54,539 - INFO - Processed offset 9000. Filtered so far: 0
2026-09-16 18:40:55,147 - INFO - Processed offset 9200. Filtered so far: 0
2026-09-16 18:40:55,741 - INFO - Processed offset 9400. Filtered so far: 0
2026-09-16 18:40:56,382 - INFO - Processed offset 9600. Filtered so far: 0
2026-09-16 18:40:56,967 - INFO - Processed offset 9800. Filtered so far: 0
2026-09-16 18:40:57,704 - INFO - Processed offset 10000. Filtered so far: 0
2026-09-16 18:40:58,361 - INFO - Processed offset 10200. Filtered so far: 0
2026-09-16 18:40:58,945 - INFO - Processed offset 10400. Filtered so far: 0
2026-09-16 18:40:59,655 - INFO - Processed offset 10600. Filtered so far: 0
2026-09-16 18:41:00,366 - INFO - Processed offset 10800. Filtered so far: 0
2026-09-16 18:41:00,983 - INFO - Processed offset 11000. Filtered so far: 0
2026-09-16 18:41:01,904 - INFO - Processed offset 11200. Filtered so far: 0
2026-09-16 18:41:03,362 - INFO - Processed offset 11400. Filtered so far: 0
2026-09-16 18:41:04,060 - INFO - Processed offset 11600. Filtered so far: 0
2026-09-16 18:41:04,668 - INFO - Processed offset 11800. Filtered so far: 0
2026-09-16 18:41:05,305 - INFO - Processed offset 12000. Filtered so far: 0
2026-09-16 18:41:05,946 - INFO - Processed offset 12200. Filtered so far: 0
2026-09-16 18:41:06,618 - INFO - Processed offset 12400. Filtered so far: 0
2026-09-16 18:41:07,229 - INFO - Processed offset 12600. Filtered so far: 0
2026-09-16 18:41:07,909 - INFO - Processed offset 12800. Filtered so far: 0
2026-09-16 18:41:08,559 - INFO - Processed offset 13000. Filtered so far: 0
2026-09-16 18:41:09,300 - INFO - Processed offset 13200. Filtered so far: 0
2026-09-16 18:41:09,913 - INFO - Processed offset 13400. Filtered so far: 0
2026-09-16 18:41:10,537 - INFO - Processed offset 13600. Filtered so far: 0
2026-09-16 18:41:11,220 - INFO - Processed offset 13800. Filtered so far: 0
2026-09-16 18:41:11,938 - INFO - Processed offset 14000. Filtered so far: 0
2026-09-16 18:41:12,554 - INFO - Processed offset 14200. Filtered so far: 0
2026-09-16 18:41:13,070 - INFO - Processed offset 14400. Filtered so far: 0
2026-09-16 18:41:13,779 - INFO - Processed offset 14600. Filtered so far: 0
2026-09-16 18:41:14,403 - INFO - Processed offset 14800. Filtered so far: 0
2026-09-16 18:41:15,115 - INFO - Processed offset 15000. Filtered so far: 0
2026-09-16 18:41:15,914 - INFO - Processed offset 15200. Filtered so far: 0
2026-09-16 18:41:16,559 - INFO - Processed offset 15400. Filtered so far: 0
2026-09-16 18:41:17,267 - INFO - Processed offset 15600. Filtered so far: 0
2026-09-16 18:41:17,966 - INFO - Processed offset 15800. Filtered so far: 0
2026-09-16 18:41:18,699 - INFO - Processed offset 16000. Filtered so far: 0
2026-09-16 18:41:19,424 - INFO - Processed offset 16200. Filtered so far: 0
2026-09-16 18:41:19,893 - INFO - Processed offset 16400. Filtered so far: 0
2026-09-16 18:41:20,636 - INFO - Processed offset 16600. Filtered so far: 0
2026-09-16 18:41:21,258 - INFO - Processed offset 16800. Filtered so far: 0
2026-09-16 18:41:21,980 - INFO - Processed offset 17000. Filtered so far: 0
2026-09-16 18:41:22,597 - INFO - Processed offset 17200. Filtered so far: 0
2026-09-16 18:41:23,232 - INFO - Processed offset 17400. Filtered so far: 0
2026-09-16 18:41:23,821 - INFO - Processed offset 17600. Filtered so far: 0
2026-09-16 18:41:24,321 - INFO - Processed offset 17800. Filtered so far: 0
2026-09-16 18:41:24,813 - INFO - Processed offset 18000. Filtered so far: 0
2026-09-16 18:41:25,559 - INFO - Processed offset 18200. Filtered so far: 0
2026-09-16 18:41:26,185 - INFO - Processed offset 18400. Filtered so far: 0
2026-09-16 18:41:26,791 - INFO - Processed offset 18600. Filtered so far: 0
2026-09-16 18:41:27,503 - INFO - Processed offset 18800. Filtered so far: 0
2026-09-16 18:41:28,230 - INFO - Processed offset 19000. Filtered so far: 0
2026-09-16 18:41:28,873 - INFO - Processed offset 19200. Filtered so far: 0
2026-09-16 18:41:29,657 - INFO - Processed offset 19400. Filtered so far: 0
2026-09-16 18:41:30,234 - INFO - Processed offset 19600. Filtered so far: 0
2026-09-16 18:41:31,006 - INFO - Processed offset 19800. Filtered so far: 0
2026-09-16 18:41:31,703 - INFO - Processed offset 20000. Filtered so far: 0
2026-09-16 18:41:32,327 - INFO - Processed offset 20200. Filtered so far: 0
2026-09-16 18:41:33,035 - INFO - Processed offset 20400. Filtered so far: 0
2026-09-16 18:41:33,655 - INFO - Processed offset 20600. Filtered so far: 0
2026-09-16 18:41:34,365 - INFO - Processed offset 20800. Filtered so far: 0
2026-09-16 18:41:34,987 - INFO - Processed offset 21000. Filtered so far: 0
2026-09-16 18:41:35,760 - INFO - Processed offset 21200. Filtered so far: 0
2026-09-16 18:41:36,415 - INFO - Processed offset 21400. Filtered so far: 0
2026-09-16 18:41:37,131 - INFO - Processed offset 21600. Filtered so far: 0
2026-09-16 18:41:37,645 - INFO - Processed offset 21800. Filtered so far: 0
2026-09-16 18:41:38,153 - INFO - Processed offset 22000. Filtered so far: 0
2026-09-16 18:41:38,831 - INFO - Processed offset 22200. Filtered so far: 9
2026-09-16 18:41:39,510 - INFO - Processed offset 22400. Filtered so far: 140
2026-09-16 18:41:40,101 - INFO - Processed offset 22600. Filtered so far: 174
2026-09-16 18:41:40,616 - INFO - Processed offset 22800. Filtered so far: 246
2026-09-16 18:41:41,387 - INFO - Processed offset 23000. Filtered so far: 266
2026-09-16 18:41:42,038 - INFO - Processed offset 23200. Filtered so far: 278
2026-09-16 18:41:42,761 - INFO - Processed offset 23400. Filtered so far: 295
2026-09-16 18:41:43,281 - INFO - Processed offset 23600. Filtered so far: 324
2026-09-16 18:41:43,788 - INFO - Processed offset 23800. Filtered so far: 347
2026-09-16 18:41:44,605 - INFO - Processed offset 24000. Filtered so far: 375
2026-09-16 18:41:45,327 - INFO - Processed offset 24200. Filtered so far: 429
2026-09-16 18:41:45,949 - INFO - Processed offset 24400. Filtered so far: 552
2026-09-16 18:41:46,560 - INFO - Reached records older than start_time. Stopping.
2026-09-16 18:41:46,560 - INFO - Retrieval complete. 576 records for 7 target devices.
2026-09-16 18:41:46,562 - INFO - Status breakdown: {'COMPLETED': 551, 'RUN_FAILED': 15, 'RUN_ABORTED': 8, 'DEPLOY_FAILED': 2}
2026-09-16 18:41:46,562 - INFO - Device breakdown: {'gcp10wbtrpap04': 69, 'gcp10wbtrpap05': 100, 'gcp10wbtrpap02': 15, 'gcp10wbtrpap03': 32, 'gcp10wbtrpap01': 23, 'DT-1001-G62J7W3': 216, 'DT-1001-7B3NM24': 121}
2026-09-16 18:41:46,642 - INFO - Excel saved: D:\Adani_projects\RPA-UI-Dashboard\backend\uploads\aa_sync\Adani_Daily_Bot_Status_2026-09-16_13-11-46.xlsx  (576 rows)
2026-09-16 18:41:46,698 - INFO - JSON archive saved: D:\Adani_projects\RPA-UI-Dashboard\backend\uploads\aa_sync\json\aa_raw_2026-09-16_13-11-46.json
2026-09-16 18:41:46,698 - INFO - ============================================================
2026-09-16 18:41:46,698 - INFO - Automation Anywhere Sync -- Complete
2026-09-16 18:41:46,698 - INFO - Records: 576  |  Excel: D:\Adani_projects\RPA-UI-Dashboard\backend\uploads\aa_sync\Adani_Daily_Bot_Status_2026-09-16_13-11-46.xlsx
2026-09-16 18:41:46,699 - INFO - SharePoint: skipped
2026-09-16 18:41:46,699 - INFO - ============================================================
2026-09-16 18:41:48,947 - INFO - ============================================================
2026-09-16 18:41:48,947 - INFO - Automation Anywhere Sync -- Starting
2026-09-16 18:41:48,948 - INFO - Time window: 2026-09-06T00:00:00Z -> 2026-09-06T23:59:59Z
2026-09-16 18:41:48,948 - INFO - ============================================================
2026-09-16 18:41:48,948 - INFO - Authenticating with Automation Anywhere Control Room...
2026-09-16 18:41:50,535 - INFO - Authentication successful.
2026-09-16 18:41:50,537 - INFO - Fetching activities from 2026-09-06T00:00:00Z to 2026-09-06T23:59:59Z
2026-09-16 18:41:51,263 - INFO - Total API records in time window: 223787
2026-09-16 18:41:51,263 - INFO - Processed offset 0. Filtered so far: 0
2026-09-16 18:41:51,886 - INFO - Processed offset 200. Filtered so far: 0
2026-09-16 18:41:52,642 - INFO - Processed offset 400. Filtered so far: 0
2026-09-16 18:41:53,379 - INFO - Processed offset 600. Filtered so far: 0
2026-09-16 18:41:54,030 - INFO - Processed offset 800. Filtered so far: 0
2026-09-16 18:41:54,718 - INFO - Processed offset 1000. Filtered so far: 0
2026-09-16 18:41:55,563 - INFO - Processed offset 1200. Filtered so far: 0
2026-09-16 18:41:56,285 - INFO - Processed offset 1400. Filtered so far: 0
2026-09-16 18:41:56,887 - INFO - Processed offset 1600. Filtered so far: 0
2026-09-16 18:41:57,701 - INFO - Processed offset 1800. Filtered so far: 0
2026-09-16 18:41:58,479 - INFO - Processed offset 2000. Filtered so far: 0
2026-09-16 18:41:59,144 - INFO - Processed offset 2200. Filtered so far: 0
2026-09-16 18:41:59,658 - INFO - Processed offset 2400. Filtered so far: 0
2026-09-16 18:42:00,277 - INFO - Processed offset 2600. Filtered so far: 0
2026-09-16 18:42:00,928 - INFO - Processed offset 2800. Filtered so far: 0
2026-09-16 18:42:02,427 - INFO - Processed offset 3000. Filtered so far: 0
2026-09-16 18:42:03,484 - INFO - Processed offset 3200. Filtered so far: 0
2026-09-16 18:42:04,587 - INFO - Processed offset 3400. Filtered so far: 0
2026-09-16 18:42:05,497 - INFO - Processed offset 3600. Filtered so far: 0
2026-09-16 18:42:06,013 - INFO - Processed offset 3800. Filtered so far: 0
2026-09-16 18:42:06,576 - INFO - Processed offset 4000. Filtered so far: 0
2026-09-16 18:42:07,342 - INFO - Processed offset 4200. Filtered so far: 0
2026-09-16 18:42:08,055 - INFO - Processed offset 4400. Filtered so far: 0
2026-09-16 18:42:08,672 - INFO - Processed offset 4600. Filtered so far: 0
2026-09-16 18:42:09,180 - INFO - Processed offset 4800. Filtered so far: 0
2026-09-16 18:42:09,944 - INFO - Processed offset 5000. Filtered so far: 0
2026-09-16 18:42:10,660 - INFO - Processed offset 5200. Filtered so far: 0
2026-09-16 18:42:13,798 - INFO - Processed offset 5400. Filtered so far: 0
2026-09-16 18:42:15,990 - INFO - Processed offset 5600. Filtered so far: 0
2026-09-16 18:42:16,811 - INFO - Processed offset 5800. Filtered so far: 0
2026-09-16 18:42:17,480 - INFO - Processed offset 6000. Filtered so far: 0
2026-09-16 18:42:18,201 - INFO - Processed offset 6200. Filtered so far: 0
2026-09-16 18:42:18,791 - INFO - Processed offset 6400. Filtered so far: 0
2026-09-16 18:42:19,431 - INFO - Processed offset 6600. Filtered so far: 0
2026-09-16 18:42:20,144 - INFO - Processed offset 6800. Filtered so far: 0
2026-09-16 18:42:21,097 - INFO - Processed offset 7000. Filtered so far: 0
2026-09-16 18:42:23,214 - INFO - Processed offset 7200. Filtered so far: 0
2026-09-16 18:42:24,040 - INFO - Processed offset 7400. Filtered so far: 0
2026-09-16 18:42:25,156 - INFO - Processed offset 7600. Filtered so far: 0
2026-09-16 18:42:25,670 - INFO - Processed offset 7800. Filtered so far: 0
2026-09-16 18:42:26,384 - INFO - Processed offset 8000. Filtered so far: 0
2026-09-16 18:42:27,116 - INFO - Processed offset 8200. Filtered so far: 0
2026-09-16 18:42:27,912 - INFO - Processed offset 8400. Filtered so far: 0
2026-09-16 18:42:28,641 - INFO - Processed offset 8600. Filtered so far: 0
2026-09-16 18:42:29,129 - INFO - Processed offset 8800. Filtered so far: 0
2026-09-16 18:42:29,763 - INFO - Processed offset 9000. Filtered so far: 0
2026-09-16 18:42:30,405 - INFO - Processed offset 9200. Filtered so far: 0
2026-09-16 18:42:30,995 - INFO - Processed offset 9400. Filtered so far: 0
2026-09-16 18:42:31,649 - INFO - Processed offset 9600. Filtered so far: 0
2026-09-16 18:42:32,219 - INFO - Processed offset 9800. Filtered so far: 0
2026-09-16 18:42:32,859 - INFO - Processed offset 10000. Filtered so far: 0
2026-09-16 18:42:33,503 - INFO - Processed offset 10200. Filtered so far: 0
2026-09-16 18:42:34,167 - INFO - Processed offset 10400. Filtered so far: 0
2026-09-16 18:42:34,784 - INFO - Processed offset 10600. Filtered so far: 0
2026-09-16 18:42:35,498 - INFO - Processed offset 10800. Filtered so far: 0
2026-09-16 18:42:36,111 - INFO - Processed offset 11000. Filtered so far: 0
2026-09-16 18:42:36,831 - INFO - Processed offset 11200. Filtered so far: 0
2026-09-16 18:42:37,560 - INFO - Processed offset 11400. Filtered so far: 0
2026-09-16 18:42:38,159 - INFO - Processed offset 11600. Filtered so far: 0
2026-09-16 18:42:38,676 - INFO - Processed offset 11800. Filtered so far: 0
2026-09-16 18:42:39,291 - INFO - Processed offset 12000. Filtered so far: 0
2026-09-16 18:42:39,859 - INFO - Processed offset 12200. Filtered so far: 0
2026-09-16 18:42:40,522 - INFO - Processed offset 12400. Filtered so far: 0
2026-09-16 18:42:41,134 - INFO - Processed offset 12600. Filtered so far: 0
2026-09-16 18:42:41,852 - INFO - Processed offset 12800. Filtered so far: 0
2026-09-16 18:42:42,372 - INFO - Processed offset 13000. Filtered so far: 0
2026-09-16 18:42:43,000 - INFO - Processed offset 13200. Filtered so far: 0
2026-09-16 18:42:43,694 - INFO - Processed offset 13400. Filtered so far: 0
2026-09-16 18:42:44,307 - INFO - Processed offset 13600. Filtered so far: 0
2026-09-16 18:42:44,816 - INFO - Processed offset 13800. Filtered so far: 0
2026-09-16 18:42:45,535 - INFO - Processed offset 14000. Filtered so far: 0
2026-09-16 18:42:46,173 - INFO - Processed offset 14200. Filtered so far: 0
2026-09-16 18:42:46,867 - INFO - Processed offset 14400. Filtered so far: 0
2026-09-16 18:42:47,479 - INFO - Processed offset 14600. Filtered so far: 0
2026-09-16 18:42:48,010 - INFO - Processed offset 14800. Filtered so far: 0
2026-09-16 18:42:48,614 - INFO - Processed offset 15000. Filtered so far: 0
2026-09-16 18:42:49,121 - INFO - Processed offset 15200. Filtered so far: 0
2026-09-16 18:42:49,642 - INFO - Processed offset 15400. Filtered so far: 0
2026-09-16 18:42:50,257 - INFO - Processed offset 15600. Filtered so far: 0
2026-09-16 18:42:51,475 - INFO - Processed offset 15800. Filtered so far: 0
2026-09-16 18:42:52,616 - INFO - Processed offset 16000. Filtered so far: 0
2026-09-16 18:42:53,946 - INFO - Processed offset 16200. Filtered so far: 0
2026-09-16 18:42:55,015 - INFO - Processed offset 16400. Filtered so far: 0
2026-09-16 18:42:56,202 - INFO - Processed offset 16600. Filtered so far: 0
2026-09-16 18:42:57,295 - INFO - Processed offset 16800. Filtered so far: 0
2026-09-16 18:42:58,442 - INFO - Processed offset 17000. Filtered so far: 0
2026-09-16 18:42:59,761 - INFO - Processed offset 17200. Filtered so far: 0
2026-09-16 18:43:00,992 - INFO - Processed offset 17400. Filtered so far: 0
2026-09-16 18:43:02,292 - INFO - Processed offset 17600. Filtered so far: 0
2026-09-16 18:43:04,186 - INFO - Processed offset 17800. Filtered so far: 0
2026-09-16 18:43:05,449 - INFO - Processed offset 18000. Filtered so far: 0
2026-09-16 18:43:06,643 - INFO - Processed offset 18200. Filtered so far: 0
2026-09-16 18:43:07,811 - INFO - Processed offset 18400. Filtered so far: 0
2026-09-16 18:43:08,975 - INFO - Processed offset 18600. Filtered so far: 0
2026-09-16 18:43:10,333 - INFO - Processed offset 18800. Filtered so far: 0
2026-09-16 18:43:11,550 - INFO - Processed offset 19000. Filtered so far: 0
2026-09-16 18:43:12,711 - INFO - Processed offset 19200. Filtered so far: 0
2026-09-16 18:43:13,985 - INFO - Processed offset 19400. Filtered so far: 0
2026-09-16 18:43:15,090 - INFO - Processed offset 19600. Filtered so far: 0
2026-09-16 18:43:16,370 - INFO - Processed offset 19800. Filtered so far: 0
2026-09-16 18:43:17,633 - INFO - Processed offset 20000. Filtered so far: 0
2026-09-16 18:43:18,760 - INFO - Processed offset 20200. Filtered so far: 0
2026-09-16 18:43:19,897 - INFO - Processed offset 20400. Filtered so far: 0
2026-09-16 18:43:21,000 - INFO - Processed offset 20600. Filtered so far: 0
2026-09-16 18:43:22,206 - INFO - Processed offset 20800. Filtered so far: 77
2026-09-16 18:43:23,336 - INFO - Processed offset 21000. Filtered so far: 174
2026-09-16 18:43:24,576 - INFO - Processed offset 21200. Filtered so far: 194
2026-09-16 18:43:25,886 - INFO - Processed offset 21400. Filtered so far: 272
2026-09-16 18:43:26,950 - INFO - Processed offset 21600. Filtered so far: 322
2026-09-16 18:43:27,918 - INFO - Processed offset 21800. Filtered so far: 366
2026-09-16 18:43:28,741 - INFO - Processed offset 22000. Filtered so far: 400
2026-09-16 18:43:29,924 - INFO - Reached records older than start_time. Stopping.
2026-09-16 18:43:29,924 - INFO - Retrieval complete. 463 records for 7 target devices.
2026-09-16 18:43:29,928 - INFO - Status breakdown: {'COMPLETED': 447, 'DEPLOY_FAILED': 2, 'RUN_ABORTED': 4, 'RUN_FAILED': 10}
2026-09-16 18:43:29,928 - INFO - Device breakdown: {'gcp10wbtrpap04': 87, 'gcp10wbtrpap05': 105, 'gcp10wbtrpap02': 11, 'gcp10wbtrpap03': 30, 'gcp10wbtrpap01': 14, 'DT-1001-G62J7W3': 62, 'DT-1001-7B3NM24': 154}
2026-09-16 18:43:30,074 - INFO - Excel saved: D:\Adani_projects\RPA-UI-Dashboard\backend\uploads\aa_sync\Adani_Daily_Bot_Status_2026-09-16_13-13-29.xlsx  (463 rows)
2026-09-16 18:43:30,150 - INFO - JSON archive saved: D:\Adani_projects\RPA-UI-Dashboard\backend\uploads\aa_sync\json\aa_raw_2026-09-16_13-13-30.json
2026-09-16 18:43:30,151 - INFO - ============================================================
2026-09-16 18:43:30,151 - INFO - Automation Anywhere Sync -- Complete
2026-09-16 18:43:30,151 - INFO - Records: 463  |  Excel: D:\Adani_projects\RPA-UI-Dashboard\backend\uploads\aa_sync\Adani_Daily_Bot_Status_2026-09-16_13-13-29.xlsx
2026-09-16 18:43:30,151 - INFO - SharePoint: skipped
2026-09-16 18:43:30,152 - INFO - ============================================================
2026-09-16 18:43:35,244 - INFO - ============================================================
2026-09-16 18:43:35,244 - INFO - Automation Anywhere Sync -- Starting
2026-09-16 18:43:35,244 - INFO - Time window: 2026-09-07T00:00:00Z -> 2026-09-07T23:59:59Z
2026-09-16 18:43:35,251 - INFO - ============================================================
2026-09-16 18:43:35,254 - INFO - Authenticating with Automation Anywhere Control Room...
2026-09-16 18:43:37,360 - INFO - Authentication successful.
2026-09-16 18:43:37,364 - INFO - Fetching activities from 2026-09-07T00:00:00Z to 2026-09-07T23:59:59Z
2026-09-16 18:43:38,435 - INFO - Total API records in time window: 223788
2026-09-16 18:43:38,435 - INFO - Processed offset 0. Filtered so far: 0
2026-09-16 18:43:39,505 - INFO - Processed offset 200. Filtered so far: 0
2026-09-16 18:43:40,567 - INFO - Processed offset 400. Filtered so far: 0
2026-09-16 18:43:41,521 - INFO - Processed offset 600. Filtered so far: 0
2026-09-16 18:43:42,539 - INFO - Processed offset 800. Filtered so far: 0
2026-09-16 18:43:43,714 - INFO - Processed offset 1000. Filtered so far: 0
2026-09-16 18:43:44,860 - INFO - Processed offset 1200. Filtered so far: 0
2026-09-16 18:43:46,069 - INFO - Processed offset 1400. Filtered so far: 0
2026-09-16 18:43:46,986 - INFO - Processed offset 1600. Filtered so far: 0
2026-09-16 18:43:47,915 - INFO - Processed offset 1800. Filtered so far: 0
2026-09-16 18:43:48,592 - INFO - Processed offset 2000. Filtered so far: 0
2026-09-16 18:43:49,144 - INFO - Processed offset 2200. Filtered so far: 0
2026-09-16 18:43:49,954 - INFO - Processed offset 2400. Filtered so far: 0
2026-09-16 18:43:51,133 - INFO - Processed offset 2600. Filtered so far: 0
2026-09-16 18:43:52,362 - INFO - Processed offset 2800. Filtered so far: 0
2026-09-16 18:43:53,644 - INFO - Processed offset 3000. Filtered so far: 0
2026-09-16 18:43:54,829 - INFO - Processed offset 3200. Filtered so far: 0
2026-09-16 18:43:56,200 - INFO - Processed offset 3400. Filtered so far: 0
2026-09-16 18:43:57,536 - INFO - Processed offset 3600. Filtered so far: 0
2026-09-16 18:43:58,771 - INFO - Processed offset 3800. Filtered so far: 0
2026-09-16 18:44:00,092 - INFO - Processed offset 4000. Filtered so far: 0
2026-09-16 18:44:01,531 - INFO - Processed offset 4200. Filtered so far: 0
2026-09-16 18:44:03,369 - INFO - Processed offset 4400. Filtered so far: 0
2026-09-16 18:44:04,808 - INFO - Processed offset 4600. Filtered so far: 0
2026-09-16 18:44:05,935 - INFO - Processed offset 4800. Filtered so far: 0
2026-09-16 18:44:07,163 - INFO - Processed offset 5000. Filtered so far: 0
2026-09-16 18:44:10,513 - INFO - Processed offset 5200. Filtered so far: 0
2026-09-16 18:44:12,105 - INFO - Processed offset 5400. Filtered so far: 0
2026-09-16 18:44:12,786 - INFO - Processed offset 5600. Filtered so far: 0
2026-09-16 18:44:13,578 - INFO - Processed offset 5800. Filtered so far: 0
2026-09-16 18:44:14,194 - INFO - Processed offset 6000. Filtered so far: 0
2026-09-16 18:44:14,830 - INFO - Processed offset 6200. Filtered so far: 0
2026-09-16 18:44:15,651 - INFO - Processed offset 6400. Filtered so far: 0
2026-09-16 18:44:16,573 - INFO - Processed offset 6600. Filtered so far: 0
2026-09-16 18:44:17,287 - INFO - Processed offset 6800. Filtered so far: 0
2026-09-16 18:44:18,618 - INFO - Processed offset 7000. Filtered so far: 0
2026-09-16 18:44:19,743 - INFO - Processed offset 7200. Filtered so far: 0
2026-09-16 18:44:20,633 - INFO - Processed offset 7400. Filtered so far: 0
2026-09-16 18:44:21,282 - INFO - Processed offset 7600. Filtered so far: 0
2026-09-16 18:44:22,101 - INFO - Processed offset 7800. Filtered so far: 0
2026-09-16 18:44:22,674 - INFO - Processed offset 8000. Filtered so far: 0
2026-09-16 18:44:23,318 - INFO - Processed offset 8200. Filtered so far: 0
2026-09-16 18:44:23,956 - INFO - Processed offset 8400. Filtered so far: 0
2026-09-16 18:44:24,767 - INFO - Processed offset 8600. Filtered so far: 0
2026-09-16 18:44:25,385 - INFO - Processed offset 8800. Filtered so far: 0
2026-09-16 18:44:26,102 - INFO - Processed offset 9000. Filtered so far: 0
2026-09-16 18:44:26,818 - INFO - Processed offset 9200. Filtered so far: 0
2026-09-16 18:44:27,570 - INFO - Processed offset 9400. Filtered so far: 0
2026-09-16 18:44:28,241 - INFO - Processed offset 9600. Filtered so far: 0
2026-09-16 18:44:28,871 - INFO - Processed offset 9800. Filtered so far: 0
2026-09-16 18:44:29,402 - INFO - Processed offset 10000. Filtered so far: 0
2026-09-16 18:44:29,989 - INFO - Processed offset 10200. Filtered so far: 0
2026-09-16 18:44:30,533 - INFO - Processed offset 10400. Filtered so far: 0
2026-09-16 18:44:31,233 - INFO - Processed offset 10600. Filtered so far: 0
2026-09-16 18:44:31,934 - INFO - Processed offset 10800. Filtered so far: 0
2026-09-16 18:44:32,679 - INFO - Processed offset 11000. Filtered so far: 0
2026-09-16 18:44:33,324 - INFO - Processed offset 11200. Filtered so far: 0
2026-09-16 18:44:33,965 - INFO - Processed offset 11400. Filtered so far: 0
2026-09-16 18:44:34,609 - INFO - Processed offset 11600. Filtered so far: 0
2026-09-16 18:44:35,238 - INFO - Processed offset 11800. Filtered so far: 0
2026-09-16 18:44:35,852 - INFO - Processed offset 12000. Filtered so far: 0
2026-09-16 18:44:36,387 - INFO - Processed offset 12200. Filtered so far: 0
2026-09-16 18:44:37,051 - INFO - Processed offset 12400. Filtered so far: 0
2026-09-16 18:44:37,668 - INFO - Processed offset 12600. Filtered so far: 0
2026-09-16 18:44:38,275 - INFO - Processed offset 12800. Filtered so far: 0
2026-09-16 18:44:38,752 - INFO - Processed offset 13000. Filtered so far: 0
2026-09-16 18:44:39,353 - INFO - Processed offset 13200. Filtered so far: 0
2026-09-16 18:44:39,930 - INFO - Processed offset 13400. Filtered so far: 0
2026-09-16 18:44:40,644 - INFO - Processed offset 13600. Filtered so far: 0
2026-09-16 18:44:41,382 - INFO - Processed offset 13800. Filtered so far: 0
2026-09-16 18:44:42,084 - INFO - Processed offset 14000. Filtered so far: 0
2026-09-16 18:44:42,895 - INFO - Processed offset 14200. Filtered so far: 0
2026-09-16 18:44:43,642 - INFO - Processed offset 14400. Filtered so far: 0
2026-09-16 18:44:44,178 - INFO - Processed offset 14600. Filtered so far: 0
2026-09-16 18:44:44,862 - INFO - Processed offset 14800. Filtered so far: 0
2026-09-16 18:44:45,602 - INFO - Processed offset 15000. Filtered so far: 0
2026-09-16 18:44:46,127 - INFO - Processed offset 15200. Filtered so far: 0
2026-09-16 18:44:46,754 - INFO - Processed offset 15400. Filtered so far: 0
2026-09-16 18:44:47,396 - INFO - Processed offset 15600. Filtered so far: 0
2026-09-16 18:44:48,019 - INFO - Processed offset 15800. Filtered so far: 0
2026-09-16 18:44:48,623 - INFO - Processed offset 16000. Filtered so far: 0
2026-09-16 18:44:49,185 - INFO - Processed offset 16200. Filtered so far: 0
2026-09-16 18:44:49,750 - INFO - Processed offset 16400. Filtered so far: 0
2026-09-16 18:44:50,466 - INFO - Processed offset 16600. Filtered so far: 0
2026-09-16 18:44:50,968 - INFO - Processed offset 16800. Filtered so far: 0
2026-09-16 18:44:51,479 - INFO - Processed offset 17000. Filtered so far: 0
2026-09-16 18:44:52,023 - INFO - Processed offset 17200. Filtered so far: 0
2026-09-16 18:44:52,542 - INFO - Processed offset 17400. Filtered so far: 0
2026-09-16 18:44:53,119 - INFO - Processed offset 17600. Filtered so far: 0
2026-09-16 18:44:53,685 - INFO - Processed offset 17800. Filtered so far: 0
2026-09-16 18:44:54,346 - INFO - Processed offset 18000. Filtered so far: 0
2026-09-16 18:44:54,813 - INFO - Processed offset 18200. Filtered so far: 0
2026-09-16 18:44:55,411 - INFO - Processed offset 18400. Filtered so far: 21
2026-09-16 18:44:56,122 - INFO - Processed offset 18600. Filtered so far: 71
2026-09-16 18:44:56,770 - INFO - Processed offset 18800. Filtered so far: 90
2026-09-16 18:44:57,395 - INFO - Processed offset 19000. Filtered so far: 117
2026-09-16 18:44:58,129 - INFO - Processed offset 19200. Filtered so far: 181
2026-09-16 18:44:58,717 - INFO - Processed offset 19400. Filtered so far: 199
2026-09-16 18:44:59,189 - INFO - Processed offset 19600. Filtered so far: 216
2026-09-16 18:44:59,890 - INFO - Processed offset 19800. Filtered so far: 235
2026-09-16 18:45:00,659 - INFO - Processed offset 20000. Filtered so far: 257
2026-09-16 18:45:01,429 - INFO - Processed offset 20200. Filtered so far: 288
2026-09-16 18:45:04,039 - INFO - Processed offset 20400. Filtered so far: 336
2026-09-16 18:45:07,278 - INFO - Processed offset 20600. Filtered so far: 481
2026-09-16 18:45:09,409 - INFO - Reached records older than start_time. Stopping.
2026-09-16 18:45:09,409 - INFO - Retrieval complete. 509 records for 7 target devices.
2026-09-16 18:45:09,410 - INFO - Status breakdown: {'COMPLETED': 408, 'DEPLOY_FAILED': 83, 'RUN_FAILED': 13, 'RUN_ABORTED': 5}
2026-09-16 18:45:09,410 - INFO - Device breakdown: {'gcp10wbtrpap04': 91, 'DT-1001-G62J7W3': 138, 'gcp10wbtrpap05': 102, 'gcp10wbtrpap02': 27, 'gcp10wbtrpap03': 33, 'DT-1001-7B3NM24': 102, 'gcp10wbtrpap01': 16}
2026-09-16 18:45:09,474 - INFO - Excel saved: D:\Adani_projects\RPA-UI-Dashboard\backend\uploads\aa_sync\Adani_Daily_Bot_Status_2026-09-16_13-15-09.xlsx  (509 rows)
2026-09-16 18:45:09,533 - INFO - JSON archive saved: D:\Adani_projects\RPA-UI-Dashboard\backend\uploads\aa_sync\json\aa_raw_2026-09-16_13-15-09.json
2026-09-16 18:45:09,534 - INFO - ============================================================
2026-09-16 18:45:09,534 - INFO - Automation Anywhere Sync -- Complete
2026-09-16 18:45:09,534 - INFO - Records: 509  |  Excel: D:\Adani_projects\RPA-UI-Dashboard\backend\uploads\aa_sync\Adani_Daily_Bot_Status_2026-09-16_13-15-09.xlsx
2026-09-16 18:45:09,534 - INFO - SharePoint: skipped
2026-09-16 18:45:09,534 - INFO - ============================================================
2026-09-16 18:45:11,707 - INFO - ============================================================
2026-09-16 18:45:11,707 - INFO - Automation Anywhere Sync -- Starting
2026-09-16 18:45:11,708 - INFO - Time window: 2026-09-08T00:00:00Z -> 2026-09-08T23:59:59Z
2026-09-16 18:45:11,708 - INFO - ============================================================
2026-09-16 18:45:11,708 - INFO - Authenticating with Automation Anywhere Control Room...
2026-09-16 18:45:12,766 - INFO - Authentication successful.
2026-09-16 18:45:12,768 - INFO - Fetching activities from 2026-09-08T00:00:00Z to 2026-09-08T23:59:59Z
2026-09-16 18:45:13,508 - INFO - Total API records in time window: 223798
2026-09-16 18:45:13,508 - INFO - Processed offset 0. Filtered so far: 0
2026-09-16 18:45:14,235 - INFO - Processed offset 200. Filtered so far: 0
2026-09-16 18:45:14,906 - INFO - Processed offset 400. Filtered so far: 0
2026-09-16 18:45:15,623 - INFO - Processed offset 600. Filtered so far: 0
2026-09-16 18:45:16,344 - INFO - Processed offset 800. Filtered so far: 0
2026-09-16 18:45:16,959 - INFO - Processed offset 1000. Filtered so far: 0
2026-09-16 18:45:17,740 - INFO - Processed offset 1200. Filtered so far: 0
2026-09-16 18:45:18,303 - INFO - Processed offset 1400. Filtered so far: 0
2026-09-16 18:45:18,867 - INFO - Processed offset 1600. Filtered so far: 0
2026-09-16 18:45:19,655 - INFO - Processed offset 1800. Filtered so far: 0
2026-09-16 18:45:20,315 - INFO - Processed offset 2000. Filtered so far: 0
2026-09-16 18:45:21,174 - INFO - Processed offset 2200. Filtered so far: 0
2026-09-16 18:45:22,002 - INFO - Processed offset 2400. Filtered so far: 0
2026-09-16 18:45:22,823 - INFO - Processed offset 2600. Filtered so far: 0
2026-09-16 18:45:23,649 - INFO - Processed offset 2800. Filtered so far: 0
2026-09-16 18:45:24,287 - INFO - Processed offset 3000. Filtered so far: 0
2026-09-16 18:45:24,823 - INFO - Processed offset 3200. Filtered so far: 0
2026-09-16 18:45:25,645 - INFO - Processed offset 3400. Filtered so far: 0
2026-09-16 18:45:26,223 - INFO - Processed offset 3600. Filtered so far: 0
2026-09-16 18:45:26,957 - INFO - Processed offset 3800. Filtered so far: 0
2026-09-16 18:45:27,707 - INFO - Processed offset 4000. Filtered so far: 0
2026-09-16 18:45:28,347 - INFO - Processed offset 4200. Filtered so far: 0
2026-09-16 18:45:28,869 - INFO - Processed offset 4400. Filtered so far: 0
2026-09-16 18:45:29,548 - INFO - Processed offset 4600. Filtered so far: 0
2026-09-16 18:45:30,230 - INFO - Processed offset 4800. Filtered so far: 0
2026-09-16 18:45:30,725 - INFO - Processed offset 5000. Filtered so far: 0
2026-09-16 18:45:31,320 - INFO - Processed offset 5200. Filtered so far: 0
2026-09-16 18:45:31,856 - INFO - Processed offset 5400. Filtered so far: 0
2026-09-16 18:45:32,460 - INFO - Processed offset 5600. Filtered so far: 0
2026-09-16 18:45:33,074 - INFO - Processed offset 5800. Filtered so far: 0
2026-09-16 18:45:33,626 - INFO - Processed offset 6000. Filtered so far: 0
2026-09-16 18:45:34,318 - INFO - Processed offset 6200. Filtered so far: 0
2026-09-16 18:45:34,945 - INFO - Processed offset 6400. Filtered so far: 0
2026-09-16 18:45:35,576 - INFO - Processed offset 6600. Filtered so far: 0
2026-09-16 18:45:36,294 - INFO - Processed offset 6800. Filtered so far: 0
2026-09-16 18:45:36,886 - INFO - Processed offset 7000. Filtered so far: 0
2026-09-16 18:45:37,580 - INFO - Processed offset 7200. Filtered so far: 0
2026-09-16 18:45:38,179 - INFO - Processed offset 7400. Filtered so far: 0
2026-09-16 18:45:38,722 - INFO - Processed offset 7600. Filtered so far: 0
2026-09-16 18:45:39,372 - INFO - Processed offset 7800. Filtered so far: 0
2026-09-16 18:45:39,980 - INFO - Processed offset 8000. Filtered so far: 0
2026-09-16 18:45:40,640 - INFO - Processed offset 8200. Filtered so far: 0
2026-09-16 18:45:41,264 - INFO - Processed offset 8400. Filtered so far: 0
2026-09-16 18:45:42,000 - INFO - Processed offset 8600. Filtered so far: 0
2026-09-16 18:45:42,629 - INFO - Processed offset 8800. Filtered so far: 0
2026-09-16 18:45:43,262 - INFO - Processed offset 9000. Filtered so far: 0
2026-09-16 18:45:43,906 - INFO - Processed offset 9200. Filtered so far: 0
2026-09-16 18:45:44,442 - INFO - Processed offset 9400. Filtered so far: 0
2026-09-16 18:45:45,009 - INFO - Processed offset 9600. Filtered so far: 0
2026-09-16 18:45:45,684 - INFO - Processed offset 9800. Filtered so far: 0
2026-09-16 18:45:46,301 - INFO - Processed offset 10000. Filtered so far: 0
2026-09-16 18:45:47,097 - INFO - Processed offset 10200. Filtered so far: 0
2026-09-16 18:45:47,714 - INFO - Processed offset 10400. Filtered so far: 0
2026-09-16 18:45:48,320 - INFO - Processed offset 10600. Filtered so far: 0
2026-09-16 18:45:48,945 - INFO - Processed offset 10800. Filtered so far: 0
2026-09-16 18:45:49,747 - INFO - Processed offset 11000. Filtered so far: 0
2026-09-16 18:45:50,371 - INFO - Processed offset 11200. Filtered so far: 0
2026-09-16 18:45:51,048 - INFO - Processed offset 11400. Filtered so far: 0
2026-09-16 18:45:51,678 - INFO - Processed offset 11600. Filtered so far: 0
2026-09-16 18:45:52,323 - INFO - Processed offset 11800. Filtered so far: 0
2026-09-16 18:45:52,948 - INFO - Processed offset 12000. Filtered so far: 0
2026-09-16 18:45:53,651 - INFO - Processed offset 12200. Filtered so far: 0
2026-09-16 18:45:54,392 - INFO - Processed offset 12400. Filtered so far: 0
2026-09-16 18:45:55,000 - INFO - Processed offset 12600. Filtered so far: 0
2026-09-16 18:45:55,533 - INFO - Processed offset 12800. Filtered so far: 0
2026-09-16 18:45:56,064 - INFO - Processed offset 13000. Filtered so far: 0
2026-09-16 18:45:56,727 - INFO - Processed offset 13200. Filtered so far: 0
2026-09-16 18:45:57,560 - INFO - Processed offset 13400. Filtered so far: 0
2026-09-16 18:45:58,340 - INFO - Processed offset 13600. Filtered so far: 0
2026-09-16 18:45:58,973 - INFO - Processed offset 13800. Filtered so far: 0
2026-09-16 18:45:59,641 - INFO - Processed offset 14000. Filtered so far: 0
2026-09-16 18:46:00,310 - INFO - Processed offset 14200. Filtered so far: 0
2026-09-16 18:46:01,032 - INFO - Processed offset 14400. Filtered so far: 0
2026-09-16 18:46:02,633 - INFO - Processed offset 14600. Filtered so far: 0
2026-09-16 18:46:04,126 - INFO - Processed offset 14800. Filtered so far: 0
2026-09-16 18:46:04,830 - INFO - Processed offset 15000. Filtered so far: 0
2026-09-16 18:46:05,654 - INFO - Processed offset 15200. Filtered so far: 0
2026-09-16 18:46:06,267 - INFO - Processed offset 15400. Filtered so far: 0
2026-09-16 18:46:06,904 - INFO - Processed offset 15600. Filtered so far: 0
2026-09-16 18:46:07,631 - INFO - Processed offset 15800. Filtered so far: 0
2026-09-16 18:46:10,812 - INFO - Processed offset 16000. Filtered so far: 0
2026-09-16 18:46:12,785 - INFO - Processed offset 16200. Filtered so far: 24
2026-09-16 18:46:13,843 - INFO - Processed offset 16400. Filtered so far: 46
2026-09-16 18:46:14,505 - INFO - Processed offset 16600. Filtered so far: 69
2026-09-16 18:46:15,108 - INFO - Processed offset 16800. Filtered so far: 77
2026-09-16 18:46:15,818 - INFO - Processed offset 17000. Filtered so far: 95
2026-09-16 18:46:16,857 - INFO - Processed offset 17200. Filtered so far: 111
2026-09-16 18:46:18,194 - INFO - Processed offset 17400. Filtered so far: 138
2026-09-16 18:46:19,825 - INFO - Processed offset 17600. Filtered so far: 165
2026-09-16 18:46:20,661 - INFO - Processed offset 17800. Filtered so far: 205
2026-09-16 18:46:21,326 - INFO - Processed offset 18000. Filtered so far: 275
2026-09-16 18:46:21,994 - INFO - Processed offset 18200. Filtered so far: 309
2026-09-16 18:46:23,034 - INFO - Reached records older than start_time. Stopping.
2026-09-16 18:46:23,034 - INFO - Retrieval complete. 331 records for 7 target devices.
2026-09-16 18:46:23,036 - INFO - Status breakdown: {'COMPLETED': 314, 'RUN_ABORTED': 10, 'RUN_FAILED': 7}
2026-09-16 18:46:23,036 - INFO - Device breakdown: {'gcp10wbtrpap04': 87, 'DT-1001-G62J7W3': 84, 'gcp10wbtrpap05': 89, 'gcp10wbtrpap03': 33, 'gcp10wbtrpap02': 15, 'gcp10wbtrpap01': 15, 'DT-1001-7B3NM24': 8}
2026-09-16 18:46:23,103 - INFO - Excel saved: D:\Adani_projects\RPA-UI-Dashboard\backend\uploads\aa_sync\Adani_Daily_Bot_Status_2026-09-16_13-16-23.xlsx  (331 rows)
2026-09-16 18:46:23,145 - INFO - JSON archive saved: D:\Adani_projects\RPA-UI-Dashboard\backend\uploads\aa_sync\json\aa_raw_2026-09-16_13-16-23.json
2026-09-16 18:46:23,145 - INFO - ============================================================
2026-09-16 18:46:23,145 - INFO - Automation Anywhere Sync -- Complete
2026-09-16 18:46:23,145 - INFO - Records: 331  |  Excel: D:\Adani_projects\RPA-UI-Dashboard\backend\uploads\aa_sync\Adani_Daily_Bot_Status_2026-09-16_13-16-23.xlsx
2026-09-16 18:46:23,145 - INFO - SharePoint: skipped
2026-09-16 18:46:23,145 - INFO - ============================================================
2026-09-16 18:46:24,425 - INFO - ============================================================
2026-09-16 18:46:24,426 - INFO - Automation Anywhere Sync -- Starting
2026-09-16 18:46:24,426 - INFO - Time window: 2026-09-09T00:00:00Z -> 2026-09-09T23:59:59Z
2026-09-16 18:46:24,426 - INFO - ============================================================
2026-09-16 18:46:24,426 - INFO - Authenticating with Automation Anywhere Control Room...
2026-09-16 18:46:25,779 - INFO - Authentication successful.
2026-09-16 18:46:25,780 - INFO - Fetching activities from 2026-09-09T00:00:00Z to 2026-09-09T23:59:59Z
2026-09-16 18:46:26,512 - INFO - Total API records in time window: 223799
2026-09-16 18:46:26,512 - INFO - Processed offset 0. Filtered so far: 0
2026-09-16 18:46:27,182 - INFO - Processed offset 200. Filtered so far: 0
2026-09-16 18:46:27,925 - INFO - Processed offset 400. Filtered so far: 0
2026-09-16 18:46:28,556 - INFO - Processed offset 600. Filtered so far: 0
2026-09-16 18:46:29,208 - INFO - Processed offset 800. Filtered so far: 0
2026-09-16 18:46:30,022 - INFO - Processed offset 1000. Filtered so far: 0
2026-09-16 18:46:30,699 - INFO - Processed offset 1200. Filtered so far: 0
2026-09-16 18:46:31,229 - INFO - Processed offset 1400. Filtered so far: 0
2026-09-16 18:46:31,803 - INFO - Processed offset 1600. Filtered so far: 0
2026-09-16 18:46:32,389 - INFO - Processed offset 1800. Filtered so far: 0
2026-09-16 18:46:32,971 - INFO - Processed offset 2000. Filtered so far: 0
2026-09-16 18:46:33,620 - INFO - Processed offset 2200. Filtered so far: 0
2026-09-16 18:46:34,406 - INFO - Processed offset 2400. Filtered so far: 0
2026-09-16 18:46:34,981 - INFO - Processed offset 2600. Filtered so far: 0
2026-09-16 18:46:35,666 - INFO - Processed offset 2800. Filtered so far: 0
2026-09-16 18:46:36,264 - INFO - Processed offset 3000. Filtered so far: 0
2026-09-16 18:46:36,960 - INFO - Processed offset 3200. Filtered so far: 0
2026-09-16 18:46:37,645 - INFO - Processed offset 3400. Filtered so far: 0
2026-09-16 18:46:38,396 - INFO - Processed offset 3600. Filtered so far: 0
2026-09-16 18:46:39,005 - INFO - Processed offset 3800. Filtered so far: 0
2026-09-16 18:46:39,694 - INFO - Processed offset 4000. Filtered so far: 0
2026-09-16 18:46:40,547 - INFO - Processed offset 4200. Filtered so far: 0
2026-09-16 18:46:41,223 - INFO - Processed offset 4400. Filtered so far: 0
2026-09-16 18:46:41,806 - INFO - Processed offset 4600. Filtered so far: 0
2026-09-16 18:46:42,599 - INFO - Processed offset 4800. Filtered so far: 0
2026-09-16 18:46:43,107 - INFO - Processed offset 5000. Filtered so far: 0
2026-09-16 18:46:43,727 - INFO - Processed offset 5200. Filtered so far: 0
2026-09-16 18:46:44,404 - INFO - Processed offset 5400. Filtered so far: 0
2026-09-16 18:46:45,007 - INFO - Processed offset 5600. Filtered so far: 0
2026-09-16 18:46:45,981 - INFO - Processed offset 5800. Filtered so far: 0
2026-09-16 18:46:46,570 - INFO - Processed offset 6000. Filtered so far: 0
2026-09-16 18:46:47,333 - INFO - Processed offset 6200. Filtered so far: 0
2026-09-16 18:46:47,968 - INFO - Processed offset 6400. Filtered so far: 0
2026-09-16 18:46:48,562 - INFO - Processed offset 6600. Filtered so far: 0
2026-09-16 18:46:49,189 - INFO - Processed offset 6800. Filtered so far: 0
2026-09-16 18:46:49,790 - INFO - Processed offset 7000. Filtered so far: 0
2026-09-16 18:46:50,580 - INFO - Processed offset 7200. Filtered so far: 0
2026-09-16 18:46:51,241 - INFO - Processed offset 7400. Filtered so far: 0
2026-09-16 18:46:51,863 - INFO - Processed offset 7600. Filtered so far: 0
2026-09-16 18:46:52,570 - INFO - Processed offset 7800. Filtered so far: 0
2026-09-16 18:46:53,371 - INFO - Processed offset 8000. Filtered so far: 0
2026-09-16 18:46:53,997 - INFO - Processed offset 8200. Filtered so far: 0
2026-09-16 18:46:54,684 - INFO - Processed offset 8400. Filtered so far: 0
2026-09-16 18:46:55,294 - INFO - Processed offset 8600. Filtered so far: 0
2026-09-16 18:46:55,876 - INFO - Processed offset 8800. Filtered so far: 0
2026-09-16 18:46:56,652 - INFO - Processed offset 9000. Filtered so far: 0
2026-09-16 18:46:57,237 - INFO - Processed offset 9200. Filtered so far: 0
2026-09-16 18:46:57,851 - INFO - Processed offset 9400. Filtered so far: 0
2026-09-16 18:46:58,472 - INFO - Processed offset 9600. Filtered so far: 0
2026-09-16 18:46:59,029 - INFO - Processed offset 9800. Filtered so far: 0
2026-09-16 18:46:59,544 - INFO - Processed offset 10000. Filtered so far: 0
2026-09-16 18:47:00,215 - INFO - Processed offset 10200. Filtered so far: 0
2026-09-16 18:47:00,968 - INFO - Processed offset 10400. Filtered so far: 0
2026-09-16 18:47:01,892 - INFO - Processed offset 10600. Filtered so far: 0
2026-09-16 18:47:03,488 - INFO - Processed offset 10800. Filtered so far: 0
2026-09-16 18:47:04,826 - INFO - Processed offset 11000. Filtered so far: 0
2026-09-16 18:47:05,625 - INFO - Processed offset 11200. Filtered so far: 0
2026-09-16 18:47:06,393 - INFO - Processed offset 11400. Filtered so far: 0
2026-09-16 18:47:07,068 - INFO - Processed offset 11600. Filtered so far: 0
2026-09-16 18:47:07,903 - INFO - Processed offset 11800. Filtered so far: 0
2026-09-16 18:47:08,634 - INFO - Processed offset 12000. Filtered so far: 0
2026-09-16 18:47:09,199 - INFO - Processed offset 12200. Filtered so far: 0
2026-09-16 18:47:09,811 - INFO - Processed offset 12400. Filtered so far: 0
2026-09-16 18:47:10,391 - INFO - Processed offset 12600. Filtered so far: 0
2026-09-16 18:47:11,065 - INFO - Processed offset 12800. Filtered so far: 0
2026-09-16 18:47:11,678 - INFO - Processed offset 13000. Filtered so far: 0
2026-09-16 18:47:12,336 - INFO - Processed offset 13200. Filtered so far: 0
2026-09-16 18:47:12,955 - INFO - Processed offset 13400. Filtered so far: 0
2026-09-16 18:47:13,627 - INFO - Processed offset 13600. Filtered so far: 0
2026-09-16 18:47:14,133 - INFO - Processed offset 13800. Filtered so far: 0
2026-09-16 18:47:14,849 - INFO - Processed offset 14000. Filtered so far: 109
2026-09-16 18:47:15,447 - INFO - Processed offset 14200. Filtered so far: 186
2026-09-16 18:47:16,146 - INFO - Processed offset 14400. Filtered so far: 194
2026-09-16 18:47:16,829 - INFO - Processed offset 14600. Filtered so far: 212
2026-09-16 18:47:17,422 - INFO - Processed offset 14800. Filtered so far: 236
2026-09-16 18:47:17,922 - INFO - Processed offset 15000. Filtered so far: 256
2026-09-16 18:47:18,578 - INFO - Processed offset 15200. Filtered so far: 291
2026-09-16 18:47:19,053 - INFO - Processed offset 15400. Filtered so far: 342
2026-09-16 18:47:19,649 - INFO - Processed offset 15600. Filtered so far: 371
2026-09-16 18:47:20,336 - INFO - Processed offset 15800. Filtered so far: 430
2026-09-16 18:47:20,901 - INFO - Processed offset 16000. Filtered so far: 514
2026-09-16 18:47:21,510 - INFO - Reached records older than start_time. Stopping.
2026-09-16 18:47:21,511 - INFO - Retrieval complete. 542 records for 7 target devices.
2026-09-16 18:47:21,511 - INFO - Status breakdown: {'COMPLETED': 529, 'RUN_ABORTED': 8, 'RUN_FAILED': 5}
2026-09-16 18:47:21,511 - INFO - Device breakdown: {'gcp10wbtrpap04': 87, 'DT-1001-G62J7W3': 133, 'gcp10wbtrpap05': 88, 'gcp10wbtrpap02': 14, 'gcp10wbtrpap03': 30, 'gcp10wbtrpap01': 15, 'DT-1001-7B3NM24': 175}
2026-09-16 18:47:21,584 - INFO - Excel saved: D:\Adani_projects\RPA-UI-Dashboard\backend\uploads\aa_sync\Adani_Daily_Bot_Status_2026-09-16_13-17-21.xlsx  (542 rows)
2026-09-16 18:47:21,648 - INFO - JSON archive saved: D:\Adani_projects\RPA-UI-Dashboard\backend\uploads\aa_sync\json\aa_raw_2026-09-16_13-17-21.json
2026-09-16 18:47:21,648 - INFO - ============================================================
2026-09-16 18:47:21,648 - INFO - Automation Anywhere Sync -- Complete
2026-09-16 18:47:21,648 - INFO - Records: 542  |  Excel: D:\Adani_projects\RPA-UI-Dashboard\backend\uploads\aa_sync\Adani_Daily_Bot_Status_2026-09-16_13-17-21.xlsx
2026-09-16 18:47:21,648 - INFO - SharePoint: skipped
2026-09-16 18:47:21,648 - INFO - ============================================================
2026-09-16 18:47:23,740 - INFO - ============================================================
2026-09-16 18:47:23,740 - INFO - Automation Anywhere Sync -- Starting
2026-09-16 18:47:23,740 - INFO - Time window: 2026-09-10T00:00:00Z -> 2026-09-10T23:59:59Z
2026-09-16 18:47:23,740 - INFO - ============================================================
2026-09-16 18:47:23,740 - INFO - Authenticating with Automation Anywhere Control Room...
2026-09-16 18:47:25,224 - INFO - Authentication successful.
2026-09-16 18:47:25,225 - INFO - Fetching activities from 2026-09-10T00:00:00Z to 2026-09-10T23:59:59Z
2026-09-16 18:47:25,826 - INFO - Total API records in time window: 223800
2026-09-16 18:47:25,827 - INFO - Processed offset 0. Filtered so far: 0
2026-09-16 18:47:26,474 - INFO - Processed offset 200. Filtered so far: 0
2026-09-16 18:47:27,048 - INFO - Processed offset 400. Filtered so far: 0
2026-09-16 18:47:27,751 - INFO - Processed offset 600. Filtered so far: 0
2026-09-16 18:47:28,482 - INFO - Processed offset 800. Filtered so far: 0
2026-09-16 18:47:29,197 - INFO - Processed offset 1000. Filtered so far: 0
2026-09-16 18:47:29,800 - INFO - Processed offset 1200. Filtered so far: 0
2026-09-16 18:47:30,512 - INFO - Processed offset 1400. Filtered so far: 0
2026-09-16 18:47:31,138 - INFO - Processed offset 1600. Filtered so far: 0
2026-09-16 18:47:31,858 - INFO - Processed offset 1800. Filtered so far: 0
2026-09-16 18:47:32,446 - INFO - Processed offset 2000. Filtered so far: 0
2026-09-16 18:47:33,105 - INFO - Processed offset 2200. Filtered so far: 0
2026-09-16 18:47:33,689 - INFO - Processed offset 2400. Filtered so far: 0
2026-09-16 18:47:34,328 - INFO - Processed offset 2600. Filtered so far: 0
2026-09-16 18:47:34,909 - INFO - Processed offset 2800. Filtered so far: 0
2026-09-16 18:47:35,462 - INFO - Processed offset 3000. Filtered so far: 0
2026-09-16 18:47:35,967 - INFO - Processed offset 3200. Filtered so far: 0
2026-09-16 18:47:36,587 - INFO - Processed offset 3400. Filtered so far: 0
2026-09-16 18:47:37,125 - INFO - Processed offset 3600. Filtered so far: 0
2026-09-16 18:47:37,889 - INFO - Processed offset 3800. Filtered so far: 0
2026-09-16 18:47:38,688 - INFO - Processed offset 4000. Filtered so far: 0
2026-09-16 18:47:39,299 - INFO - Processed offset 4200. Filtered so far: 0
2026-09-16 18:47:39,891 - INFO - Processed offset 4400. Filtered so far: 0
2026-09-16 18:47:40,572 - INFO - Processed offset 4600. Filtered so far: 0
2026-09-16 18:47:41,175 - INFO - Processed offset 4800. Filtered so far: 0
2026-09-16 18:47:41,876 - INFO - Processed offset 5000. Filtered so far: 0
2026-09-16 18:47:42,603 - INFO - Processed offset 5200. Filtered so far: 0
2026-09-16 18:47:43,212 - INFO - Processed offset 5400. Filtered so far: 0
2026-09-16 18:47:43,821 - INFO - Processed offset 5600. Filtered so far: 0
2026-09-16 18:47:44,490 - INFO - Processed offset 5800. Filtered so far: 0
2026-09-16 18:47:45,165 - INFO - Processed offset 6000. Filtered so far: 0
2026-09-16 18:47:45,881 - INFO - Processed offset 6200. Filtered so far: 0
2026-09-16 18:47:46,526 - INFO - Processed offset 6400. Filtered so far: 0
2026-09-16 18:47:47,047 - INFO - Processed offset 6600. Filtered so far: 0
2026-09-16 18:47:47,840 - INFO - Processed offset 6800. Filtered so far: 0
2026-09-16 18:47:48,642 - INFO - Processed offset 7000. Filtered so far: 0
2026-09-16 18:47:49,287 - INFO - Processed offset 7200. Filtered so far: 0
2026-09-16 18:47:49,880 - INFO - Processed offset 7400. Filtered so far: 0
2026-09-16 18:47:50,589 - INFO - Processed offset 7600. Filtered so far: 0
2026-09-16 18:47:51,085 - INFO - Processed offset 7800. Filtered so far: 0
2026-09-16 18:47:51,686 - INFO - Processed offset 8000. Filtered so far: 0
2026-09-16 18:47:52,197 - INFO - Processed offset 8200. Filtered so far: 0
2026-09-16 18:47:52,823 - INFO - Processed offset 8400. Filtered so far: 0
2026-09-16 18:47:53,361 - INFO - Processed offset 8600. Filtered so far: 0
2026-09-16 18:47:53,841 - INFO - Processed offset 8800. Filtered so far: 0
2026-09-16 18:47:54,482 - INFO - Processed offset 9000. Filtered so far: 0
2026-09-16 18:47:55,092 - INFO - Processed offset 9200. Filtered so far: 0
2026-09-16 18:47:55,801 - INFO - Processed offset 9400. Filtered so far: 0
2026-09-16 18:47:56,526 - INFO - Processed offset 9600. Filtered so far: 0
2026-09-16 18:47:57,017 - INFO - Processed offset 9800. Filtered so far: 0
2026-09-16 18:47:57,657 - INFO - Processed offset 10000. Filtered so far: 0
2026-09-16 18:47:58,250 - INFO - Processed offset 10200. Filtered so far: 0
2026-09-16 18:47:58,791 - INFO - Processed offset 10400. Filtered so far: 0
2026-09-16 18:47:59,408 - INFO - Processed offset 10600. Filtered so far: 0
2026-09-16 18:47:59,945 - INFO - Processed offset 10800. Filtered so far: 0
2026-09-16 18:48:00,724 - INFO - Processed offset 11000. Filtered so far: 0
2026-09-16 18:48:01,339 - INFO - Processed offset 11200. Filtered so far: 0
2026-09-16 18:48:02,374 - INFO - Processed offset 11400. Filtered so far: 0
2026-09-16 18:48:03,281 - INFO - Processed offset 11600. Filtered so far: 53
2026-09-16 18:48:04,070 - INFO - Processed offset 11800. Filtered so far: 100
2026-09-16 18:48:04,645 - INFO - Processed offset 12000. Filtered so far: 115
2026-09-16 18:48:05,113 - INFO - Processed offset 12200. Filtered so far: 130
2026-09-16 18:48:05,671 - INFO - Processed offset 12400. Filtered so far: 190
2026-09-16 18:48:06,562 - INFO - Processed offset 12600. Filtered so far: 227
2026-09-16 18:48:07,168 - INFO - Processed offset 12800. Filtered so far: 250
2026-09-16 18:48:07,898 - INFO - Processed offset 13000. Filtered so far: 305
2026-09-16 18:48:08,642 - INFO - Processed offset 13200. Filtered so far: 386
2026-09-16 18:48:09,319 - INFO - Processed offset 13400. Filtered so far: 428
2026-09-16 18:48:09,902 - INFO - Processed offset 13600. Filtered so far: 477
2026-09-16 18:48:10,564 - INFO - Processed offset 13800. Filtered so far: 558
2026-09-16 18:48:11,062 - INFO - Reached records older than start_time. Stopping.
2026-09-16 18:48:11,062 - INFO - Retrieval complete. 580 records for 7 target devices.
2026-09-16 18:48:11,063 - INFO - Status breakdown: {'COMPLETED': 563, 'RUN_ABORTED': 10, 'DEPLOY_FAILED': 3, 'RUN_FAILED': 4}
2026-09-16 18:48:11,063 - INFO - Device breakdown: {'gcp10wbtrpap04': 75, 'gcp10wbtrpap05': 97, 'DT-1001-G62J7W3': 217, 'gcp10wbtrpap02': 13, 'gcp10wbtrpap03': 34, 'gcp10wbtrpap01': 18, 'DT-1001-7B3NM24': 126}
2026-09-16 18:48:11,136 - INFO - Excel saved: D:\Adani_projects\RPA-UI-Dashboard\backend\uploads\aa_sync\Adani_Daily_Bot_Status_2026-09-16_13-18-11.xlsx  (580 rows)
2026-09-16 18:48:11,188 - INFO - JSON archive saved: D:\Adani_projects\RPA-UI-Dashboard\backend\uploads\aa_sync\json\aa_raw_2026-09-16_13-18-11.json
2026-09-16 18:48:11,189 - INFO - ============================================================
2026-09-16 18:48:11,189 - INFO - Automation Anywhere Sync -- Complete
2026-09-16 18:48:11,189 - INFO - Records: 580  |  Excel: D:\Adani_projects\RPA-UI-Dashboard\backend\uploads\aa_sync\Adani_Daily_Bot_Status_2026-09-16_13-18-11.xlsx
2026-09-16 18:48:11,189 - INFO - SharePoint: skipped
2026-09-16 18:48:11,189 - INFO - ============================================================
2026-09-16 18:48:13,458 - INFO - ============================================================
2026-09-16 18:48:13,458 - INFO - Automation Anywhere Sync -- Starting
2026-09-16 18:48:13,459 - INFO - Time window: 2026-09-11T00:00:00Z -> 2026-09-11T23:59:59Z
2026-09-16 18:48:13,459 - INFO - ============================================================
2026-09-16 18:48:13,459 - INFO - Authenticating with Automation Anywhere Control Room...
2026-09-16 18:48:15,044 - INFO - Authentication successful.
2026-09-16 18:48:15,047 - INFO - Fetching activities from 2026-09-11T00:00:00Z to 2026-09-11T23:59:59Z
2026-09-16 18:48:17,458 - INFO - Total API records in time window: 223803
2026-09-16 18:48:17,458 - INFO - Processed offset 0. Filtered so far: 0
2026-09-16 18:48:18,064 - INFO - Processed offset 200. Filtered so far: 0
2026-09-16 18:48:18,746 - INFO - Processed offset 400. Filtered so far: 0
2026-09-16 18:48:19,470 - INFO - Processed offset 600. Filtered so far: 0
2026-09-16 18:48:19,967 - INFO - Processed offset 800. Filtered so far: 0
2026-09-16 18:48:20,720 - INFO - Processed offset 1000. Filtered so far: 0
2026-09-16 18:48:21,309 - INFO - Processed offset 1200. Filtered so far: 0
2026-09-16 18:48:22,159 - INFO - Processed offset 1400. Filtered so far: 0
2026-09-16 18:48:22,876 - INFO - Processed offset 1600. Filtered so far: 0
2026-09-16 18:48:23,468 - INFO - Processed offset 1800. Filtered so far: 0
2026-09-16 18:48:24,948 - INFO - Processed offset 2000. Filtered so far: 0
2026-09-16 18:48:25,958 - INFO - Processed offset 2200. Filtered so far: 0
2026-09-16 18:48:27,046 - INFO - Processed offset 2400. Filtered so far: 0
2026-09-16 18:48:27,656 - INFO - Processed offset 2600. Filtered so far: 0
2026-09-16 18:48:28,323 - INFO - Processed offset 2800. Filtered so far: 0
2026-09-16 18:48:29,096 - INFO - Processed offset 3000. Filtered so far: 0
2026-09-16 18:48:29,725 - INFO - Processed offset 3200. Filtered so far: 0
2026-09-16 18:48:30,323 - INFO - Processed offset 3400. Filtered so far: 0
2026-09-16 18:48:30,908 - INFO - Processed offset 3600. Filtered so far: 0
2026-09-16 18:48:31,538 - INFO - Processed offset 3800. Filtered so far: 0
2026-09-16 18:48:32,174 - INFO - Processed offset 4000. Filtered so far: 0
2026-09-16 18:48:32,887 - INFO - Processed offset 4200. Filtered so far: 0
2026-09-16 18:48:33,531 - INFO - Processed offset 4400. Filtered so far: 0
2026-09-16 18:48:34,220 - INFO - Processed offset 4600. Filtered so far: 0
2026-09-16 18:48:34,753 - INFO - Processed offset 4800. Filtered so far: 0
2026-09-16 18:48:35,344 - INFO - Processed offset 5000. Filtered so far: 0
2026-09-16 18:48:35,967 - INFO - Processed offset 5200. Filtered so far: 0
2026-09-16 18:48:36,499 - INFO - Processed offset 5400. Filtered so far: 0
2026-09-16 18:48:36,979 - INFO - Processed offset 5600. Filtered so far: 0
2026-09-16 18:48:37,667 - INFO - Processed offset 5800. Filtered so far: 0
2026-09-16 18:48:38,360 - INFO - Processed offset 6000. Filtered so far: 0
2026-09-16 18:48:38,907 - INFO - Processed offset 6200. Filtered so far: 0
2026-09-16 18:48:39,569 - INFO - Processed offset 6400. Filtered so far: 0
2026-09-16 18:48:40,241 - INFO - Processed offset 6600. Filtered so far: 0
2026-09-16 18:48:40,735 - INFO - Processed offset 6800. Filtered so far: 0
2026-09-16 18:48:41,282 - INFO - Processed offset 7000. Filtered so far: 0
2026-09-16 18:48:41,769 - INFO - Processed offset 7200. Filtered so far: 0
2026-09-16 18:48:42,528 - INFO - Processed offset 7400. Filtered so far: 0
2026-09-16 18:48:43,123 - INFO - Processed offset 7600. Filtered so far: 0
2026-09-16 18:48:43,773 - INFO - Processed offset 7800. Filtered so far: 0
2026-09-16 18:48:44,355 - INFO - Processed offset 8000. Filtered so far: 0
2026-09-16 18:48:44,833 - INFO - Processed offset 8200. Filtered so far: 0
2026-09-16 18:48:45,487 - INFO - Processed offset 8400. Filtered so far: 0
2026-09-16 18:48:46,089 - INFO - Processed offset 8600. Filtered so far: 0
2026-09-16 18:48:46,832 - INFO - Processed offset 8800. Filtered so far: 0
2026-09-16 18:48:47,485 - INFO - Processed offset 9000. Filtered so far: 0
2026-09-16 18:48:48,077 - INFO - Processed offset 9200. Filtered so far: 74
2026-09-16 18:48:48,861 - INFO - Processed offset 9400. Filtered so far: 173
2026-09-16 18:48:49,561 - INFO - Processed offset 9600. Filtered so far: 196
2026-09-16 18:48:50,074 - INFO - Processed offset 9800. Filtered so far: 209
2026-09-16 18:48:50,915 - INFO - Processed offset 10000. Filtered so far: 228
2026-09-16 18:48:51,614 - INFO - Processed offset 10200. Filtered so far: 258
2026-09-16 18:48:52,237 - INFO - Processed offset 10400. Filtered so far: 292
2026-09-16 18:48:52,957 - INFO - Processed offset 10600. Filtered so far: 313
2026-09-16 18:48:53,572 - INFO - Processed offset 10800. Filtered so far: 374
2026-09-16 18:48:54,195 - INFO - Processed offset 11000. Filtered so far: 425
2026-09-16 18:48:54,861 - INFO - Processed offset 11200. Filtered so far: 528
2026-09-16 18:48:55,718 - INFO - Processed offset 11400. Filtered so far: 584
2026-09-16 18:48:56,520 - INFO - Reached records older than start_time. Stopping.
2026-09-16 18:48:56,521 - INFO - Retrieval complete. 602 records for 7 target devices.
2026-09-16 18:48:56,522 - INFO - Status breakdown: {'COMPLETED': 574, 'RUN_ABORTED': 11, 'RUN_FAILED': 7, 'DEPLOY_FAILED': 10}
2026-09-16 18:48:56,522 - INFO - Device breakdown: {'gcp10wbtrpap04': 87, 'gcp10wbtrpap05': 92, 'DT-1001-G62J7W3': 214, 'gcp10wbtrpap02': 14, 'gcp10wbtrpap03': 34, 'gcp10wbtrpap01': 14, 'DT-1001-7B3NM24': 147}
2026-09-16 18:48:56,635 - INFO - Excel saved: D:\Adani_projects\RPA-UI-Dashboard\backend\uploads\aa_sync\Adani_Daily_Bot_Status_2026-09-16_13-18-56.xlsx  (602 rows)
2026-09-16 18:48:56,735 - INFO - JSON archive saved: D:\Adani_projects\RPA-UI-Dashboard\backend\uploads\aa_sync\json\aa_raw_2026-09-16_13-18-56.json
2026-09-16 18:48:56,735 - INFO - ============================================================
2026-09-16 18:48:56,735 - INFO - Automation Anywhere Sync -- Complete
2026-09-16 18:48:56,735 - INFO - Records: 602  |  Excel: D:\Adani_projects\RPA-UI-Dashboard\backend\uploads\aa_sync\Adani_Daily_Bot_Status_2026-09-16_13-18-56.xlsx
2026-09-16 18:48:56,735 - INFO - SharePoint: skipped
2026-09-16 18:48:56,736 - INFO - ============================================================
2026-09-16 18:49:00,195 - INFO - ============================================================
2026-09-16 18:49:00,195 - INFO - Automation Anywhere Sync -- Starting
2026-09-16 18:49:00,195 - INFO - Time window: 2026-09-12T00:00:00Z -> 2026-09-12T23:59:59Z
2026-09-16 18:49:00,195 - INFO - ============================================================
2026-09-16 18:49:00,195 - INFO - Authenticating with Automation Anywhere Control Room...
2026-09-16 18:49:01,782 - INFO - Authentication successful.
2026-09-16 18:49:01,785 - INFO - Fetching activities from 2026-09-12T00:00:00Z to 2026-09-12T23:59:59Z
2026-09-16 18:49:03,298 - INFO - Total API records in time window: 223804
2026-09-16 18:49:03,298 - INFO - Processed offset 0. Filtered so far: 0
2026-09-16 18:49:04,062 - INFO - Processed offset 200. Filtered so far: 0
2026-09-16 18:49:04,833 - INFO - Processed offset 400. Filtered so far: 0
2026-09-16 18:49:05,594 - INFO - Processed offset 600. Filtered so far: 0
2026-09-16 18:49:06,345 - INFO - Processed offset 800. Filtered so far: 0
2026-09-16 18:49:07,116 - INFO - Processed offset 1000. Filtered so far: 0
2026-09-16 18:49:07,856 - INFO - Processed offset 1200. Filtered so far: 0
2026-09-16 18:49:08,664 - INFO - Processed offset 1400. Filtered so far: 0
2026-09-16 18:49:09,165 - INFO - Processed offset 1600. Filtered so far: 0
2026-09-16 18:49:09,858 - INFO - Processed offset 1800. Filtered so far: 0
2026-09-16 18:49:10,566 - INFO - Processed offset 2000. Filtered so far: 0
2026-09-16 18:49:11,106 - INFO - Processed offset 2200. Filtered so far: 0
2026-09-16 18:49:11,678 - INFO - Processed offset 2400. Filtered so far: 0
2026-09-16 18:49:12,313 - INFO - Processed offset 2600. Filtered so far: 0
2026-09-16 18:49:12,940 - INFO - Processed offset 2800. Filtered so far: 0
2026-09-16 18:49:13,460 - INFO - Processed offset 3000. Filtered so far: 0
2026-09-16 18:49:14,148 - INFO - Processed offset 3200. Filtered so far: 0
2026-09-16 18:49:14,796 - INFO - Processed offset 3400. Filtered so far: 0
2026-09-16 18:49:15,520 - INFO - Processed offset 3600. Filtered so far: 0
2026-09-16 18:49:16,321 - INFO - Processed offset 3800. Filtered so far: 0
2026-09-16 18:49:17,096 - INFO - Processed offset 4000. Filtered so far: 0
2026-09-16 18:49:17,833 - INFO - Processed offset 4200. Filtered so far: 0
2026-09-16 18:49:18,503 - INFO - Processed offset 4400. Filtered so far: 0
2026-09-16 18:49:19,026 - INFO - Processed offset 4600. Filtered so far: 0
2026-09-16 18:49:19,647 - INFO - Processed offset 4800. Filtered so far: 0
2026-09-16 18:49:20,322 - INFO - Processed offset 5000. Filtered so far: 0
2026-09-16 18:49:20,875 - INFO - Processed offset 5200. Filtered so far: 0
2026-09-16 18:49:21,520 - INFO - Processed offset 5400. Filtered so far: 0
2026-09-16 18:49:22,042 - INFO - Processed offset 5600. Filtered so far: 0
2026-09-16 18:49:22,733 - INFO - Processed offset 5800. Filtered so far: 0
2026-09-16 18:49:23,263 - INFO - Processed offset 6000. Filtered so far: 0
2026-09-16 18:49:23,851 - INFO - Processed offset 6200. Filtered so far: 0
2026-09-16 18:49:24,390 - INFO - Processed offset 6400. Filtered so far: 0
2026-09-16 18:49:24,918 - INFO - Processed offset 6600. Filtered so far: 0
2026-09-16 18:49:25,441 - INFO - Processed offset 6800. Filtered so far: 0
2026-09-16 18:49:26,182 - INFO - Processed offset 7000. Filtered so far: 150
2026-09-16 18:49:26,698 - INFO - Processed offset 7200. Filtered so far: 187
2026-09-16 18:49:28,029 - INFO - Processed offset 7400. Filtered so far: 206
2026-09-16 18:49:29,902 - INFO - Processed offset 7600. Filtered so far: 221
2026-09-16 18:49:31,164 - INFO - Processed offset 7800. Filtered so far: 236
2026-09-16 18:49:31,776 - INFO - Processed offset 8000. Filtered so far: 261
2026-09-16 18:49:32,703 - INFO - Processed offset 8200. Filtered so far: 284
2026-09-16 18:49:33,365 - INFO - Processed offset 8400. Filtered so far: 356
2026-09-16 18:49:33,919 - INFO - Processed offset 8600. Filtered so far: 425
2026-09-16 18:49:34,632 - INFO - Processed offset 8800. Filtered so far: 506
2026-09-16 18:49:35,153 - INFO - Processed offset 9000. Filtered so far: 546
2026-09-16 18:49:35,869 - INFO - Reached records older than start_time. Stopping.
2026-09-16 18:49:35,870 - INFO - Retrieval complete. 561 records for 7 target devices.
2026-09-16 18:49:35,871 - INFO - Status breakdown: {'COMPLETED': 550, 'DEPLOY_FAILED': 1, 'RUN_ABORTED': 5, 'RUN_FAILED': 5}
2026-09-16 18:49:35,871 - INFO - Device breakdown: {'gcp10wbtrpap04': 87, 'DT-1001-G62J7W3': 190, 'gcp10wbtrpap02': 12, 'gcp10wbtrpap03': 28, 'DT-1001-7B3NM24': 134, 'gcp10wbtrpap01': 15, 'gcp10wbtrpap05': 95}
2026-09-16 18:49:35,968 - INFO - Excel saved: D:\Adani_projects\RPA-UI-Dashboard\backend\uploads\aa_sync\Adani_Daily_Bot_Status_2026-09-16_13-19-35.xlsx  (561 rows)
2026-09-16 18:49:36,026 - INFO - JSON archive saved: D:\Adani_projects\RPA-UI-Dashboard\backend\uploads\aa_sync\json\aa_raw_2026-09-16_13-19-35.json
2026-09-16 18:49:36,026 - INFO - ============================================================
2026-09-16 18:49:36,026 - INFO - Automation Anywhere Sync -- Complete
2026-09-16 18:49:36,027 - INFO - Records: 561  |  Excel: D:\Adani_projects\RPA-UI-Dashboard\backend\uploads\aa_sync\Adani_Daily_Bot_Status_2026-09-16_13-19-35.xlsx
2026-09-16 18:49:36,027 - INFO - SharePoint: skipped
2026-09-16 18:49:36,027 - INFO - ============================================================
2026-09-16 18:49:38,189 - INFO - ============================================================
2026-09-16 18:49:38,189 - INFO - Automation Anywhere Sync -- Starting
2026-09-16 18:49:38,189 - INFO - Time window: 2026-09-13T00:00:00Z -> 2026-09-13T23:59:59Z
2026-09-16 18:49:38,189 - INFO - ============================================================
2026-09-16 18:49:38,190 - INFO - Authenticating with Automation Anywhere Control Room...
2026-09-16 18:49:39,865 - INFO - Authentication successful.
2026-09-16 18:49:39,868 - INFO - Fetching activities from 2026-09-13T00:00:00Z to 2026-09-13T23:59:59Z
2026-09-16 18:49:40,654 - INFO - Total API records in time window: 223804
2026-09-16 18:49:40,654 - INFO - Processed offset 0. Filtered so far: 0
2026-09-16 18:49:41,188 - INFO - Processed offset 200. Filtered so far: 0
2026-09-16 18:49:41,801 - INFO - Processed offset 400. Filtered so far: 0
2026-09-16 18:49:42,524 - INFO - Processed offset 600. Filtered so far: 0
2026-09-16 18:49:43,237 - INFO - Processed offset 800. Filtered so far: 0
2026-09-16 18:49:43,948 - INFO - Processed offset 1000. Filtered so far: 0
2026-09-16 18:49:44,609 - INFO - Processed offset 1200. Filtered so far: 0
2026-09-16 18:49:45,181 - INFO - Processed offset 1400. Filtered so far: 0
2026-09-16 18:49:45,765 - INFO - Processed offset 1600. Filtered so far: 0
2026-09-16 18:49:46,344 - INFO - Processed offset 1800. Filtered so far: 0
2026-09-16 18:49:47,010 - INFO - Processed offset 2000. Filtered so far: 0
2026-09-16 18:49:47,698 - INFO - Processed offset 2200. Filtered so far: 0
2026-09-16 18:49:48,350 - INFO - Processed offset 2400. Filtered so far: 0
2026-09-16 18:49:48,968 - INFO - Processed offset 2600. Filtered so far: 0
2026-09-16 18:49:49,570 - INFO - Processed offset 2800. Filtered so far: 0
2026-09-16 18:49:50,307 - INFO - Processed offset 3000. Filtered so far: 0
2026-09-16 18:49:50,978 - INFO - Processed offset 3200. Filtered so far: 0
2026-09-16 18:49:51,691 - INFO - Processed offset 3400. Filtered so far: 0
2026-09-16 18:49:52,379 - INFO - Processed offset 3600. Filtered so far: 0
2026-09-16 18:49:52,901 - INFO - Processed offset 3800. Filtered so far: 0
2026-09-16 18:49:53,573 - INFO - Processed offset 4000. Filtered so far: 0
2026-09-16 18:49:54,245 - INFO - Processed offset 4200. Filtered so far: 0
2026-09-16 18:49:54,790 - INFO - Processed offset 4400. Filtered so far: 0
2026-09-16 18:49:55,433 - INFO - Processed offset 4600. Filtered so far: 0
2026-09-16 18:49:56,039 - INFO - Processed offset 4800. Filtered so far: 135
2026-09-16 18:49:56,749 - INFO - Processed offset 5000. Filtered so far: 187
2026-09-16 18:49:57,262 - INFO - Processed offset 5200. Filtered so far: 205
2026-09-16 18:49:57,836 - INFO - Processed offset 5400. Filtered so far: 219
2026-09-16 18:49:58,474 - INFO - Processed offset 5600. Filtered so far: 235
2026-09-16 18:49:59,075 - INFO - Processed offset 5800. Filtered so far: 255
2026-09-16 18:49:59,708 - INFO - Processed offset 6000. Filtered so far: 280
2026-09-16 18:50:00,437 - INFO - Processed offset 6200. Filtered so far: 312
2026-09-16 18:50:00,969 - INFO - Processed offset 6400. Filtered so far: 340
2026-09-16 18:50:03,271 - INFO - Processed offset 6600. Filtered so far: 392
2026-09-16 18:50:05,564 - INFO - Processed offset 6800. Filtered so far: 521
2026-09-16 18:50:08,119 - INFO - Reached records older than start_time. Stopping.
2026-09-16 18:50:08,119 - INFO - Retrieval complete. 525 records for 7 target devices.
2026-09-16 18:50:08,121 - INFO - Status breakdown: {'COMPLETED': 508, 'RUN_ABORTED': 12, 'RUN_FAILED': 5}
2026-09-16 18:50:08,122 - INFO - Device breakdown: {'gcp10wbtrpap04': 87, 'DT-1001-G62J7W3': 148, 'gcp10wbtrpap05': 93, 'gcp10wbtrpap02': 14, 'gcp10wbtrpap03': 31, 'DT-1001-7B3NM24': 137, 'gcp10wbtrpap01': 15}
2026-09-16 18:50:08,304 - INFO - Excel saved: D:\Adani_projects\RPA-UI-Dashboard\backend\uploads\aa_sync\Adani_Daily_Bot_Status_2026-09-16_13-20-08.xlsx  (525 rows)
2026-09-16 18:50:08,471 - INFO - JSON archive saved: D:\Adani_projects\RPA-UI-Dashboard\backend\uploads\aa_sync\json\aa_raw_2026-09-16_13-20-08.json
2026-09-16 18:50:08,472 - INFO - ============================================================
2026-09-16 18:50:08,472 - INFO - Automation Anywhere Sync -- Complete
2026-09-16 18:50:08,472 - INFO - Records: 525  |  Excel: D:\Adani_projects\RPA-UI-Dashboard\backend\uploads\aa_sync\Adani_Daily_Bot_Status_2026-09-16_13-20-08.xlsx
2026-09-16 18:50:08,472 - INFO - SharePoint: skipped
2026-09-16 18:50:08,472 - INFO - ============================================================
2026-09-16 18:50:15,314 - INFO - ============================================================
2026-09-16 18:50:15,315 - INFO - Automation Anywhere Sync -- Starting
2026-09-16 18:50:15,315 - INFO - Time window: 2026-09-14T00:00:00Z -> 2026-09-14T23:59:59Z
2026-09-16 18:50:15,315 - INFO - ============================================================
2026-09-16 18:50:15,316 - INFO - Authenticating with Automation Anywhere Control Room...
2026-09-16 18:50:17,474 - INFO - Authentication successful.
2026-09-16 18:50:17,479 - INFO - Fetching activities from 2026-09-14T00:00:00Z to 2026-09-14T23:59:59Z
2026-09-16 18:50:18,974 - INFO - Total API records in time window: 223807
2026-09-16 18:50:18,975 - INFO - Processed offset 0. Filtered so far: 0
2026-09-16 18:50:20,061 - INFO - Processed offset 200. Filtered so far: 0
2026-09-16 18:50:21,240 - INFO - Processed offset 400. Filtered so far: 0
2026-09-16 18:50:22,779 - INFO - Processed offset 600. Filtered so far: 0
2026-09-16 18:57:06,694 - INFO - Processed offset 800. Filtered so far: 0
2026-09-16 18:57:08,177 - INFO - Processed offset 1000. Filtered so far: 0
2026-09-16 18:57:09,619 - INFO - Processed offset 1200. Filtered so far: 0
2026-09-16 18:57:10,689 - INFO - Processed offset 1400. Filtered so far: 0
2026-09-16 18:57:11,659 - INFO - Processed offset 1600. Filtered so far: 0
2026-09-16 18:57:12,614 - INFO - Processed offset 1800. Filtered so far: 0
2026-09-16 18:57:13,524 - INFO - Processed offset 2000. Filtered so far: 0
2026-09-16 18:57:14,323 - INFO - Processed offset 2200. Filtered so far: 0
2026-09-16 18:57:15,028 - INFO - Processed offset 2400. Filtered so far: 0
2026-09-16 18:57:15,836 - INFO - Processed offset 2600. Filtered so far: 86
2026-09-16 18:57:16,772 - INFO - Processed offset 2800. Filtered so far: 177
2026-09-16 18:57:17,492 - INFO - Processed offset 3000. Filtered so far: 200
2026-09-16 18:57:18,304 - INFO - Processed offset 3200. Filtered so far: 214
2026-09-16 18:57:19,033 - INFO - Processed offset 3400. Filtered so far: 234
2026-09-16 18:57:19,746 - INFO - Processed offset 3600. Filtered so far: 256
2026-09-16 18:57:20,333 - INFO - Processed offset 3800. Filtered so far: 277
2026-09-16 18:57:20,974 - INFO - Processed offset 4000. Filtered so far: 299
2026-09-16 18:57:21,704 - INFO - Processed offset 4200. Filtered so far: 320
2026-09-16 18:57:22,302 - INFO - Processed offset 4400. Filtered so far: 347
2026-09-16 18:57:23,021 - INFO - Processed offset 4600. Filtered so far: 378
2026-09-16 18:57:23,586 - INFO - Reached records older than start_time. Stopping.
2026-09-16 18:57:23,586 - INFO - Retrieval complete. 382 records for 7 target devices.
2026-09-16 18:57:23,587 - INFO - Status breakdown: {'COMPLETED': 368, 'RUN_ABORTED': 11, 'RUN_FAILED': 3}
2026-09-16 18:57:23,587 - INFO - Device breakdown: {'gcp10wbtrpap04': 87, 'DT-1001-G62J7W3': 17, 'gcp10wbtrpap02': 16, 'gcp10wbtrpap03': 29, 'DT-1001-7B3NM24': 132, 'gcp10wbtrpap01': 16, 'gcp10wbtrpap05': 85}
2026-09-16 18:57:23,653 - INFO - Excel saved: D:\Adani_projects\RPA-UI-Dashboard\backend\uploads\aa_sync\Adani_Daily_Bot_Status_2026-09-16_13-27-23.xlsx  (382 rows)
2026-09-16 18:57:23,696 - INFO - JSON archive saved: D:\Adani_projects\RPA-UI-Dashboard\backend\uploads\aa_sync\json\aa_raw_2026-09-16_13-27-23.json
2026-09-16 18:57:23,696 - INFO - ============================================================
2026-09-16 18:57:23,696 - INFO - Automation Anywhere Sync -- Complete
2026-09-16 18:57:23,696 - INFO - Records: 382  |  Excel: D:\Adani_projects\RPA-UI-Dashboard\backend\uploads\aa_sync\Adani_Daily_Bot_Status_2026-09-16_13-27-23.xlsx
2026-09-16 18:57:23,697 - INFO - SharePoint: skipped
2026-09-16 18:57:23,697 - INFO - ============================================================
2026-09-16 18:57:25,683 - INFO - ============================================================
2026-09-16 18:57:25,683 - INFO - Automation Anywhere Sync -- Starting
2026-09-16 18:57:25,683 - INFO - Time window: 2026-09-15T00:00:00Z -> 2026-09-15T23:59:59Z
2026-09-16 18:57:25,683 - INFO - ============================================================
2026-09-16 18:57:25,683 - INFO - Authenticating with Automation Anywhere Control Room...
2026-09-16 18:57:26,797 - INFO - Authentication successful.
2026-09-16 18:57:26,800 - INFO - Fetching activities from 2026-09-15T00:00:00Z to 2026-09-15T23:59:59Z
2026-09-16 18:57:27,627 - INFO - Total API records in time window: 223812
2026-09-16 18:57:27,628 - INFO - Processed offset 0. Filtered so far: 0
2026-09-16 18:57:28,652 - INFO - Processed offset 200. Filtered so far: 0
2026-09-16 18:57:29,372 - INFO - Processed offset 400. Filtered so far: 0
2026-09-16 18:57:29,980 - INFO - Processed offset 600. Filtered so far: 0
2026-09-16 18:57:30,755 - INFO - Processed offset 800. Filtered so far: 0
2026-09-16 18:57:31,624 - INFO - Processed offset 1000. Filtered so far: 0
2026-09-16 18:57:32,446 - INFO - Processed offset 1200. Filtered so far: 14
2026-09-16 18:57:33,465 - INFO - Processed offset 1400. Filtered so far: 76
2026-09-16 18:57:34,495 - INFO - Processed offset 1600. Filtered so far: 114
2026-09-16 18:57:35,514 - INFO - Processed offset 1800. Filtered so far: 148
2026-09-16 18:57:36,762 - INFO - Processed offset 2000. Filtered so far: 175
2026-09-16 18:57:37,866 - INFO - Processed offset 2200. Filtered so far: 208
2026-09-16 18:57:38,797 - INFO - Processed offset 2400. Filtered so far: 254
2026-09-16 18:57:39,770 - INFO - Reached records older than start_time. Stopping.
2026-09-16 18:57:39,771 - INFO - Retrieval complete. 273 records for 7 target devices.
2026-09-16 18:57:39,772 - INFO - Status breakdown: {'COMPLETED': 253, 'RUN_ABORTED': 11, 'RUN_FAILED': 9}
2026-09-16 18:57:39,772 - INFO - Device breakdown: {'DT-1001-G62J7W3': 14, 'gcp10wbtrpap04': 87, 'DT-1001-7B3NM24': 11, 'gcp10wbtrpap05': 93, 'gcp10wbtrpap02': 13, 'gcp10wbtrpap03': 41, 'gcp10wbtrpap01': 14}
2026-09-16 18:57:39,867 - INFO - Excel saved: D:\Adani_projects\RPA-UI-Dashboard\backend\uploads\aa_sync\Adani_Daily_Bot_Status_2026-09-16_13-27-39.xlsx  (273 rows)
2026-09-16 18:57:39,944 - INFO - JSON archive saved: D:\Adani_projects\RPA-UI-Dashboard\backend\uploads\aa_sync\json\aa_raw_2026-09-16_13-27-39.json
2026-09-16 18:57:39,945 - INFO - ============================================================
2026-09-16 18:57:39,945 - INFO - Automation Anywhere Sync -- Complete
2026-09-16 18:57:39,948 - INFO - Records: 273  |  Excel: D:\Adani_projects\RPA-UI-Dashboard\backend\uploads\aa_sync\Adani_Daily_Bot_Status_2026-09-16_13-27-39.xlsx
2026-09-16 18:57:39,948 - INFO - SharePoint: skipped
2026-09-16 18:57:39,948 - INFO - ============================================================
2026-09-16 18:57:43,040 - INFO - ============================================================
2026-09-16 18:57:43,041 - INFO - Automation Anywhere Sync -- Starting
2026-09-16 18:57:43,041 - INFO - Time window: 2026-09-16T00:00:00Z -> 2026-09-16T23:59:59Z
2026-09-16 18:57:43,042 - INFO - ============================================================
2026-09-16 18:57:43,042 - INFO - Authenticating with Automation Anywhere Control Room...
2026-09-16 18:57:44,859 - INFO - Authentication successful.
2026-09-16 18:57:44,862 - INFO - Fetching activities from 2026-09-16T00:00:00Z to 2026-09-16T23:59:59Z
2026-09-16 18:57:45,651 - INFO - Total API records in time window: 223812
2026-09-16 18:57:45,652 - INFO - Processed offset 0. Filtered so far: 12
2026-09-16 18:57:46,631 - INFO - Processed offset 200. Filtered so far: 87
2026-09-16 18:57:47,619 - INFO - Processed offset 400. Filtered so far: 218
2026-09-16 18:57:48,346 - INFO - Processed offset 600. Filtered so far: 347
2026-09-16 18:57:49,351 - INFO - Processed offset 800. Filtered so far: 411
2026-09-16 18:57:50,187 - INFO - Processed offset 1000. Filtered so far: 480
2026-09-16 18:57:51,039 - INFO - Reached records older than start_time. Stopping.
2026-09-16 18:57:51,039 - INFO - Retrieval complete. 592 records for 7 target devices.
2026-09-16 18:57:51,040 - INFO - Status breakdown: {'COMPLETED': 563, 'DEPLOY_FAILED': 1, 'RUN_ABORTED': 21, 'RUN_FAILED': 7}
2026-09-16 18:57:51,040 - INFO - Device breakdown: {'gcp10wbtrpap05': 62, 'gcp10wbtrpap02': 10, 'gcp10wbtrpap01': 25, 'DT-1001-G62J7W3': 186, 'gcp10wbtrpap03': 17, 'DT-1001-7B3NM24': 263, 'gcp10wbtrpap04': 29}
2026-09-16 18:57:51,196 - INFO - Excel saved: D:\Adani_projects\RPA-UI-Dashboard\backend\uploads\aa_sync\Adani_Daily_Bot_Status_2026-09-16_13-27-51.xlsx  (592 rows)
2026-09-16 18:57:51,323 - INFO - JSON archive saved: D:\Adani_projects\RPA-UI-Dashboard\backend\uploads\aa_sync\json\aa_raw_2026-09-16_13-27-51.json
2026-09-16 18:57:51,324 - INFO - ============================================================
2026-09-16 18:57:51,324 - INFO - Automation Anywhere Sync -- Complete
2026-09-16 18:57:51,324 - INFO - Records: 592  |  Excel: D:\Adani_projects\RPA-UI-Dashboard\backend\uploads\aa_sync\Adani_Daily_Bot_Status_2026-09-16_13-27-51.xlsx
2026-09-16 18:57:51,324 - INFO - SharePoint: skipped
2026-09-16 18:57:51,324 - INFO - ============================================================
2026-09-17 18:00:03,623 - INFO - ============================================================
2026-09-17 18:00:03,623 - INFO - Automation Anywhere Sync -- Starting
2026-09-17 18:00:03,623 - INFO - Time window: 2026-09-16T12:30:03Z -> 2026-09-17T12:30:03Z
2026-09-17 18:00:03,624 - INFO - ============================================================
2026-09-17 18:00:03,624 - INFO - Authenticating with Automation Anywhere Control Room...
2026-09-17 18:00:04,678 - INFO - Authentication successful.
2026-09-17 18:00:04,679 - INFO - Fetching activities from 2026-09-16T12:30:03Z to 2026-09-17T12:30:03Z
2026-09-17 18:00:08,513 - INFO - Total API records in time window: 223280
2026-09-17 18:00:08,513 - INFO - Processed offset 0. Filtered so far: 35
2026-09-17 18:00:10,457 - INFO - Processed offset 200. Filtered so far: 54
2026-09-17 18:00:11,605 - INFO - Processed offset 400. Filtered so far: 75
2026-09-17 18:00:12,578 - INFO - Processed offset 600. Filtered so far: 104
2026-09-17 18:00:13,612 - INFO - Processed offset 800. Filtered so far: 151
2026-09-17 18:00:14,551 - INFO - Processed offset 1000. Filtered so far: 275
2026-09-17 18:00:15,318 - INFO - Processed offset 1200. Filtered so far: 416
2026-09-17 18:00:16,006 - INFO - Processed offset 1400. Filtered so far: 427
2026-09-17 18:00:21,722 - INFO - Processed offset 1600. Filtered so far: 446
2026-09-17 18:00:23,561 - INFO - Processed offset 1800. Filtered so far: 460
2026-09-17 18:00:24,472 - INFO - Processed offset 2000. Filtered so far: 478
2026-09-17 18:00:25,572 - INFO - Reached records older than start_time. Stopping.
2026-09-17 18:00:25,573 - INFO - Retrieval complete. 485 records for 7 target devices.
2026-09-17 18:00:25,574 - INFO - Status breakdown: {'COMPLETED': 462, 'RUN_ABORTED': 15, 'RUN_FAILED': 7, 'DEPLOY_FAILED': 1}
2026-09-17 18:00:25,574 - INFO - Device breakdown: {'gcp10wbtrpap04': 45, 'gcp10wbtrpap01': 21, 'gcp10wbtrpap02': 18, 'gcp10wbtrpap05': 85, 'gcp10wbtrpap03': 39, 'DT-1001-G62J7W3': 147, 'DT-1001-7B3NM24': 130}
2026-09-17 18:00:25,712 - INFO - Excel saved: D:\Adani_projects\RPA-UI-Dashboard\backend\uploads\aa_sync\Adani_Daily_Bot_Status_2026-09-17_12-30-25.xlsx  (485 rows)
2026-09-17 18:00:25,871 - INFO - JSON archive saved: D:\Adani_projects\RPA-UI-Dashboard\backend\uploads\aa_sync\json\aa_raw_2026-09-17_12-30-25.json
2026-09-17 18:00:27,502 - INFO - SharePoint upload: SUCCESS
2026-09-17 18:00:27,502 - INFO - ============================================================
2026-09-17 18:00:27,502 - INFO - Automation Anywhere Sync -- Complete
2026-09-17 18:00:27,502 - INFO - Records: 485  |  Excel: D:\Adani_projects\RPA-UI-Dashboard\backend\uploads\aa_sync\Adani_Daily_Bot_Status_2026-09-17_12-30-25.xlsx
2026-09-17 18:00:27,503 - INFO - SharePoint: success
2026-09-17 18:00:27,503 - INFO - ============================================================
2026-09-18 18:00:22,684 - INFO - ============================================================
2026-09-18 18:00:22,687 - INFO - Automation Anywhere Sync -- Starting
2026-09-18 18:00:22,690 - INFO - Time window: 2026-09-17T12:30:22Z -> 2026-09-18T12:30:22Z
2026-09-18 18:00:22,691 - INFO - ============================================================
2026-09-18 18:00:22,694 - INFO - Authenticating with Automation Anywhere Control Room...
2026-09-18 18:00:29,211 - INFO - Authentication successful.
2026-09-18 18:00:29,220 - INFO - Fetching activities from 2026-09-17T12:30:22Z to 2026-09-18T12:30:22Z
2026-09-18 18:00:31,941 - INFO - Total API records in time window: 222740
2026-09-18 18:00:31,948 - INFO - Processed offset 0. Filtered so far: 22
2026-09-18 18:00:34,847 - INFO - Processed offset 200. Filtered so far: 46
2026-09-18 18:00:47,371 - INFO - Processed offset 400. Filtered so far: 80
2026-09-18 18:00:59,794 - INFO - Processed offset 600. Filtered so far: 152
2026-09-18 18:01:40,957 - INFO - Processed offset 800. Filtered so far: 309
2026-09-18 18:01:43,022 - INFO - Processed offset 1000. Filtered so far: 363
2026-09-18 18:01:44,185 - INFO - Processed offset 1200. Filtered so far: 393
2026-09-18 18:01:45,314 - INFO - Reached records older than start_time. Stopping.
2026-09-18 18:01:45,316 - INFO - Retrieval complete. 407 records for 7 target devices.
2026-09-18 18:01:45,317 - INFO - Status breakdown: {'COMPLETED': 394, 'RUN_FAILED': 1, 'RUN_ABORTED': 11, 'DEPLOY_FAILED': 1}
2026-09-18 18:01:45,317 - INFO - Device breakdown: {'gcp10wbtrpap04': 87, 'gcp10wbtrpap05': 95, 'gcp10wbtrpap01': 19, 'gcp10wbtrpap02': 17, 'gcp10wbtrpap03': 33, 'DT-1001-G62J7W3': 26, 'DT-1001-7B3NM24': 130}
2026-09-18 18:01:45,457 - INFO - Excel saved: D:\Adani_projects\RPA-UI-Dashboard\backend\uploads\aa_sync\Adani_Daily_Bot_Status_2026-09-18_12-31-45.xlsx  (407 rows)
2026-09-18 18:01:45,598 - INFO - JSON archive saved: D:\Adani_projects\RPA-UI-Dashboard\backend\uploads\aa_sync\json\aa_raw_2026-09-18_12-31-45.json
2026-09-18 18:01:47,409 - INFO - SharePoint upload: SUCCESS
2026-09-18 18:01:47,409 - INFO - ============================================================
2026-09-18 18:01:47,410 - INFO - Automation Anywhere Sync -- Complete
2026-09-18 18:01:47,410 - INFO - Records: 407  |  Excel: D:\Adani_projects\RPA-UI-Dashboard\backend\uploads\aa_sync\Adani_Daily_Bot_Status_2026-09-18_12-31-45.xlsx
2026-09-18 18:01:47,411 - INFO - SharePoint: success
2026-09-18 18:01:47,411 - INFO - ============================================================
2026-09-20 01:34:53,338 - INFO - ============================================================
2026-09-20 01:34:53,339 - INFO - Automation Anywhere Sync -- Starting
2026-09-20 01:34:53,339 - INFO - Report: Bot Status Report - 18 Sep 2026 (Evening)  (18 Sep 2026 06:00 - 18 Sep 2026 18:00 IST)
2026-09-20 01:34:53,340 - INFO - Time window: 2026-09-18T00:30:00Z -> 2026-09-18T12:30:00Z
2026-09-20 01:34:53,340 - INFO - ============================================================
2026-09-20 01:34:53,340 - INFO - Authenticating with Automation Anywhere Control Room...
2026-09-20 01:34:54,865 - INFO - Authentication successful.
2026-09-20 01:34:54,868 - INFO - Fetching activities from 2026-09-18T00:30:00Z to 2026-09-18T12:30:00Z
2026-09-20 01:34:55,555 - INFO - Total API records in time window: 223668
2026-09-20 01:34:55,556 - INFO - Processed offset 0. Filtered so far: 0
2026-09-20 01:34:56,317 - INFO - Processed offset 200. Filtered so far: 0
2026-09-20 01:34:57,237 - INFO - Processed offset 400. Filtered so far: 0
2026-09-20 01:34:57,930 - INFO - Processed offset 600. Filtered so far: 0
2026-09-20 01:34:58,513 - INFO - Processed offset 800. Filtered so far: 0
2026-09-20 01:34:59,195 - INFO - Processed offset 1000. Filtered so far: 0
2026-09-20 01:34:59,717 - INFO - Processed offset 1200. Filtered so far: 0
2026-09-20 01:35:00,395 - INFO - Processed offset 1400. Filtered so far: 0
2026-09-20 01:35:01,205 - INFO - Processed offset 1600. Filtered so far: 0
2026-09-20 01:35:02,732 - INFO - Processed offset 1800. Filtered so far: 0
2026-09-20 01:35:03,989 - INFO - Processed offset 2000. Filtered so far: 0
2026-09-20 01:35:05,066 - INFO - Processed offset 2200. Filtered so far: 2
2026-09-20 01:35:06,048 - INFO - Processed offset 2400. Filtered so far: 24
2026-09-20 01:35:06,781 - INFO - Processed offset 2600. Filtered so far: 51
2026-09-20 01:35:07,345 - INFO - Processed offset 2800. Filtered so far: 94
2026-09-20 01:35:07,877 - INFO - Reached records older than start_time. Stopping.
2026-09-20 01:35:07,878 - INFO - Retrieval complete. 155 records for 7 target devices.
2026-09-20 01:35:07,878 - INFO - Status breakdown: {'COMPLETED': 143, 'RUN_FAILED': 1, 'RUN_ABORTED': 11}
2026-09-20 01:35:07,878 - INFO - Device breakdown: {'gcp10wbtrpap04': 48, 'gcp10wbtrpap05': 56, 'gcp10wbtrpap01': 11, 'gcp10wbtrpap02': 11, 'gcp10wbtrpap03': 18, 'DT-1001-G62J7W3': 11}
2026-09-20 01:35:08,670 - INFO - Excel saved: D:\Adani_projects\RPA-UI-Dashboard\backend\uploads\aa_sync\18 Sep 2026 Bot Status Report - Evening.xlsx  (155 rows, status {'Completed': 144, 'Stopped': 11}, overridden 1)
2026-09-20 01:35:08,701 - INFO - JSON archive saved: D:\Adani_projects\RPA-UI-Dashboard\backend\uploads\aa_sync\json\aa_raw_2026-09-19_20-05-08.json
2026-09-20 01:35:08,701 - INFO - ============================================================
2026-09-20 01:35:08,701 - INFO - Automation Anywhere Sync -- Complete
2026-09-20 01:35:08,701 - INFO - Records: 155  |  Excel: D:\Adani_projects\RPA-UI-Dashboard\backend\uploads\aa_sync\18 Sep 2026 Bot Status Report - Evening.xlsx
2026-09-20 01:35:08,701 - INFO - SharePoint: skipped
2026-09-20 01:35:08,701 - INFO - ============================================================
2026-09-20 01:35:09,168 - INFO - ============================================================
2026-09-20 01:35:09,168 - INFO - Automation Anywhere Sync -- Starting
2026-09-20 01:35:09,169 - INFO - Report: Bot Status Report - 19 Sep 2026 (Evening)  (19 Sep 2026 06:00 - 19 Sep 2026 18:00 IST)
2026-09-20 01:35:09,169 - INFO - Time window: 2026-09-19T00:30:00Z -> 2026-09-19T12:30:00Z
2026-09-20 01:35:09,169 - INFO - ============================================================
2026-09-20 01:35:09,169 - INFO - Authenticating with Automation Anywhere Control Room...
2026-09-20 01:35:10,633 - INFO - Authentication successful.
2026-09-20 01:35:10,635 - INFO - Fetching activities from 2026-09-19T00:30:00Z to 2026-09-19T12:30:00Z
2026-09-20 01:35:11,409 - INFO - Total API records in time window: 223669
2026-09-20 01:35:11,409 - INFO - Processed offset 0. Filtered so far: 0
2026-09-20 01:35:12,112 - INFO - Processed offset 200. Filtered so far: 1
2026-09-20 01:35:12,760 - INFO - Processed offset 400. Filtered so far: 56
2026-09-20 01:35:13,369 - INFO - Processed offset 600. Filtered so far: 111
2026-09-20 01:35:14,014 - INFO - Processed offset 800. Filtered so far: 169
2026-09-20 01:35:14,674 - INFO - Processed offset 1000. Filtered so far: 212
2026-09-20 01:35:15,176 - INFO - Reached records older than start_time. Stopping.
2026-09-20 01:35:15,176 - INFO - Retrieval complete. 226 records for 7 target devices.
2026-09-20 01:35:15,177 - INFO - Status breakdown: {'COMPLETED': 195, 'RUN_ABORTED': 4, 'RUN_FAILED': 9, 'DEPLOY_FAILED': 18}
2026-09-20 01:35:15,177 - INFO - Device breakdown: {'gcp10wbtrpap04': 48, 'gcp10wbtrpap05': 57, 'gcp10wbtrpap01': 6, 'gcp10wbtrpap02': 7, 'gcp10wbtrpap03': 15, 'DT-1001-G62J7W3': 91, 'DT-1001-7B3NM24': 2}
2026-09-20 01:35:15,949 - INFO - Excel saved: D:\Adani_projects\RPA-UI-Dashboard\backend\uploads\aa_sync\19 Sep 2026 Bot Status Report - Evening.xlsx  (226 rows, status {'Completed': 196, 'Stopped': 4, 'Failed': 8, 'Deploy failed': 18}, overridden 1)
2026-09-20 01:35:15,972 - INFO - JSON archive saved: D:\Adani_projects\RPA-UI-Dashboard\backend\uploads\aa_sync\json\aa_raw_2026-09-19_20-05-15.json
2026-09-20 01:35:15,972 - INFO - ============================================================
2026-09-20 01:35:15,972 - INFO - Automation Anywhere Sync -- Complete
2026-09-20 01:35:15,972 - INFO - Records: 226  |  Excel: D:\Adani_projects\RPA-UI-Dashboard\backend\uploads\aa_sync\19 Sep 2026 Bot Status Report - Evening.xlsx
2026-09-20 01:35:15,972 - INFO - SharePoint: skipped
2026-09-20 01:35:15,972 - INFO - ============================================================
