id,activityType,automationId,automationName,automationPriority,botLabel,callbackInfo,canManage,command,createdBy,createdOn,currentBotName,currentLine,deploymentId,description,deviceHostType,deviceId,deviceName,endDateTime,error_code,error_details,error_message,fileId,fileName,filePath,initiationType,message,modifiedBy,modifiedOn,progress,queueId,queueName,rolesWithAccess,runElevated,startDateTime,status,systemBot,tenantUuid,totalLines,type,userGroupName,userId,userName,usingRdp,workspaceType
5fd2aa05-966d-42a9-a548-4597693da8b7,BOT,34706,AGEL013_Merit_Order_Summary_ALLIndia_Digital,PRIORITY_MEDIUM,,,True,if,1135,2026-09-03T18:00:01.398646Z,AGEL013_Merit_Order_Summary_ALLIndia_Digital,74,ab67a7f8-f6cb-4251-9b40-9678c05e87a6,,,857,gcp10wbtrpap03,2026-09-03T18:00:17.1884294Z,,,,429475,AGEL013_Merit_Order_Summary_ALLIndia_Digital,,SCHEDULED,,1135,2026-09-03T18:00:17.290243Z,100,,,"['100005124', '386', '354', '357', '389', '359', '100011533', '382']",False,2026-09-03T18:00:15.352984Z,COMPLETED,False,0a6639c7-902a-1167-8193-5327d0ae03b3,74,SCHEDULED,,1112,bruser_agel003,False,PUBLIC
0e11fd27-7143-4b32-98c9-814cc8559399,BOT,35056,AGEL055_Monitory_Analyze,PRIORITY_MEDIUM,,,True,runApp,1133,2026-09-03T17:40:00.603614Z,AGEL055_Monitory_Analyze,211,105ccbe9-989f-4543-adad-ec11132e9072,,,852,gcp10wbtrpap05,2026-09-03T17:43:56.7711706Z,,,,516153,AGEL055_Monitory_Analyze,,SCHEDULED,,1133,2026-09-03T17:43:56.900445Z,100,,,"['100005124', '386', '354', '389', '357', '359', '392', '393', '100011533', '382']",False,2026-09-03T17:40:14.4338503Z,COMPLETED,False,0a6639c7-902a-1167-8193-5327d0ae03b3,211,SCHEDULED,,1114,bruser_agel005,False,PUBLIC
a2c5438c-fc53-4beb-a39d-735964d64662,BOT,35442,ANIL012_PXIL_RTM_Data_Extraction,PRIORITY_MEDIUM,,,True,SendMailV2,1135,2026-09-03T17:30:02.371551Z,ANIL012_PXIL_RTM_Data_Extraction,47,e41d764e-da68-4813-8459-3e0151936105,,,852,gcp10wbtrpap05,2026-09-03T17:31:03.5063682Z,,,,606875,ANIL012_PXIL_RTM_Data_Extraction,,SCHEDULED,,1135,2026-09-03T17:31:03.650597Z,100,,,"['100005124', '386', '354', '356', '389', '357', '359', '100011533', '382']",False,2026-09-03T17:30:15.9341694Z,COMPLETED,False,0a6639c7-902a-1167-8193-5327d0ae03b3,47,SCHEDULED,,1114,bruser_agel005,False,PUBLIC
794c3b04-d605-4a8b-9d99-dfc7f1a6793d,BOT,100014221,AGEL151_DMS live tracker,PRIORITY_MEDIUM,,,True,messageBox,1134,2026-09-03T17:30:02.123201Z,AGEL151_DMS live tracker,20,eae5bdd0-67de-4753-a837-2ae538c67e63,,,1061,gcp10wbtrpap01,2026-09-03T17:30:44.7640873Z,,,,101801684,AGEL151_DMS live tracker,,SCHEDULED,,1134,2026-09-03T17:30:44.890381Z,100,,,"['100005124', '354', '386', '357', '389', '359', '392', '393', '100011533', '382']",False,2026-09-03T17:30:15.4589038Z,COMPLETED,False,0a6639c7-902a-1167-8193-5327d0ae03b3,20,SCHEDULED,,1111,bruser_agel002,False,PUBLIC
db411992-b041-43a8-a544-0aceea2430b3,BOT,35382,AGEL059_ERCG_Fatehgarh_Email_Notification.25.08.25.22.30.15.devuser_agel002,PRIORITY_MEDIUM,,,True,if,1133,2026-09-03T17:00:01.992416Z,AGEL059_ERCG_Fatehgarh_Email_Notification,50,bee877f4-8fd3-4d70-82c1-3f502241deb1,,,857,gcp10wbtrpap03,2026-09-03T17:03:38.3616373Z,,,,558520,AGEL059_ERCG_Fatehgarh_Email_Notification,,SCHEDULED,,1133,2026-09-03T17:03:38.529799Z,100,,,"['100005124', '354', '386', '357', '389', '359', '392', '393', '100011533', '382']",False,2026-09-03T17:00:27.0804322Z,COMPLETED,False,0a6639c7-902a-1167-8193-5327d0ae03b3,50,SCHEDULED,,1112,bruser_agel003,False,PUBLIC
0b32fc04-b2ce-4796-bf2f-66d51911bbd3,BOT,34705,AGEL013_Merit_Order_Summary_ALLIndia_Digital,PRIORITY_MEDIUM,,,True,if,1135,2026-09-03T17:00:01.233095Z,AGEL013_Merit_Order_Summary_ALLIndia_Digital,74,a09d6812-6187-4f13-b34e-a0a348301a1e,,,857,gcp10wbtrpap03,2026-09-03T17:00:15.9007742Z,,,,429475,AGEL013_Merit_Order_Summary_ALLIndia_Digital,,SCHEDULED,,1135,2026-09-03T17:00:16.0207Z,100,,,"['100005124', '386', '354', '357', '389', '359', '100011533', '382']",False,2026-09-03T17:00:14.1478644Z,COMPLETED,False,0a6639c7-902a-1167-8193-5327d0ae03b3,74,SCHEDULED,,1112,bruser_agel003,False,PUBLIC
12a03365-5b18-4e21-9e31-fed9523b26f9,BOT,100012348,ANIL028_zsa003N_G_Dump,PRIORITY_MEDIUM,,,True,messageBox,1135,2026-09-03T16:30:02.757111Z,ANIL028_zsa003N_G_Dump,60,51d76945-db2a-4e6b-9431-8072c33c571a,,,852,gcp10wbtrpap05,2026-09-03T16:34:47.0110948Z,,,,101763950,ANIL028_zsa003N_G_Dump,,SCHEDULED,,1135,2026-09-03T16:34:47.124835Z,100,,,"['100005124', '354', '386', '356', '357', '389', '359', '100011533', '382']",False,2026-09-03T16:33:53.6429359Z,COMPLETED,False,0a6639c7-902a-1167-8193-5327d0ae03b3,60,SCHEDULED,,1114,bruser_agel005,False,PUBLIC
b05a20bc-c567-48f1-a693-3ee3fdb917e4,BOT,34703,AUC172_DowntimeSecurityPatch&VAOpen_MasterBot,PRIORITY_MEDIUM,,,True,loop.commands.start,1135,2026-09-03T16:30:02.493944Z,AUC172_DowntimeSecurityPatch&VAOpen_MasterBot,50,f6e638f1-897f-42ea-b932-d95785d57a37,,,852,gcp10wbtrpap05,2026-09-03T16:33:40.9500834Z,,,,423407,AUC172_DowntimeSecurityPatch&VAOpen_MasterBot,,SCHEDULED,,1135,2026-09-03T16:33:41.043995Z,100,,,"['100005124', '354', '386', '389', '357', '359', '100011533', '382']",False,2026-09-03T16:33:33.7469413Z,COMPLETED,False,0a6639c7-902a-1167-8193-5327d0ae03b3,50,SCHEDULED,,1114,bruser_agel005,False,PUBLIC
c4d48435-e303-4b67-ba72-50a7d967235a,BOT,100012806,ANIL029_ZVMS_Report,PRIORITY_MEDIUM,,,True,messageBox,1135,2026-09-03T16:30:01.929697Z,ANIL029_ZVMS_Report,103,07122787-611f-49d3-af07-d2d6556477f9,,,852,gcp10wbtrpap05,2026-09-03T16:33:15.4647553Z,,,,101830732,ANIL029_ZVMS_Report,,SCHEDULED,,1135,2026-09-03T16:33:15.627242Z,100,,,"['100005124', '354', '386', '356', '357', '389', '359', '100011533', '382']",False,2026-09-03T16:31:16.6049272Z,COMPLETED,False,0a6639c7-902a-1167-8193-5327d0ae03b3,103,SCHEDULED,,1114,bruser_agel005,False,PUBLIC
f861dd18-304a-453d-bf09-3a0682daa7c1,BOT,35442,ANIL012_PXIL_RTM_Data_Extraction,PRIORITY_MEDIUM,,,True,SendMailV2,1135,2026-09-03T16:30:02.248433Z,ANIL012_PXIL_RTM_Data_Extraction,47,87271659-48ba-4fc4-bcf9-34d695fc582a,,,852,gcp10wbtrpap05,2026-09-03T16:31:03.850138Z,,,,606875,ANIL012_PXIL_RTM_Data_Extraction,,SCHEDULED,,1135,2026-09-03T16:31:03.963024Z,100,,,"['100005124', '386', '354', '356', '389', '357', '359', '100011533', '382']",False,2026-09-03T16:30:16.6035211Z,COMPLETED,False,0a6639c7-902a-1167-8193-5327d0ae03b3,47,SCHEDULED,,1114,bruser_agel005,False,PUBLIC
1028a1c3-eaa4-4f36-8c72-e8009dc0e1e4,BOT,0,PVSyst_TriggerBot_03.2026.09.03.13.54.51.bruser_agel006,PRIORITY_MEDIUM,,,True,assign,1115,2026-09-03T13:54:52.002511Z,PVSyst_TriggerBot_03,100,f2c77217-f86c-4917-bd41-64684ffef8c8,,,100007253,DT-1001-7B3NM24,2026-09-03T15:42:14.6867526Z,,,,427701,PVSyst_TriggerBot_03,,TRIGGER,,1115,2026-09-03T15:42:15.002433Z,100,,,"['100005124', '354', '386', '389', '357', '359', '392', '100011533', '382']",False,2026-09-03T14:43:31.9879113Z,COMPLETED,False,0a6639c7-902a-1167-8193-5327d0ae03b3,100,TRIGGER,,1115,bruser_agel006,False,PUBLIC
d1d75fdc-8ea7-4992-9ccf-798e3bccdaaf,BOT,35060,AGEL053_UP_Final_Schedule_Notification,PRIORITY_MEDIUM,,,True,createFolder,1133,2026-09-03T15:30:02.338056Z,AGEL053_UP_Final_Schedule_Notification,150,94b7f2b9-1562-4d8b-9754-35cc75015f3d,,,852,gcp10wbtrpap05,2026-09-03T15:34:22.5114241Z,,,,516676,AGEL053_UP_Final_Schedule_Notification,,SCHEDULED,,1133,2026-09-03T15:34:22.639828Z,100,,,"['100005124', '386', '354', '389', '357', '359', '392', '393', '100011533', '382']",False,2026-09-03T15:31:12.4270194Z,COMPLETED,False,0a6639c7-902a-1167-8193-5327d0ae03b3,150,SCHEDULED,,1114,bruser_agel005,False,PUBLIC
a27e065b-73e4-4690-8b55-0aac57256169,BOT,35442,ANIL012_PXIL_RTM_Data_Extraction,PRIORITY_MEDIUM,,,True,SendMailV2,1135,2026-09-03T15:30:01.116822Z,ANIL012_PXIL_RTM_Data_Extraction,47,851e0547-ae74-4c5b-ab0c-7cdbbef2e4d2,,,852,gcp10wbtrpap05,2026-09-03T15:30:58.7273604Z,,,,606875,ANIL012_PXIL_RTM_Data_Extraction,,SCHEDULED,,1135,2026-09-03T15:30:58.859471Z,100,,,"['100005124', '386', '354', '356', '389', '357', '359', '100011533', '382']",False,2026-09-03T15:30:12.4602628Z,COMPLETED,False,0a6639c7-902a-1167-8193-5327d0ae03b3,47,SCHEDULED,,1114,bruser_agel005,False,PUBLIC
ea4afc1f-1031-4dec-bdf6-f5c94d4bca57,BOT,0,AUC202_AGEL_Main_Source&Utilization.26.09.03.20.35.39.devuser_agel002,PRIORITY_MEDIUM,,,True,delay,1133,2026-09-03T15:06:28.750908Z,AUC202_AGEL_Main_Source&Utilization,136,a3632169-bc71-459c-8bf0-b3e318ec1a03,,,830,gcp10wbtrpap02,2026-09-03T15:18:26.0008481Z,,,,415396,AUC202_AGEL_Main_Source&Utilization,,RUN_NOW,,1133,2026-09-03T15:18:26.137972Z,100,,,"['385', '100005124', '386', '354', '387', '389', '357', '359', '100011533', '382']",False,2026-09-03T15:06:39.8121595Z,COMPLETED,False,0a6639c7-902a-1167-8193-5327d0ae03b3,136,RUN_NOW,,1110,bruser_agel001,False,PUBLIC
521f9960-a3be-48c4-aac1-758481ed727c,BOT,34751,AUC173_AGEL_LCOptimization_Live_Limit,PRIORITY_MEDIUM,,,True,SendMailV2,1135,2026-09-03T15:15:01.135399Z,AUC173_AGEL_LCOptimization_Live_Limit,46,8999e935-c4da-47c2-8833-1b34e07273b3,,,857,gcp10wbtrpap03,2026-09-03T15:16:17.3907444Z,,,,431184,AUC173_AGEL_LCOptimization_Live_Limit,,SCHEDULED,,1135,2026-09-03T15:16:17.563046Z,100,,,"['100005124', '354', '386', '389', '357', '359', '100011533', '382']",False,2026-09-03T15:15:14.1500543Z,COMPLETED,False,0a6639c7-902a-1167-8193-5327d0ae03b3,46,SCHEDULED,,1112,bruser_agel003,False,PUBLIC
48060c89-b7ba-41ff-9585-1411a5e82c74,BOT,34704,AGEL013_Merit_Order_Summary_ALLIndia_Digital,PRIORITY_MEDIUM,,,True,SendMailV2,1135,2026-09-03T15:00:01.455863Z,AGEL013_Merit_Order_Summary_ALLIndia_Digital,74,af31ab23-b192-46d7-849c-e329b1143b2c,,,857,gcp10wbtrpap03,2026-09-03T15:01:09.2427711Z,,,,429475,AGEL013_Merit_Order_Summary_ALLIndia_Digital,,SCHEDULED,,1135,2026-09-03T15:01:09.37067Z,100,,,"['100005124', '386', '354', '357', '389', '359', '100011533', '382']",False,2026-09-03T15:00:13.1017152Z,COMPLETED,False,0a6639c7-902a-1167-8193-5327d0ae03b3,74,SCHEDULED,,1112,bruser_agel003,False,PUBLIC
8427eea2-2e0e-4e79-8fb0-a57fca09fc3a,BOT,35477,AUC174_AGEL_Send_Mail.25.11.02.07.13.03.devuser_agel005,PRIORITY_MEDIUM,,,True,delay,1136,2026-09-03T14:30:03.30338Z,AUC174_AGEL_Send_Mail,57,aae09599-1738-4935-adc0-8630f32e106d,,,830,gcp10wbtrpap02,2026-09-03T14:44:12.6561562Z,,,,429711,AUC174_AGEL_Send_Mail,,SCHEDULED,,1136,2026-09-03T14:44:12.803313Z,100,,,"['100005124', '354', '386', '357', '389', '359', '100011533', '382']",False,2026-09-03T14:30:13.9344182Z,COMPLETED,False,0a6639c7-902a-1167-8193-5327d0ae03b3,57,SCHEDULED,,1110,bruser_agel001,False,PUBLIC
2e5c9db0-6475-4020-8d8e-fcbdf9255240,BOT,0,PVSyst_TriggerBot_03.2026.09.03.13.54.51.bruser_agel006,PRIORITY_MEDIUM,,,True,assign,1115,2026-09-03T13:54:51.714238Z,PVSyst_TriggerBot_03,100,9689f461-f056-467f-842c-14b619892156,,,100007253,DT-1001-7B3NM24,2026-09-03T14:43:27.9943778Z,,,,427701,PVSyst_TriggerBot_03,,TRIGGER,,1115,2026-09-03T14:43:28.157133Z,100,,,"['100005124', '354', '386', '389', '357', '359', '392', '100011533', '382']",False,2026-09-03T14:43:26.0087808Z,COMPLETED,False,0a6639c7-902a-1167-8193-5327d0ae03b3,100,TRIGGER,,1115,bruser_agel006,False,PUBLIC
307e7921-f91b-4ab1-8a4e-e2b086f75ce8,BOT,0,PVSyst_TriggerBot_03.2026.09.03.13.54.50.bruser_agel006,PRIORITY_MEDIUM,,,True,assign,1115,2026-09-03T13:54:51.455305Z,PVSyst_TriggerBot_03,100,2ee280c8-1c2c-41e4-b873-4ac61d1c84d7,,,100007253,DT-1001-7B3NM24,2026-09-03T14:43:20.7298962Z,,,,427701,PVSyst_TriggerBot_03,,TRIGGER,,1115,2026-09-03T14:43:20.900832Z,100,,,"['100005124', '354', '386', '389', '357', '359', '392', '100011533', '382']",False,2026-09-03T14:43:18.2729123Z,COMPLETED,False,0a6639c7-902a-1167-8193-5327d0ae03b3,100,TRIGGER,,1115,bruser_agel006,False,PUBLIC
b675e8cd-e7a0-466e-8ff2-841877b9c628,BOT,0,PVSyst_TriggerBot_03.2026.09.03.13.54.50.bruser_agel006,PRIORITY_MEDIUM,,,True,assign,1115,2026-09-03T13:54:51.165854Z,PVSyst_TriggerBot_03,100,a3a793d1-7c5e-4a88-bd2a-56b141915cb7,,,100007253,DT-1001-7B3NM24,2026-09-03T14:43:14.2053261Z,,,,427701,PVSyst_TriggerBot_03,,TRIGGER,,1115,2026-09-03T14:43:14.379543Z,100,,,"['100005124', '354', '386', '389', '357', '359', '392', '100011533', '382']",False,2026-09-03T14:43:12.061942Z,COMPLETED,False,0a6639c7-902a-1167-8193-5327d0ae03b3,100,TRIGGER,,1115,bruser_agel006,False,PUBLIC
756a105d-f76c-426d-b11b-cca62fd51f9d,BOT,0,PVSyst_TriggerBot_03.2026.09.03.13.54.50.bruser_agel006,PRIORITY_MEDIUM,,,True,assign,1115,2026-09-03T13:54:50.845978Z,PVSyst_TriggerBot_03,100,af5b2446-4154-4ef1-8829-6565cd01c1dd,,,100007253,DT-1001-7B3NM24,2026-09-03T14:43:07.2170177Z,,,,427701,PVSyst_TriggerBot_03,,TRIGGER,,1115,2026-09-03T14:43:07.392131Z,100,,,"['100005124', '354', '386', '389', '357', '359', '392', '100011533', '382']",False,2026-09-03T14:43:04.8799579Z,COMPLETED,False,0a6639c7-902a-1167-8193-5327d0ae03b3,100,TRIGGER,,1115,bruser_agel006,False,PUBLIC
6d7165ee-7313-4a89-8ed8-f8b5d7ec809b,BOT,0,PVSyst_TriggerBot_03.2026.09.03.13.54.50.bruser_agel006,PRIORITY_MEDIUM,,,True,assign,1115,2026-09-03T13:54:50.558921Z,PVSyst_TriggerBot_03,100,7fedf691-06f0-4525-b691-5d7ab2c6778f,,,100007253,DT-1001-7B3NM24,2026-09-03T14:43:00.4266716Z,,,,427701,PVSyst_TriggerBot_03,,TRIGGER,,1115,2026-09-03T14:43:00.603763Z,100,,,"['100005124', '354', '386', '389', '357', '359', '392', '100011533', '382']",False,2026-09-03T14:42:58.1968985Z,COMPLETED,False,0a6639c7-902a-1167-8193-5327d0ae03b3,100,TRIGGER,,1115,bruser_agel006,False,PUBLIC
b2b9ec3e-91fb-49ae-80a7-400bac94d024,BOT,0,PVSyst_TriggerBot_03.2026.09.03.13.54.49.bruser_agel006,PRIORITY_MEDIUM,,,True,assign,1115,2026-09-03T13:54:50.349008Z,PVSyst_TriggerBot_03,100,4ab9824d-6dfb-4d7f-991f-1dd614243d1f,,,100007253,DT-1001-7B3NM24,2026-09-03T14:42:54.3596236Z,,,,427701,PVSyst_TriggerBot_03,,TRIGGER,,1115,2026-09-03T14:42:54.525603Z,100,,,"['100005124', '354', '386', '389', '357', '359', '392', '100011533', '382']",False,2026-09-03T14:42:52.246039Z,COMPLETED,False,0a6639c7-902a-1167-8193-5327d0ae03b3,100,TRIGGER,,1115,bruser_agel006,False,PUBLIC
37875310-7f49-4f34-86c5-ac3f3564ff04,BOT,0,PVSyst_TriggerBot_03.2026.09.03.13.54.49.bruser_agel006,PRIORITY_MEDIUM,,,True,assign,1115,2026-09-03T13:54:49.987322Z,PVSyst_TriggerBot_03,100,f9388ae7-bb8b-429c-beb6-4141e85adaa9,,,100007253,DT-1001-7B3NM24,2026-09-03T14:42:48.0525785Z,,,,427701,PVSyst_TriggerBot_03,,TRIGGER,,1115,2026-09-03T14:42:48.224455Z,100,,,"['100005124', '354', '386', '389', '357', '359', '392', '100011533', '382']",False,2026-09-03T14:42:45.8924848Z,COMPLETED,False,0a6639c7-902a-1167-8193-5327d0ae03b3,100,TRIGGER,,1115,bruser_agel006,False,PUBLIC
abc22969-e947-42b8-8ee1-8407934cec06,BOT,0,PVSyst_TriggerBot_03.2026.09.03.13.54.49.bruser_agel006,PRIORITY_MEDIUM,,,True,assign,1115,2026-09-03T13:54:49.742572Z,PVSyst_TriggerBot_03,100,f6678682-2b29-4a92-8e3f-11b744157c42,,,100007253,DT-1001-7B3NM24,2026-09-03T14:42:41.9640119Z,,,,427701,PVSyst_TriggerBot_03,,TRIGGER,,1115,2026-09-03T14:42:42.175791Z,100,,,"['100005124', '354', '386', '389', '357', '359', '392', '100011533', '382']",False,2026-09-03T14:42:39.9395088Z,COMPLETED,False,0a6639c7-902a-1167-8193-5327d0ae03b3,100,TRIGGER,,1115,bruser_agel006,False,PUBLIC
7b909157-3cfb-4a97-89df-7985faa46f93,BOT,0,PVSyst_TriggerBot_03.2026.09.03.13.54.48.bruser_agel006,PRIORITY_MEDIUM,,,True,assign,1115,2026-09-03T13:54:49.453033Z,PVSyst_TriggerBot_03,100,d4549bd7-09ba-47e2-af67-a428c8fee324,,,100007253,DT-1001-7B3NM24,2026-09-03T14:42:36.1143553Z,,,,427701,PVSyst_TriggerBot_03,,TRIGGER,,1115,2026-09-03T14:42:36.278056Z,100,,,"['100005124', '354', '386', '389', '357', '359', '392', '100011533', '382']",False,2026-09-03T14:42:33.9278187Z,COMPLETED,False,0a6639c7-902a-1167-8193-5327d0ae03b3,100,TRIGGER,,1115,bruser_agel006,False,PUBLIC
0905df12-2d4e-4cda-9d1d-a51cb1107733,BOT,0,PVSyst_TriggerBot_03.2026.09.03.13.54.48.bruser_agel006,PRIORITY_MEDIUM,,,True,assign,1115,2026-09-03T13:54:49.246561Z,PVSyst_TriggerBot_03,100,cc2e6481-497e-4fb3-843d-05b419f3e0f2,,,100007253,DT-1001-7B3NM24,2026-09-03T14:42:29.879059Z,,,,427701,PVSyst_TriggerBot_03,,TRIGGER,,1115,2026-09-03T14:42:30.047051Z,100,,,"['100005124', '354', '386', '389', '357', '359', '392', '100011533', '382']",False,2026-09-03T14:42:27.9449601Z,COMPLETED,False,0a6639c7-902a-1167-8193-5327d0ae03b3,100,TRIGGER,,1115,bruser_agel006,False,PUBLIC
fbce86e5-ee14-4747-b4ff-099b0f616880,BOT,0,PVSyst_TriggerBot_03.2026.09.03.13.54.48.bruser_agel006,PRIORITY_MEDIUM,,,True,assign,1115,2026-09-03T13:54:48.941046Z,PVSyst_TriggerBot_03,100,06ee68b8-99ab-4acd-b5b0-7f9166e1e7e0,,,100007253,DT-1001-7B3NM24,2026-09-03T14:42:23.8001215Z,,,,427701,PVSyst_TriggerBot_03,,TRIGGER,,1115,2026-09-03T14:42:23.993571Z,100,,,"['100005124', '354', '386', '389', '357', '359', '392', '100011533', '382']",False,2026-09-03T14:42:21.8142717Z,COMPLETED,False,0a6639c7-902a-1167-8193-5327d0ae03b3,100,TRIGGER,,1115,bruser_agel006,False,PUBLIC
13bbb083-4bec-4d53-a537-20484b189ce4,BOT,0,PVSyst_TriggerBot_03.2026.09.03.13.54.48.bruser_agel006,PRIORITY_MEDIUM,,,True,assign,1115,2026-09-03T13:54:48.688493Z,PVSyst_TriggerBot_03,100,9ad5f128-a63b-45ef-a0d1-696ec682787d,,,100007253,DT-1001-7B3NM24,2026-09-03T14:42:17.837817Z,,,,427701,PVSyst_TriggerBot_03,,TRIGGER,,1115,2026-09-03T14:42:18.129115Z,100,,,"['100005124', '354', '386', '389', '357', '359', '392', '100011533', '382']",False,2026-09-03T14:42:15.886425Z,COMPLETED,False,0a6639c7-902a-1167-8193-5327d0ae03b3,100,TRIGGER,,1115,bruser_agel006,False,PUBLIC
269539ae-0979-46bb-a2f4-cd82f89e7d56,BOT,0,PVSyst_TriggerBot_03.2026.09.03.13.54.47.bruser_agel006,PRIORITY_MEDIUM,,,True,assign,1115,2026-09-03T13:54:48.3844Z,PVSyst_TriggerBot_03,100,bda7fd6b-695a-46a9-a581-30fd50247ca0,,,100007253,DT-1001-7B3NM24,2026-09-03T14:42:11.9424558Z,,,,427701,PVSyst_TriggerBot_03,,TRIGGER,,1115,2026-09-03T14:42:12.107514Z,100,,,"['100005124', '354', '386', '389', '357', '359', '392', '100011533', '382']",False,2026-09-03T14:42:09.9537454Z,COMPLETED,False,0a6639c7-902a-1167-8193-5327d0ae03b3,100,TRIGGER,,1115,bruser_agel006,False,PUBLIC
2eec8a4b-94ef-4b5f-a5c5-a842b5a250e7,BOT,0,PVSyst_TriggerBot_03.2026.09.03.13.54.47.bruser_agel006,PRIORITY_MEDIUM,,,True,,1115,2026-09-03T13:54:48.007411Z,PVSyst_TriggerBot_03,0,274af6e8-93c1-4c0b-ad88-810afcaed6da,,,100007253,DT-1001-7B3NM24,2026-09-03T14:42:05.4180594Z,,,Bot Launcher for user session Botrunner03 crashed.Last recorded command  at line number 0.,427701,PVSyst_TriggerBot_03,,TRIGGER,Bot Launcher for user session Botrunner03 crashed.Last recorded command  at line number 0.,1115,2026-09-03T14:42:05.543026Z,0,,,"['100005124', '354', '386', '389', '357', '359', '392', '100011533', '382']",False,2026-09-03T14:42:05.4180594Z,RUN_FAILED,False,0a6639c7-902a-1167-8193-5327d0ae03b3,0,TRIGGER,,1115,bruser_agel006,False,PUBLIC
4b0cf283-fd96-43f8-b674-fe1069601110,BOT,0,PVSyst_TriggerBot_03.2026.09.03.13.54.47.bruser_agel006,PRIORITY_MEDIUM,,,True,assign,1115,2026-09-03T13:54:47.753965Z,PVSyst_TriggerBot_03,100,af748c5c-f407-4f53-a92b-8fa08289413a,,,100007253,DT-1001-7B3NM24,2026-09-03T14:41:43.0324913Z,,,,427701,PVSyst_TriggerBot_03,,TRIGGER,,1115,2026-09-03T14:41:43.193067Z,100,,,"['100005124', '354', '386', '389', '357', '359', '392', '100011533', '382']",False,2026-09-03T14:41:40.5598083Z,COMPLETED,False,0a6639c7-902a-1167-8193-5327d0ae03b3,100,TRIGGER,,1115,bruser_agel006,False,PUBLIC
50039bd6-2e53-4495-bd7c-3c3e7229f35d,BOT,0,PVSyst_TriggerBot_03.2026.09.03.13.54.46.bruser_agel006,PRIORITY_MEDIUM,,,True,assign,1115,2026-09-03T13:54:47.470042Z,PVSyst_TriggerBot_03,100,6452c789-1896-4e48-b831-cfd76979bb33,,,100007253,DT-1001-7B3NM24,2026-09-03T14:41:35.0382519Z,,,,427701,PVSyst_TriggerBot_03,,TRIGGER,,1115,2026-09-03T14:41:35.193748Z,100,,,"['100005124', '354', '386', '389', '357', '359', '392', '100011533', '382']",False,2026-09-03T14:41:31.9680248Z,COMPLETED,False,0a6639c7-902a-1167-8193-5327d0ae03b3,100,TRIGGER,,1115,bruser_agel006,False,PUBLIC
f9d17709-1c0f-408a-a7e9-0a5384534dfc,BOT,0,PVSyst_TriggerBot_03.2026.09.03.13.54.46.bruser_agel006,PRIORITY_MEDIUM,,,True,assign,1115,2026-09-03T13:54:47.144438Z,PVSyst_TriggerBot_03,100,ee02a3f3-4d35-4984-8e94-0e6e675bea26,,,100007253,DT-1001-7B3NM24,2026-09-03T14:41:27.7912155Z,,,,427701,PVSyst_TriggerBot_03,,TRIGGER,,1115,2026-09-03T14:41:27.965788Z,100,,,"['100005124', '354', '386', '389', '357', '359', '392', '100011533', '382']",False,2026-09-03T14:41:26.0178598Z,COMPLETED,False,0a6639c7-902a-1167-8193-5327d0ae03b3,100,TRIGGER,,1115,bruser_agel006,False,PUBLIC
0f02d5a0-fe77-4865-92df-3f43781b2bd6,BOT,0,PVSyst_TriggerBot_03.2026.09.03.13.54.46.bruser_agel006,PRIORITY_MEDIUM,,,True,assign,1115,2026-09-03T13:54:46.9157Z,PVSyst_TriggerBot_03,100,64ce91c6-b36e-4461-992b-8fa7d924a11c,,,100007253,DT-1001-7B3NM24,2026-09-03T14:41:21.6376284Z,,,,427701,PVSyst_TriggerBot_03,,TRIGGER,,1115,2026-09-03T14:41:21.820507Z,100,,,"['100005124', '354', '386', '389', '357', '359', '392', '100011533', '382']",False,2026-09-03T14:41:19.8710479Z,COMPLETED,False,0a6639c7-902a-1167-8193-5327d0ae03b3,100,TRIGGER,,1115,bruser_agel006,False,PUBLIC
f9c5727d-7844-4381-8de8-ebed45216606,BOT,0,PVSyst_TriggerBot_03.2026.09.03.13.54.46.bruser_agel006,PRIORITY_MEDIUM,,,True,assign,1115,2026-09-03T13:54:46.581335Z,PVSyst_TriggerBot_03,100,e3a12003-b072-4787-bb36-7ba9f842927c,,,100007253,DT-1001-7B3NM24,2026-09-03T14:41:16.1962158Z,,,,427701,PVSyst_TriggerBot_03,,TRIGGER,,1115,2026-09-03T14:41:16.370874Z,100,,,"['100005124', '354', '386', '389', '357', '359', '392', '100011533', '382']",False,2026-09-03T14:41:14.1511751Z,COMPLETED,False,0a6639c7-902a-1167-8193-5327d0ae03b3,100,TRIGGER,,1115,bruser_agel006,False,PUBLIC
e5909701-b3e1-499c-8065-3f4233d4541c,BOT,0,PVSyst_TriggerBot_03.2026.09.03.13.54.45.bruser_agel006,PRIORITY_MEDIUM,,,True,assign,1115,2026-09-03T13:54:46.384044Z,PVSyst_TriggerBot_03,100,80287bbe-e7b0-416a-9be0-9c63fc21a5f8,,,100007253,DT-1001-7B3NM24,2026-09-03T14:41:10.5052017Z,,,,427701,PVSyst_TriggerBot_03,,TRIGGER,,1115,2026-09-03T14:41:10.665773Z,100,,,"['100005124', '354', '386', '389', '357', '359', '392', '100011533', '382']",False,2026-09-03T14:41:08.2761939Z,COMPLETED,False,0a6639c7-902a-1167-8193-5327d0ae03b3,100,TRIGGER,,1115,bruser_agel006,False,PUBLIC
a4e8ff3d-3cfe-4a98-8419-1052c4ceaa19,BOT,0,PVSyst_TriggerBot_03.2026.09.03.13.54.45.bruser_agel006,PRIORITY_MEDIUM,,,True,assign,1115,2026-09-03T13:54:46.003192Z,PVSyst_TriggerBot_03,100,3e0f3819-5995-46ed-8303-9bc7a0e5d1d9,,,100007253,DT-1001-7B3NM24,2026-09-03T14:41:04.520602Z,,,,427701,PVSyst_TriggerBot_03,,TRIGGER,,1115,2026-09-03T14:41:04.689281Z,100,,,"['100005124', '354', '386', '389', '357', '359', '392', '100011533', '382']",False,2026-09-03T14:41:02.2524999Z,COMPLETED,False,0a6639c7-902a-1167-8193-5327d0ae03b3,100,TRIGGER,,1115,bruser_agel006,False,PUBLIC
08eafd9e-ad7c-4672-84a7-6571fbce9c71,BOT,0,PVSyst_TriggerBot_03.2026.09.03.13.54.45.bruser_agel006,PRIORITY_MEDIUM,,,True,assign,1115,2026-09-03T13:54:45.8226Z,PVSyst_TriggerBot_03,100,2744d8cd-da4d-4900-8560-b419d1d77cac,,,100007253,DT-1001-7B3NM24,2026-09-03T14:40:57.7659296Z,,,,427701,PVSyst_TriggerBot_03,,TRIGGER,,1115,2026-09-03T14:40:57.945139Z,100,,,"['100005124', '354', '386', '389', '357', '359', '392', '100011533', '382']",False,2026-09-03T14:40:55.9591926Z,COMPLETED,False,0a6639c7-902a-1167-8193-5327d0ae03b3,100,TRIGGER,,1115,bruser_agel006,False,PUBLIC
b484f9bb-cd15-4551-9fde-ce9532a750cb,BOT,0,PVSyst_TriggerBot_03.2026.09.03.13.54.44.bruser_agel006,PRIORITY_MEDIUM,,,True,assign,1115,2026-09-03T13:54:45.38586Z,PVSyst_TriggerBot_03,100,659507ce-c1ee-4df3-99ae-ca1194f873ee,,,100007253,DT-1001-7B3NM24,2026-09-03T14:40:51.2919216Z,,,,427701,PVSyst_TriggerBot_03,,TRIGGER,,1115,2026-09-03T14:40:51.451171Z,100,,,"['100005124', '354', '386', '389', '357', '359', '392', '100011533', '382']",False,2026-09-03T14:40:49.0655225Z,COMPLETED,False,0a6639c7-902a-1167-8193-5327d0ae03b3,100,TRIGGER,,1115,bruser_agel006,False,PUBLIC
e9bddd80-86f5-4fe1-9611-dd0c9e5fe357,BOT,0,PVSyst_TriggerBot_03.2026.09.03.13.54.44.bruser_agel006,PRIORITY_MEDIUM,,,True,messageBox,1115,2026-09-03T13:54:45.188081Z,PVSyst_TriggerBot_03,100,ed3e77a8-b196-4688-9369-f328cf10782e,,,100007253,DT-1001-7B3NM24,2026-09-03T14:40:39.7726031Z,,,,427701,PVSyst_TriggerBot_03,,TRIGGER,,1115,2026-09-03T14:40:40.055945Z,100,,,"['100005124', '354', '386', '389', '357', '359', '392', '100011533', '382']",False,2026-09-03T13:54:55.1867652Z,COMPLETED,False,0a6639c7-902a-1167-8193-5327d0ae03b3,100,TRIGGER,,1115,bruser_agel006,False,PUBLIC
fca1ac9f-df54-45fd-92bc-fedc17ca5eab,BOT,100012348,ANIL028_zsa003N_G_Dump,PRIORITY_MEDIUM,,,True,messageBox,1135,2026-09-03T14:30:04.14682Z,ANIL028_zsa003N_G_Dump,60,2b5aa3f8-46fc-4613-b915-a551f904f5ca,,,852,gcp10wbtrpap05,2026-09-03T14:37:59.5186017Z,,,,101763950,ANIL028_zsa003N_G_Dump,,SCHEDULED,,1135,2026-09-03T14:37:59.656503Z,100,,,"['100005124', '354', '386', '356', '357', '389', '359', '100011533', '382']",False,2026-09-03T14:37:04.6841161Z,COMPLETED,False,0a6639c7-902a-1167-8193-5327d0ae03b3,60,SCHEDULED,,1114,bruser_agel005,False,PUBLIC
e82e1996-abd6-4ec7-baad-6e2e9ff89113,BOT,34703,AUC172_DowntimeSecurityPatch&VAOpen_MasterBot,PRIORITY_MEDIUM,,,True,loop.commands.start,1135,2026-09-03T14:30:03.947819Z,AUC172_DowntimeSecurityPatch&VAOpen_MasterBot,50,483f6b66-9470-4f42-86e7-de22dc868a47,,,852,gcp10wbtrpap05,2026-09-03T14:36:52.3116076Z,,,,423407,AUC172_DowntimeSecurityPatch&VAOpen_MasterBot,,SCHEDULED,,1135,2026-09-03T14:36:52.437161Z,100,,,"['100005124', '354', '386', '389', '357', '359', '100011533', '382']",False,2026-09-03T14:36:45.2031782Z,COMPLETED,False,0a6639c7-902a-1167-8193-5327d0ae03b3,50,SCHEDULED,,1114,bruser_agel005,False,PUBLIC
45f672a3-c775-4cae-94b0-14da179a3a73,BOT,35429,ANIL008_MCX_Data_Extraction_MainTask,PRIORITY_MEDIUM,,,True,SendMailV2,1135,2026-09-03T14:30:03.549098Z,ANIL008_MCX_Data_Extraction_MainTask,60,d30b1ed6-28a4-4275-b39a-92c1d5a754cf,,,852,gcp10wbtrpap05,2026-09-03T14:36:28.3667587Z,ba.bot.execution.error,"This may be due to the following reason:

    Invalid argument supplied to 'list', index '0' is invalid or out of bound.

Location: ANIL008_MCX_Data_Extraction_MainTask (line 60)

","There was a problem at line 60
",604508,ANIL008_MCX_Data_Extraction_MainTask,,SCHEDULED,"There was a problem at line 60
 This may be due to the following reason:

Invalid argument supplied to 'list', index '0' is invalid or out of bound.

Location: ANIL008_MCX_Data_Extraction_MainTask (line 60)

 To continue, edit the bot and fix the error. Then, try again.


If you continue to see this message, please contact your system administrator.",1135,2026-09-03T14:36:28.473201Z,100,,,"['100005124', '386', '354', '356', '357', '389', '359', '100011533', '382']",False,2026-09-03T14:35:09.0957801Z,RUN_FAILED,False,0a6639c7-902a-1167-8193-5327d0ae03b3,60,SCHEDULED,,1114,bruser_agel005,False,PUBLIC
24b65b00-350b-4a5d-8527-fcafacfb2bec,BOT,35442,ANIL012_PXIL_RTM_Data_Extraction,PRIORITY_MEDIUM,,,True,SendMailV2,1135,2026-09-03T14:30:03.421192Z,ANIL012_PXIL_RTM_Data_Extraction,47,5db5a470-1353-4333-8ede-2a7b41b3902c,,,852,gcp10wbtrpap05,2026-09-03T14:34:46.3609599Z,,,,606875,ANIL012_PXIL_RTM_Data_Extraction,,SCHEDULED,,1135,2026-09-03T14:34:46.481107Z,100,,,"['100005124', '386', '354', '356', '389', '357', '359', '100011533', '382']",False,2026-09-03T14:33:56.9590989Z,COMPLETED,False,0a6639c7-902a-1167-8193-5327d0ae03b3,47,SCHEDULED,,1114,bruser_agel005,False,PUBLIC
358d1384-e13f-49e6-9fb6-abe5db7ca5a6,BOT,35430,ANIL009_NSEIndia_Data_Extraction,PRIORITY_MEDIUM,,,True,SendMailV2,1135,2026-09-03T14:30:03.280995Z,ANIL009_NSEIndia_Data_Extraction,89,b8d52756-a7aa-4d62-9793-329c4db1ad16,,,852,gcp10wbtrpap05,2026-09-03T14:33:41.3897728Z,,,,604470,ANIL009_NSEIndia_Data_Extraction,,SCHEDULED,,1135,2026-09-03T14:33:41.507843Z,100,,,"['100005124', '354', '386', '356', '357', '389', '359', '100011533', '382']",False,2026-09-03T14:32:34.7418576Z,COMPLETED,False,0a6639c7-902a-1167-8193-5327d0ae03b3,89,SCHEDULED,,1114,bruser_agel005,False,PUBLIC
43159784-11af-4915-a813-c3747fe6ae6d,BOT,100012806,ANIL029_ZVMS_Report,PRIORITY_MEDIUM,,,True,messageBox,1135,2026-09-03T14:30:03.125368Z,ANIL029_ZVMS_Report,103,48d35b19-9d69-4392-be64-e26126ca3f80,,,852,gcp10wbtrpap05,2026-09-03T14:32:15.9674529Z,,,,101830732,ANIL029_ZVMS_Report,,SCHEDULED,,1135,2026-09-03T14:32:16.087162Z,100,,,"['100005124', '354', '386', '356', '357', '389', '359', '100011533', '382']",False,2026-09-03T14:30:17.9055229Z,COMPLETED,False,0a6639c7-902a-1167-8193-5327d0ae03b3,103,SCHEDULED,,1114,bruser_agel005,False,PUBLIC
b48ef722-0a0d-49b2-91e3-4d197358df16,BOT,35442,ANIL012_PXIL_RTM_Data_Extraction,PRIORITY_MEDIUM,,,True,SendMailV2,1135,2026-09-03T13:30:02.144782Z,ANIL012_PXIL_RTM_Data_Extraction,47,ad034aee-f7ee-4ba9-bdd5-52f4c3011134,,,852,gcp10wbtrpap05,2026-09-03T13:31:13.23597Z,,,,606875,ANIL012_PXIL_RTM_Data_Extraction,,SCHEDULED,,1135,2026-09-03T13:31:13.344735Z,100,,,"['100005124', '386', '354', '356', '389', '357', '359', '100011533', '382']",False,2026-09-03T13:30:18.1627426Z,COMPLETED,False,0a6639c7-902a-1167-8193-5327d0ae03b3,47,SCHEDULED,,1114,bruser_agel005,False,PUBLIC
7f327329-bfed-4eb4-a3d7-c10346cb7abb,BOT,35434,AUC119_AGEL_MasterBot.25.10.09.12.49.24.devuser_agel003,PRIORITY_MEDIUM,,,True,stopTask,1134,2026-09-03T13:30:01.809591Z,AUC119_AGEL_MasterBot,9,81184e1a-62d9-49db-a054-c977d5375eae,,,1061,gcp10wbtrpap01,2026-09-03T13:30:19.4560707Z,,,,411366,AUC119_AGEL_MasterBot,,SCHEDULED,,1134,2026-09-03T13:30:19.640023Z,100,,,"['100005124', '386', '354', '387', '389', '357', '359', '100011533', '382']",False,2026-09-03T13:30:17.4580245Z,COMPLETED,False,0a6639c7-902a-1167-8193-5327d0ae03b3,9,SCHEDULED,,1111,bruser_agel002,False,PUBLIC
a49d202b-b6d5-41e5-a3a8-77f05dec0e71,BOT,0,ANIL002_MB51_Dump_Extract,PRIORITY_MEDIUM,,,True,loop.commands.start,1135,2026-09-03T11:52:02.798182Z,ANIL002_MB51_Dump_Extract,177,e85d8e0e-8246-4a59-a3ee-36ef7e972936,,,830,gcp10wbtrpap02,2026-09-03T13:13:50.7517268Z,,,,579066,ANIL002_MB51_Dump_Extract,,RUN_NOW,,1135,2026-09-03T13:13:50.926891Z,100,,,"['100005124', '354', '386', '356', '389', '357', '359', '100011533', '382']",False,2026-09-03T11:52:13.0139977Z,COMPLETED,False,0a6639c7-902a-1167-8193-5327d0ae03b3,177,RUN_NOW,,1110,bruser_agel001,False,PUBLIC
7bd787fb-6925-4a9c-8252-7e1d2b517b05,BOT,100012348,ANIL028_zsa003N_G_Dump,PRIORITY_MEDIUM,,,True,messageBox,1135,2026-09-03T12:30:05.238505Z,ANIL028_zsa003N_G_Dump,60,556b7d68-eabe-49cd-9ab2-ece16caaa094,,,852,gcp10wbtrpap05,2026-09-03T12:37:44.554521Z,,,,101763950,ANIL028_zsa003N_G_Dump,,SCHEDULED,,1135,2026-09-03T12:37:44.668642Z,100,,,"['100005124', '354', '386', '356', '357', '389', '359', '100011533', '382']",False,2026-09-03T12:36:52.2225105Z,COMPLETED,False,0a6639c7-902a-1167-8193-5327d0ae03b3,60,SCHEDULED,,1114,bruser_agel005,False,PUBLIC
e65adead-7884-4f45-bbeb-cdd876607cf3,BOT,35429,ANIL008_MCX_Data_Extraction_MainTask,PRIORITY_MEDIUM,,,True,SendMailV2,1135,2026-09-03T12:30:04.436468Z,ANIL008_MCX_Data_Extraction_MainTask,60,246ed4f4-4b80-404a-853e-2f90f2ca5166,,,852,gcp10wbtrpap05,2026-09-03T12:36:37.0179406Z,ba.bot.execution.error,"This may be due to the following reason:

    Invalid argument supplied to 'list', index '0' is invalid or out of bound.

Location: ANIL008_MCX_Data_Extraction_MainTask (line 60)

","There was a problem at line 60
",604508,ANIL008_MCX_Data_Extraction_MainTask,,SCHEDULED,"There was a problem at line 60
 This may be due to the following reason:

Invalid argument supplied to 'list', index '0' is invalid or out of bound.

Location: ANIL008_MCX_Data_Extraction_MainTask (line 60)

 To continue, edit the bot and fix the error. Then, try again.


If you continue to see this message, please contact your system administrator.",1135,2026-09-03T12:36:37.120651Z,100,,,"['100005124', '386', '354', '356', '357', '389', '359', '100011533', '382']",False,2026-09-03T12:35:14.8675593Z,RUN_FAILED,False,0a6639c7-902a-1167-8193-5327d0ae03b3,60,SCHEDULED,,1114,bruser_agel005,False,PUBLIC
5b785266-00e1-4ed3-9edc-12b171fa4ba0,BOT,34703,AUC172_DowntimeSecurityPatch&VAOpen_MasterBot,PRIORITY_MEDIUM,,,True,loop.commands.start,1135,2026-09-03T12:30:04.984759Z,AUC172_DowntimeSecurityPatch&VAOpen_MasterBot,50,e249bb5c-0bcd-4768-9397-695e8605a9bf,,,852,gcp10wbtrpap05,2026-09-03T12:35:01.4730249Z,,,,423407,AUC172_DowntimeSecurityPatch&VAOpen_MasterBot,,SCHEDULED,,1135,2026-09-03T12:35:01.597759Z,100,,,"['100005124', '354', '386', '389', '357', '359', '100011533', '382']",False,2026-09-03T12:34:54.0755613Z,COMPLETED,False,0a6639c7-902a-1167-8193-5327d0ae03b3,50,SCHEDULED,,1114,bruser_agel005,False,PUBLIC
6be294ec-d67c-41e9-81ec-2557447a777f,BOT,35430,ANIL009_NSEIndia_Data_Extraction,PRIORITY_MEDIUM,,,True,SendMailV2,1135,2026-09-03T12:30:03.949843Z,ANIL009_NSEIndia_Data_Extraction,89,79539ecf-3688-473b-81fa-1bba03c6a956,,,852,gcp10wbtrpap05,2026-09-03T12:34:36.4842506Z,,,,604470,ANIL009_NSEIndia_Data_Extraction,,SCHEDULED,,1135,2026-09-03T12:34:36.606791Z,100,,,"['100005124', '354', '386', '356', '357', '389', '359', '100011533', '382']",False,2026-09-03T12:33:26.1854745Z,COMPLETED,False,0a6639c7-902a-1167-8193-5327d0ae03b3,89,SCHEDULED,,1114,bruser_agel005,False,PUBLIC
de2cd126-12bd-41aa-83d2-1fb1954302d8,BOT,100012806,ANIL029_ZVMS_Report,PRIORITY_MEDIUM,,,True,messageBox,1135,2026-09-03T12:30:03.702812Z,ANIL029_ZVMS_Report,103,b34722da-a8f2-4f6b-9358-3740304c1c08,,,852,gcp10wbtrpap05,2026-09-03T12:33:08.3095142Z,,,,101830732,ANIL029_ZVMS_Report,,SCHEDULED,,1135,2026-09-03T12:33:08.442508Z,100,,,"['100005124', '354', '386', '356', '357', '389', '359', '100011533', '382']",False,2026-09-03T12:31:13.22458Z,COMPLETED,False,0a6639c7-902a-1167-8193-5327d0ae03b3,103,SCHEDULED,,1114,bruser_agel005,False,PUBLIC
20ce80f2-5901-4c92-b8b4-9e2abed759c6,BOT,35442,ANIL012_PXIL_RTM_Data_Extraction,PRIORITY_MEDIUM,,,True,SendMailV2,1135,2026-09-03T12:30:01.607887Z,ANIL012_PXIL_RTM_Data_Extraction,47,0ee439b7-7003-487b-9b94-f270b56ce743,,,852,gcp10wbtrpap05,2026-09-03T12:30:58.7207245Z,,,,606875,ANIL012_PXIL_RTM_Data_Extraction,,SCHEDULED,,1135,2026-09-03T12:30:58.841123Z,100,,,"['100005124', '386', '354', '356', '389', '357', '359', '100011533', '382']",False,2026-09-03T12:30:12.6123141Z,COMPLETED,False,0a6639c7-902a-1167-8193-5327d0ae03b3,47,SCHEDULED,,1114,bruser_agel005,False,PUBLIC
1f33c87a-0d20-4ee4-8477-2f560143c74b,BOT,0,ANIL002_MB51_Dump_Extract,PRIORITY_MEDIUM,,,True,catch,1135,2026-09-03T11:44:04.664154Z,ANIL002_MB51_Dump_Extract,161,05e1040d-944d-4237-93f7-1c493a6b3858,,,830,gcp10wbtrpap02,2026-09-03T11:45:41.5947272Z,ba.bot.execution.error,"This may be due to the following reason:

    A user cancelled running the bot. You can run it again.

Location: ANIL002_MB51_Dump_Extract (line 161)

","There was a problem at line 161
",579066,ANIL002_MB51_Dump_Extract,,RUN_NOW,"There was a problem at line 161
 This may be due to the following reason:

A user cancelled running the bot. You can run it again.

Location: ANIL002_MB51_Dump_Extract (line 161)

 To continue, edit the bot and fix the error. Then, try again.


If you continue to see this message, please contact your system administrator.",1110,2026-09-03T11:45:41.716296Z,97,,,"['100005124', '386', '354', '356', '389', '357', '359', '100011533', '382']",False,2026-09-03T11:44:13.3676938Z,RUN_ABORTED,False,0a6639c7-902a-1167-8193-5327d0ae03b3,165,RUN_NOW,,1110,bruser_agel001,False,PUBLIC
d8d49cd8-fe14-42dc-9db7-64ce54311b37,BOT,35442,ANIL012_PXIL_RTM_Data_Extraction,PRIORITY_MEDIUM,,,True,SendMailV2,1135,2026-09-03T11:30:07.027315Z,ANIL012_PXIL_RTM_Data_Extraction,47,db13ce90-724d-4c99-b89a-784f1e2a6e0d,,,852,gcp10wbtrpap05,2026-09-03T11:38:19.6592644Z,,,,606875,ANIL012_PXIL_RTM_Data_Extraction,,SCHEDULED,,1135,2026-09-03T11:38:19.787771Z,100,,,"['100005124', '354', '386', '356', '389', '357', '359', '100011533', '382']",False,2026-09-03T11:37:31.7325178Z,COMPLETED,False,0a6639c7-902a-1167-8193-5327d0ae03b3,47,SCHEDULED,,1114,bruser_agel005,False,PUBLIC
678afff7-67fc-4375-8a3a-86c7d19418b7,BOT,35346,AGEL050_Daily_Schedule_Notification_to_Plants.25.08.08.20.10.41.devuser_agel005,PRIORITY_MEDIUM,,,True,,1136,2026-09-03T11:30:04.80158Z,AGEL050_Daily_Schedule_Notification_to_Plants,0,371a9a16-8ba2-4517-bccd-08d30fee9e35,,,852,gcp10wbtrpap05,2026-09-03T11:37:19.8086905Z,ba.user.rdp.session.exceed.error,"This may be due to multiple reasons. To continue, please

Make sure you logout from sessions that are not required at the moment.
Then, try to run the bot again.


If you continue to see this message, please contact your system administrator.",Unable to perform rdp for the user as we have exceeded the maximum session count,484310,AGEL050_Daily_Schedule_Notification_to_Plants,,SCHEDULED,"Unable to perform rdp for the user as we have exceeded the maximum session count. This may be due to multiple reasons. To continue, please

Make sure you logout from sessions that are not required at the moment.
Then, try to run the bot again.


If you continue to see this message, please contact your system administrator.",1136,2026-09-03T11:37:19.85084Z,0,,,"['100005124', '354', '386', '357', '389', '359', '393', '100011533', '382']",False,2026-09-03T11:37:19.8086905Z,DEPLOY_FAILED,False,0a6639c7-902a-1167-8193-5327d0ae03b3,0,SCHEDULED,,1114,bruser_agel005,False,PUBLIC
25f6a546-e952-4821-8042-c54bdfbc3269,BOT,100002046,ANIL015_ME2N_Dump,PRIORITY_MEDIUM,,,True,SendMailV2,1135,2026-09-03T11:15:02.193534Z,ANIL015_ME2N_Dump,206,67713aa7-60b6-4b0d-a3c5-ea34fa57f2c9,,,852,gcp10wbtrpap05,2026-09-03T11:37:17.7808749Z,,,,618052,ANIL015_ME2N_Dump,,SCHEDULED,,1135,2026-09-03T11:37:17.906745Z,100,,,"['100005124', '386', '354', '356', '389', '357', '359', '100011533', '382']",False,2026-09-03T11:17:50.1131115Z,COMPLETED,False,0a6639c7-902a-1167-8193-5327d0ae03b3,206,SCHEDULED,,1114,bruser_agel005,False,PUBLIC
b8fcb57f-518d-412c-8d86-fbe712ec5f83,BOT,35434,AUC119_AGEL_MasterBot.25.10.09.12.49.24.devuser_agel003,PRIORITY_MEDIUM,,,True,stopTask,1134,2026-09-03T11:30:02.488267Z,AUC119_AGEL_MasterBot,9,1f65f844-743f-48af-9acf-8bd135c69dae,,,1061,gcp10wbtrpap01,2026-09-03T11:30:18.3391199Z,,,,411366,AUC119_AGEL_MasterBot,,SCHEDULED,,1134,2026-09-03T11:30:18.737986Z,100,,,"['100005124', '386', '354', '387', '389', '357', '359', '100011533', '382']",False,2026-09-03T11:30:16.6277032Z,COMPLETED,False,0a6639c7-902a-1167-8193-5327d0ae03b3,9,SCHEDULED,,1111,bruser_agel002,False,PUBLIC
047e6952-2464-4ea3-a521-0b303a681119,BOT,100001498,ANIL018_ME2M_Dump,PRIORITY_MEDIUM,,,True,SendMailV2,1135,2026-09-03T11:00:01.213503Z,ANIL018_ME2M_Dump,168,f08c8e3a-c05c-4c54-8500-c82995dd6cad,,,852,gcp10wbtrpap05,2026-09-03T11:17:35.7869293Z,,,,100001228,ANIL018_ME2M_Dump,,SCHEDULED,,1135,2026-09-03T11:17:36.029956Z,100,,,"['100005124', '354', '386', '356', '389', '357', '359', '100011533', '382']",False,2026-09-03T11:00:15.8445389Z,COMPLETED,False,0a6639c7-902a-1167-8193-5327d0ae03b3,168,SCHEDULED,,1114,bruser_agel005,False,PUBLIC
0f086d5a-8941-446c-8f9d-a88d3a5bf65b,BOT,0,AGEL014_Renewable_Birthday_Reminder.26.09.03.16.33.50.devuser_agel002,PRIORITY_MEDIUM,,,True,capture,1133,2026-09-03T11:04:03.075046Z,AGEL014_Renewable_Birthday_Reminder,293,7dc0abff-4275-484b-9dbb-d10138d87eba,,,857,gcp10wbtrpap03,2026-09-03T11:06:16.9639959Z,ba.bot.execution.error,"This may be due to the following reason:

    Unable to perform 'CLICK' action. LINK is unavailable.

Location: AGEL014_Renewable_Birthday_Reminder (line 293)

","There was a problem at line 293
",422474,AGEL014_Renewable_Birthday_Reminder,,RUN_NOW,"There was a problem at line 293
 This may be due to the following reason:

Unable to perform 'CLICK' action. LINK is unavailable.

Location: AGEL014_Renewable_Birthday_Reminder (line 293)

 To continue, edit the bot and fix the error. Then, try again.


If you continue to see this message, please contact your system administrator.",1133,2026-09-03T11:06:17.109687Z,93,,,"['100005124', '354', '386', '357', '389', '359', '100011533', '382']",False,2026-09-03T11:04:10.6159174Z,RUN_FAILED,False,0a6639c7-902a-1167-8193-5327d0ae03b3,314,RUN_NOW,,1112,bruser_agel003,False,PUBLIC
9d13a1f0-648a-4628-99cd-ebdb43cadd86,BOT,0,AGEL014_Renewable_Birthday_Reminder.26.09.03.16.25.33.devuser_agel002,PRIORITY_MEDIUM,,,True,if,1133,2026-09-03T10:55:54.321707Z,AGEL014_Renewable_Birthday_Reminder,314,cb28ecd8-a686-4311-b3b0-f0eaa2f317de,,,857,gcp10wbtrpap03,2026-09-03T11:00:08.1179869Z,,,,422474,AGEL014_Renewable_Birthday_Reminder,,RUN_NOW,,1133,2026-09-03T11:00:08.282701Z,100,,,"['100005124', '354', '386', '389', '357', '359', '100011533', '382']",False,2026-09-03T10:56:00.4925898Z,COMPLETED,False,0a6639c7-902a-1167-8193-5327d0ae03b3,314,RUN_NOW,,1112,bruser_agel003,False,PUBLIC
f6484cc8-7e27-4281-89ee-0c3eac215e48,BOT,0,ANIL002_MB51_Dump_Extract,PRIORITY_MEDIUM,,,True,SendMailV2,1135,2026-09-03T10:32:40.080904Z,ANIL002_MB51_Dump_Extract,159,bbeb36f2-df15-492b-8418-385fc6c5a6ba,,,830,gcp10wbtrpap02,2026-09-03T10:58:37.5313402Z,,,,579066,ANIL002_MB51_Dump_Extract,,RUN_NOW,,1135,2026-09-03T10:58:37.708777Z,100,,,"['100005124', '386', '354', '356', '389', '357', '359', '100011533', '382']",False,2026-09-03T10:32:48.2879007Z,COMPLETED,False,0a6639c7-902a-1167-8193-5327d0ae03b3,159,RUN_NOW,,1110,bruser_agel001,False,PUBLIC
663d83b5-64b0-43df-afec-762e33fe20c5,BOT,35473,ANIL016_BOM_Data_Extraction,PRIORITY_MEDIUM,,,True,SendMailV2,1135,2026-09-03T10:40:01.138234Z,ANIL016_BOM_Data_Extraction,83,3f8619e5-3ade-4fbe-a856-9d8a59b394b3,,,852,gcp10wbtrpap05,2026-09-03T10:54:03.6343654Z,,,,609832,ANIL016_BOM_Data_Extraction,,SCHEDULED,,1135,2026-09-03T10:54:03.755156Z,100,,,"['100005124', '354', '386', '356', '389', '357', '359', '100011533', '382']",False,2026-09-03T10:43:48.686889Z,COMPLETED,False,0a6639c7-902a-1167-8193-5327d0ae03b3,83,SCHEDULED,,1114,bruser_agel005,False,PUBLIC
0fb81e40-da41-429b-874b-297b086e45f1,BOT,34703,AUC172_DowntimeSecurityPatch&VAOpen_MasterBot,PRIORITY_MEDIUM,,,True,loop.commands.start,1135,2026-09-03T10:30:04.173392Z,AUC172_DowntimeSecurityPatch&VAOpen_MasterBot,50,b5dc7125-44e7-4c88-9597-8657293affd2,,,852,gcp10wbtrpap05,2026-09-03T10:43:36.1478181Z,,,,423407,AUC172_DowntimeSecurityPatch&VAOpen_MasterBot,,SCHEDULED,,1135,2026-09-03T10:43:36.248197Z,100,,,"['100005124', '354', '386', '389', '357', '359', '100011533', '382']",False,2026-09-03T10:43:28.8948897Z,COMPLETED,False,0a6639c7-902a-1167-8193-5327d0ae03b3,50,SCHEDULED,,1114,bruser_agel005,False,PUBLIC
45e24d78-f6a4-490c-861b-906370974c5b,BOT,100012348,ANIL028_zsa003N_G_Dump,PRIORITY_MEDIUM,,,True,messageBox,1135,2026-09-03T10:30:04.146656Z,ANIL028_zsa003N_G_Dump,60,71de143a-fa9a-4b8c-9dc5-16743fbe9798,,,852,gcp10wbtrpap05,2026-09-03T10:43:09.6063425Z,,,,101763950,ANIL028_zsa003N_G_Dump,,SCHEDULED,,1135,2026-09-03T10:43:09.741266Z,100,,,"['100005124', '354', '386', '356', '357', '389', '359', '100011533', '382']",False,2026-09-03T10:42:20.4208045Z,COMPLETED,False,0a6639c7-902a-1167-8193-5327d0ae03b3,60,SCHEDULED,,1114,bruser_agel005,False,PUBLIC
113b3ce2-cc85-42a7-887b-265eaa3c74de,BOT,100012806,ANIL029_ZVMS_Report,PRIORITY_MEDIUM,,,True,messageBox,1135,2026-09-03T10:30:03.888715Z,ANIL029_ZVMS_Report,103,e801dacc-e80c-414a-b050-a226ddd83307,,,852,gcp10wbtrpap05,2026-09-03T10:42:07.2738526Z,,,,101830732,ANIL029_ZVMS_Report,,SCHEDULED,,1135,2026-09-03T10:42:07.441656Z,100,,,"['100005124', '354', '386', '356', '357', '389', '359', '100011533', '382']",False,2026-09-03T10:40:09.228982Z,COMPLETED,False,0a6639c7-902a-1167-8193-5327d0ae03b3,103,SCHEDULED,,1114,bruser_agel005,False,PUBLIC
e10b5e34-6ac3-4aca-8a3b-8967e8a17c39,BOT,35429,ANIL008_MCX_Data_Extraction_MainTask,PRIORITY_MEDIUM,,,True,SendMailV2,1135,2026-09-03T10:30:03.780796Z,ANIL008_MCX_Data_Extraction_MainTask,60,69e350be-0db2-44b7-ba5d-d4e16611fc98,,,852,gcp10wbtrpap05,2026-09-03T10:39:49.1304108Z,ba.bot.execution.error,"This may be due to the following reason:

    Invalid argument supplied to 'list', index '0' is invalid or out of bound.

Location: ANIL008_MCX_Data_Extraction_MainTask (line 60)

","There was a problem at line 60
",604508,ANIL008_MCX_Data_Extraction_MainTask,,SCHEDULED,"There was a problem at line 60
 This may be due to the following reason:

Invalid argument supplied to 'list', index '0' is invalid or out of bound.

Location: ANIL008_MCX_Data_Extraction_MainTask (line 60)

 To continue, edit the bot and fix the error. Then, try again.


If you continue to see this message, please contact your system administrator.",1135,2026-09-03T10:39:49.26088Z,100,,,"['100005124', '386', '354', '356', '357', '389', '359', '100011533', '382']",False,2026-09-03T10:38:28.433681Z,RUN_FAILED,False,0a6639c7-902a-1167-8193-5327d0ae03b3,60,SCHEDULED,,1114,bruser_agel005,False,PUBLIC
2f53a7b8-361c-4d67-bb82-689ff2af2356,BOT,35430,ANIL009_NSEIndia_Data_Extraction,PRIORITY_MEDIUM,,,True,SendMailV2,1135,2026-09-03T10:30:03.223297Z,ANIL009_NSEIndia_Data_Extraction,89,f583ed62-feb9-4be4-9369-7c8931ebebd6,,,852,gcp10wbtrpap05,2026-09-03T10:38:04.6426641Z,,,,604470,ANIL009_NSEIndia_Data_Extraction,,SCHEDULED,,1135,2026-09-03T10:38:04.763507Z,100,,,"['100005124', '354', '386', '356', '357', '389', '359', '100011533', '382']",False,2026-09-03T10:37:04.1505105Z,COMPLETED,False,0a6639c7-902a-1167-8193-5327d0ae03b3,89,SCHEDULED,,1114,bruser_agel005,False,PUBLIC
31f23ffe-1a5a-43b8-a368-5c0ce7f32ff1,BOT,35442,ANIL012_PXIL_RTM_Data_Extraction,PRIORITY_MEDIUM,,,True,SendMailV2,1135,2026-09-03T10:30:01.975982Z,ANIL012_PXIL_RTM_Data_Extraction,47,63b6de08-b64f-4126-830c-0d0d4b10ee21,,,852,gcp10wbtrpap05,2026-09-03T10:36:48.6036093Z,,,,606875,ANIL012_PXIL_RTM_Data_Extraction,,SCHEDULED,,1135,2026-09-03T10:36:48.715343Z,100,,,"['100005124', '386', '354', '356', '389', '357', '359', '100011533', '382']",False,2026-09-03T10:36:00.1662136Z,COMPLETED,False,0a6639c7-902a-1167-8193-5327d0ae03b3,47,SCHEDULED,,1114,bruser_agel005,False,PUBLIC
ea21d6cc-da59-4650-90cf-11d83d32f5ca,BOT,35436,ANIL014_ZPODTL_Dump_Extract,PRIORITY_MEDIUM,,,True,SendMailV2,1135,2026-09-03T10:30:01.939637Z,ANIL014_ZPODTL_Dump_Extract,82,446d21a9-9f2f-407b-af90-b6834c9b619d,,,852,gcp10wbtrpap05,2026-09-03T10:35:47.0006327Z,,,,606415,ANIL014_ZPODTL_Dump_Extract,,SCHEDULED,,1135,2026-09-03T10:35:47.151838Z,100,,,"['100005124', '386', '354', '356', '357', '389', '359', '100011533', '382']",False,2026-09-03T10:30:16.255666Z,COMPLETED,False,0a6639c7-902a-1167-8193-5327d0ae03b3,82,SCHEDULED,,1114,bruser_agel005,False,PUBLIC
3794b45d-62f3-4021-81f9-937ab28268e4,BOT,34707,AGEL014_Renewable_Birthday_Reminder,PRIORITY_MEDIUM,,,True,capture,1135,2026-09-03T10:30:02.414789Z,AGEL014_Renewable_Birthday_Reminder,293,433b8297-cbdd-4f8e-b628-8faea252885e,,,857,gcp10wbtrpap03,2026-09-03T10:32:53.8075996Z,ba.bot.execution.error,"This may be due to the following reason:

    Unable to perform 'CLICK' action. LINK is unavailable.

Location: AGEL014_Renewable_Birthday_Reminder (line 293)

","There was a problem at line 293
",422474,AGEL014_Renewable_Birthday_Reminder,,SCHEDULED,"There was a problem at line 293
 This may be due to the following reason:

Unable to perform 'CLICK' action. LINK is unavailable.

Location: AGEL014_Renewable_Birthday_Reminder (line 293)

 To continue, edit the bot and fix the error. Then, try again.


If you continue to see this message, please contact your system administrator.",1135,2026-09-03T10:32:53.959832Z,93,,,"['100005124', '354', '386', '389', '357', '359', '100011533', '382']",False,2026-09-03T10:30:09.3740924Z,RUN_FAILED,False,0a6639c7-902a-1167-8193-5327d0ae03b3,314,SCHEDULED,,1112,bruser_agel003,False,PUBLIC
258865b1-8829-4df9-87d2-f4f2bb661a1f,BOT,0,ANIL002_MB51_Dump_Extract,PRIORITY_MEDIUM,,,True,SendMailV2,1135,2026-09-03T10:31:08.51809Z,ANIL002_MB51_Dump_Extract,159,69bca815-43f7-4abd-93cc-30c45cf2716f,,,830,gcp10wbtrpap02,2026-09-03T10:31:49.7400946Z,ba.bot.execution.error,"This may be due to the following reason:

    A user cancelled running the bot. You can run it again.

Location: ANIL002_MB51_Dump_Extract (line 159)

","There was a problem at line 159
",579066,ANIL002_MB51_Dump_Extract,,RUN_NOW,"There was a problem at line 159
 This may be due to the following reason:

A user cancelled running the bot. You can run it again.

Location: ANIL002_MB51_Dump_Extract (line 159)

 To continue, edit the bot and fix the error. Then, try again.


If you continue to see this message, please contact your system administrator.",1110,2026-09-03T10:31:49.846561Z,100,,,"['100005124', '386', '354', '356', '389', '357', '359', '100011533', '382']",False,2026-09-03T10:31:16.7694138Z,RUN_ABORTED,False,0a6639c7-902a-1167-8193-5327d0ae03b3,159,RUN_NOW,,1110,bruser_agel001,False,PUBLIC
39929ef4-c3a8-40b5-8bd7-1db601909574,BOT,0,AGEL061_Transmission_Losses_Weekly_Report,PRIORITY_MEDIUM,,,True,SendMailV2,1135,2026-09-03T10:23:06.797316Z,AGEL061_Transmission_Losses_Weekly_Report,80,59d7b138-862f-406e-a51f-15e918640988,,,857,gcp10wbtrpap03,2026-09-03T10:25:54.6491578Z,,,,525193,AGEL061_Transmission_Losses_Weekly_Report,,RUN_NOW,,1135,2026-09-03T10:25:54.754752Z,100,,,"['100005124', '354', '386', '357', '389', '359', '392', '393', '100011533', '382']",False,2026-09-03T10:23:14.5779442Z,COMPLETED,False,0a6639c7-902a-1167-8193-5327d0ae03b3,80,RUN_NOW,,1112,bruser_agel003,False,PUBLIC
9d8ada58-f88e-4080-ba7e-67628c560e0a,BOT,0,AGEL061_Transmission_Losses_Weekly_Report,PRIORITY_MEDIUM,,,True,SendMailV2,1135,2026-09-03T10:20:06.310759Z,AGEL061_Transmission_Losses_Weekly_Report,80,217ab94f-5629-4c52-9543-0c99876e2fba,,,857,gcp10wbtrpap03,2026-09-03T10:22:36.4837238Z,ba.bot.execution.error,"This may be due to the following reason:

    A user cancelled running the bot. You can run it again.

Location: AGEL061_Transmission_Losses_Weekly_Report (line 80)

","There was a problem at line 80
",525193,AGEL061_Transmission_Losses_Weekly_Report,,RUN_NOW,"There was a problem at line 80
 This may be due to the following reason:

A user cancelled running the bot. You can run it again.

Location: AGEL061_Transmission_Losses_Weekly_Report (line 80)

 To continue, edit the bot and fix the error. Then, try again.


If you continue to see this message, please contact your system administrator.",1112,2026-09-03T10:22:36.567435Z,100,,,"['100005124', '354', '386', '357', '389', '359', '392', '393', '100011533', '382']",False,2026-09-03T10:20:13.4418268Z,RUN_ABORTED,False,0a6639c7-902a-1167-8193-5327d0ae03b3,80,RUN_NOW,,1112,bruser_agel003,False,PUBLIC
bc1248eb-0d5f-4dda-bd23-ec96c6563fe8,BOT,100002846,ANIL023_Sales_Combined,PRIORITY_MEDIUM,,,True,SendMailV2,1135,2026-09-03T10:15:00.963462Z,ANIL023_Sales_Combined,63,2825425c-0a18-4391-b95a-cc47b2d50eb2,,,852,gcp10wbtrpap05,2026-09-03T10:18:37.8479139Z,,,,100375412,ANIL023_Sales_Combined,,SCHEDULED,,1135,2026-09-03T10:18:37.985177Z,100,,,"['100005124', '386', '354', '356', '357', '389', '359', '100011533', '382']",False,2026-09-03T10:15:15.2976683Z,COMPLETED,False,0a6639c7-902a-1167-8193-5327d0ae03b3,63,SCHEDULED,,1114,bruser_agel005,False,PUBLIC
15f65ae4-5fa9-40e8-bf0e-e3f7632d5d22,BOT,0,AGEL072_Transmission_Losses_Daily_Extraction,PRIORITY_MEDIUM,,,True,loop.commands.break,1135,2026-09-03T10:07:52.084376Z,AGEL072_Transmission_Losses_Daily_Extraction,66,c3f3d419-de2c-487e-91cf-5e1b9bb0b383,,,857,gcp10wbtrpap03,2026-09-03T10:09:39.3196567Z,,,,531719,AGEL072_Transmission_Losses_Daily_Extraction,,RUN_NOW,,1135,2026-09-03T10:09:39.444649Z,100,,,"['100005124', '354', '386', '357', '389', '359', '392', '393', '100011533', '382']",False,2026-09-03T10:07:58.4246608Z,COMPLETED,False,0a6639c7-902a-1167-8193-5327d0ae03b3,66,RUN_NOW,,1112,bruser_agel003,False,PUBLIC
2361b8e6-bb87-48eb-92b7-cf7ddff9a20c,BOT,0,AGEL072_HistoricalData_Push,PRIORITY_MEDIUM,,,True,loop.commands.start,1135,2026-09-03T09:56:46.041576Z,AGEL072_HistoricalData_Push,58,52d094f7-a446-42ac-8353-c6a9a2eb886d,,,857,gcp10wbtrpap03,2026-09-03T10:03:30.8178922Z,,,,609843,AGEL072_HistoricalData_Push,,RUN_NOW,,1135,2026-09-03T10:03:30.990906Z,100,,,"['100005124', '354', '386', '357', '389', '359', '392', '393', '100011533', '382']",False,2026-09-03T09:56:52.5778172Z,COMPLETED,False,0a6639c7-902a-1167-8193-5327d0ae03b3,58,RUN_NOW,,1112,bruser_agel003,False,PUBLIC
4a1f20fd-32df-4985-8647-c2b43e2c9128,BOT,0,AGEL072_HistoricalData_Push,PRIORITY_MEDIUM,,,True,GetMultipleCells,1135,2026-09-03T09:29:30.036032Z,AGEL072_HistoricalData_Push,6,482c7439-9e32-40be-952c-828a69833b94,,,857,gcp10wbtrpap03,2026-09-03T09:31:22.7050923Z,ba.bot.execution.error,"This may be due to the following reason:

    A user cancelled running the bot. You can run it again.

Location: AGEL072_HistoricalData_Push (line 6)

","There was a problem at line 6
",609843,AGEL072_HistoricalData_Push,,RUN_NOW,"There was a problem at line 6
 This may be due to the following reason:

A user cancelled running the bot. You can run it again.

Location: AGEL072_HistoricalData_Push (line 6)

 To continue, edit the bot and fix the error. Then, try again.


If you continue to see this message, please contact your system administrator.",1112,2026-09-03T09:31:22.818672Z,10,,,"['100005124', '354', '386', '357', '389', '359', '392', '393', '100011533', '382']",False,2026-09-03T09:29:36.9482835Z,RUN_ABORTED,False,0a6639c7-902a-1167-8193-5327d0ae03b3,58,RUN_NOW,,1112,bruser_agel003,False,PUBLIC
c85f5b31-3b67-480b-8cfa-080a5ecd26c3,BOT,35442,ANIL012_PXIL_RTM_Data_Extraction,PRIORITY_MEDIUM,,,True,SendMailV2,1135,2026-09-03T09:30:02.536879Z,ANIL012_PXIL_RTM_Data_Extraction,47,5940c37f-c8ae-4fa8-8133-61600a8728f2,,,852,gcp10wbtrpap05,2026-09-03T09:31:04.0784547Z,,,,606875,ANIL012_PXIL_RTM_Data_Extraction,,SCHEDULED,,1135,2026-09-03T09:31:04.190452Z,100,,,"['100005124', '386', '354', '356', '389', '357', '359', '100011533', '382']",False,2026-09-03T09:30:16.2244844Z,COMPLETED,False,0a6639c7-902a-1167-8193-5327d0ae03b3,47,SCHEDULED,,1114,bruser_agel005,False,PUBLIC
fd5496aa-b87e-4890-9673-f81bc0daccce,BOT,35434,AUC119_AGEL_MasterBot.25.10.09.12.49.24.devuser_agel003,PRIORITY_MEDIUM,,,True,stopTask,1134,2026-09-03T09:30:01.969759Z,AUC119_AGEL_MasterBot,9,3888f806-a1fc-469a-92ad-9855603070be,,,1061,gcp10wbtrpap01,2026-09-03T09:30:19.2984521Z,,,,411366,AUC119_AGEL_MasterBot,,SCHEDULED,,1134,2026-09-03T09:30:19.438394Z,100,,,"['100005124', '386', '354', '387', '389', '357', '359', '100011533', '382']",False,2026-09-03T09:30:17.564951Z,COMPLETED,False,0a6639c7-902a-1167-8193-5327d0ae03b3,9,SCHEDULED,,1111,bruser_agel002,False,PUBLIC
70a35236-fd89-491c-98f0-2336df202476,BOT,0,AGEL075_Hybrid_AVC_Punch_MainTask.26.09.03.14.52.24.devuser_agel002,PRIORITY_MEDIUM,,,True,runApp,1133,2026-09-03T09:24:01.702128Z,AGEL075_Hybrid_AVC_Punch_MainTask,89,3eec644d-63a5-436e-b7be-57fa03844c18,,,1059,gcp10wbtrpap04,2026-09-03T09:29:52.1537861Z,,,,535089,AGEL075_Hybrid_AVC_Punch_MainTask,,RUN_NOW,,1133,2026-09-03T09:29:52.327065Z,100,,,"['100005124', '386', '354', '357', '389', '359', '392', '393', '100011533', '382']",False,2026-09-03T09:24:10.0393115Z,COMPLETED,False,0a6639c7-902a-1167-8193-5327d0ae03b3,89,RUN_NOW,,1113,bruser_agel004,False,PUBLIC
68902cc2-1f49-417b-8172-da7182ac6df5,BOT,100006144,AGEL130_PR-PO & Consumption_Main.26.01.28.15.08.39.devuser_agel005,PRIORITY_MEDIUM,,,True,SendMailV2,1136,2026-09-03T08:45:01.564548Z,AGEL130_PR-PO & Consumption_Main,52,f80092e2-abea-4898-bb7d-baacdbfc321b,,,852,gcp10wbtrpap05,2026-09-03T09:22:39.2256235Z,,,,100474111,AGEL130_PR-PO & Consumption_Main,,SCHEDULED,,1136,2026-09-03T09:22:39.395698Z,100,,,"['100005124', '354', '386', '357', '389', '359', '392', '393', '100011533', '382']",False,2026-09-03T08:57:22.9036926Z,COMPLETED,False,0a6639c7-902a-1167-8193-5327d0ae03b3,52,SCHEDULED,,1114,bruser_agel005,False,PUBLIC
dd711162-e372-4606-8e68-3b9bfb76619b,BOT,0,ANIL002_MB51_Dump_Extract,PRIORITY_MEDIUM,,,True,SendMailV2,1135,2026-09-03T05:53:17.028132Z,ANIL002_MB51_Dump_Extract,159,ee9319f8-f82d-4e31-93c6-4dbe4b953857,,,830,gcp10wbtrpap02,2026-09-03T09:01:13.2683792Z,,,,579066,ANIL002_MB51_Dump_Extract,,RUN_NOW,,1135,2026-09-03T09:01:13.436006Z,100,,,"['100005124', '386', '354', '356', '389', '357', '359', '100011533', '382']",False,2026-09-03T08:24:09.2162045Z,COMPLETED,False,0a6639c7-902a-1167-8193-5327d0ae03b3,159,RUN_NOW,,1110,bruser_agel001,False,PUBLIC
d69b1266-89d0-41f0-b483-91f6ce5ba2c6,BOT,35190,AGEL083_Extract_YSPOT_Dump,PRIORITY_MEDIUM,,,True,runTask,1135,2026-09-03T08:30:04.513262Z,AGEL083_Extract_YSPOT_Dump,109,bfe0a6cd-24cb-46a0-9484-61716ecd4aa6,,,852,gcp10wbtrpap05,2026-09-03T08:57:04.3568553Z,,,,539005,AGEL083_Extract_YSPOT_Dump,,SCHEDULED,,1135,2026-09-03T08:57:06.147055Z,100,,,"['100005124', '386', '354', '389', '357', '359', '392', '393', '100011533', '382']",False,2026-09-03T08:53:52.6508614Z,COMPLETED,False,0a6639c7-902a-1167-8193-5327d0ae03b3,109,SCHEDULED,,1114,bruser_agel005,False,PUBLIC
1a70e055-4a12-4f1b-bfe6-3ccfc8c6fb91,BOT,100012348,ANIL028_zsa003N_G_Dump,PRIORITY_MEDIUM,,,True,messageBox,1135,2026-09-03T08:30:04.090669Z,ANIL028_zsa003N_G_Dump,60,e5281bf8-c315-4369-ac49-f159b03878ce,,,852,gcp10wbtrpap05,2026-09-03T08:53:29.8491383Z,,,,101763950,ANIL028_zsa003N_G_Dump,,SCHEDULED,,1135,2026-09-03T08:53:29.963989Z,100,,,"['100005124', '354', '386', '356', '357', '389', '359', '100011533', '382']",False,2026-09-03T08:52:38.6064609Z,COMPLETED,False,0a6639c7-902a-1167-8193-5327d0ae03b3,60,SCHEDULED,,1114,bruser_agel005,False,PUBLIC
a26b0b29-1188-431c-8358-fb28f7df68ef,BOT,35442,ANIL012_PXIL_RTM_Data_Extraction,PRIORITY_MEDIUM,,,True,SendMailV2,1135,2026-09-03T08:30:03.797252Z,ANIL012_PXIL_RTM_Data_Extraction,47,93411a0f-48f5-4ee4-b6f0-c5a28352b740,,,852,gcp10wbtrpap05,2026-09-03T08:52:24.8818823Z,,,,606875,ANIL012_PXIL_RTM_Data_Extraction,,SCHEDULED,,1135,2026-09-03T08:52:24.99179Z,100,,,"['100005124', '354', '386', '356', '389', '357', '359', '100011533', '382']",False,2026-09-03T08:51:37.3105875Z,COMPLETED,False,0a6639c7-902a-1167-8193-5327d0ae03b3,47,SCHEDULED,,1114,bruser_agel005,False,PUBLIC
09f14a5a-6f27-4bcc-ac9b-c17791f4e6bf,BOT,35429,ANIL008_MCX_Data_Extraction_MainTask,PRIORITY_MEDIUM,,,True,SendMailV2,1135,2026-09-03T08:30:03.497541Z,ANIL008_MCX_Data_Extraction_MainTask,60,b7b5930d-4ec5-4a5c-ab8f-450083fdac4b,,,852,gcp10wbtrpap05,2026-09-03T08:51:18.9112009Z,ba.bot.execution.error,"This may be due to the following reason:

    Invalid argument supplied to 'list', index '0' is invalid or out of bound.

Location: ANIL008_MCX_Data_Extraction_MainTask (line 60)

","There was a problem at line 60
",604508,ANIL008_MCX_Data_Extraction_MainTask,,SCHEDULED,"There was a problem at line 60
 This may be due to the following reason:

Invalid argument supplied to 'list', index '0' is invalid or out of bound.

Location: ANIL008_MCX_Data_Extraction_MainTask (line 60)

 To continue, edit the bot and fix the error. Then, try again.


If you continue to see this message, please contact your system administrator.",1135,2026-09-03T08:51:19.029392Z,100,,,"['100005124', '386', '354', '356', '357', '389', '359', '100011533', '382']",False,2026-09-03T08:49:57.8218852Z,RUN_FAILED,False,0a6639c7-902a-1167-8193-5327d0ae03b3,60,SCHEDULED,,1114,bruser_agel005,False,PUBLIC
930945b3-b8b9-4c86-a5db-10408a6a7771,BOT,34703,AUC172_DowntimeSecurityPatch&VAOpen_MasterBot,PRIORITY_MEDIUM,,,True,loop.commands.start,1135,2026-09-03T08:30:03.281554Z,AUC172_DowntimeSecurityPatch&VAOpen_MasterBot,50,d69fd223-6578-4a6d-8bb6-aaa5cd580bc6,,,852,gcp10wbtrpap05,2026-09-03T08:49:45.2667067Z,,,,423407,AUC172_DowntimeSecurityPatch&VAOpen_MasterBot,,SCHEDULED,,1135,2026-09-03T08:49:45.378508Z,100,,,"['100005124', '354', '386', '389', '357', '359', '100011533', '382']",False,2026-09-03T08:49:37.8882998Z,COMPLETED,False,0a6639c7-902a-1167-8193-5327d0ae03b3,50,SCHEDULED,,1114,bruser_agel005,False,PUBLIC
8153f678-1dd4-49bd-b58f-bdbe24c043f4,BOT,100012806,ANIL029_ZVMS_Report,PRIORITY_MEDIUM,,,True,messageBox,1135,2026-09-03T08:30:02.706434Z,ANIL029_ZVMS_Report,103,fa9c7b62-e46e-426d-832c-24b064acda4e,,,852,gcp10wbtrpap05,2026-09-03T08:49:23.2984853Z,,,,101830732,ANIL029_ZVMS_Report,,SCHEDULED,,1135,2026-09-03T08:49:23.45532Z,100,,,"['100005124', '354', '386', '356', '357', '389', '359', '100011533', '382']",False,2026-09-03T08:47:10.9855657Z,COMPLETED,False,0a6639c7-902a-1167-8193-5327d0ae03b3,103,SCHEDULED,,1114,bruser_agel005,False,PUBLIC
1232bdfb-13a9-4456-966b-e62e36a0f465,BOT,35430,ANIL009_NSEIndia_Data_Extraction,PRIORITY_MEDIUM,,,True,SendMailV2,1135,2026-09-03T08:30:02.466305Z,ANIL009_NSEIndia_Data_Extraction,89,540d1c3f-5e0d-4a48-a42e-91a1905850c9,,,852,gcp10wbtrpap05,2026-09-03T08:46:48.2238137Z,,,,604470,ANIL009_NSEIndia_Data_Extraction,,SCHEDULED,,1135,2026-09-03T08:46:48.344256Z,100,,,"['100005124', '354', '386', '356', '357', '389', '359', '100011533', '382']",False,2026-09-03T08:45:45.9587053Z,COMPLETED,False,0a6639c7-902a-1167-8193-5327d0ae03b3,89,SCHEDULED,,1114,bruser_agel005,False,PUBLIC
4666ba4f-7740-429b-86e5-f3d3c8c73347,BOT,0,AGEL101 ME2N DUMP from Consolidated T001K list MT.26.09.03.13.31.03.devuser_agel002,PRIORITY_MEDIUM,,,True,createFolder,1133,2026-09-03T08:01:13.977809Z,AGEL101 ME2N DUMP from Consolidated T001K list MT,112,06ab2587-c71e-4760-a5ac-70819f669640,,,852,gcp10wbtrpap05,2026-09-03T08:45:31.7116503Z,,,,591581,AGEL101 ME2N DUMP from Consolidated T001K list MT,,RUN_NOW,,1133,2026-09-03T08:45:31.850773Z,100,,,"['100005124', '354', '386', '389', '357', '359', '392', '393', '100011533', '382']",False,2026-09-03T08:01:26.8649102Z,COMPLETED,False,0a6639c7-902a-1167-8193-5327d0ae03b3,112,RUN_NOW,,1114,bruser_agel005,False,PUBLIC
149bc0e1-e061-484c-b7e9-a9d59e70a177,BOT,34826,AUC057_AGEL_ContractsClosure_Main,PRIORITY_MEDIUM,,,True,logToFile,1135,2026-09-03T05:45:02.647197Z,AUC057_AGEL_ContractsClosure_Main,110,ea6645fc-51b1-4941-a9f6-0562a6584184,,,830,gcp10wbtrpap02,2026-09-03T08:23:57.4476946Z,,,,415418,AUC057_AGEL_ContractsClosure_Main,,SCHEDULED,,1135,2026-09-03T08:23:57.606679Z,100,,,"['100005124', '386', '354', '357', '389', '359', '100011533', '382']",False,2026-09-03T06:01:00.1582604Z,COMPLETED,False,0a6639c7-902a-1167-8193-5327d0ae03b3,110,SCHEDULED,,1110,bruser_agel001,False,PUBLIC
ab5b99a5-c756-4402-af0c-074124f28aa1,BOT,100005963,AGEL135_Open_RGP and Shelf_Life_Expiry_Main.26.02.02.17.40.17.devuser_agel005,PRIORITY_MEDIUM,,,True,runApp,1136,2026-09-03T07:45:01.804346Z,AGEL135_Open_RGP and Shelf_Life_Expiry_Main,73,fa601b07-843e-479d-acd6-179173225058,,,852,gcp10wbtrpap05,2026-09-03T07:58:35.5456044Z,,,,100576031,AGEL135_Open_RGP and Shelf_Life_Expiry_Main,,SCHEDULED,,1136,2026-09-03T07:58:35.681916Z,100,,,"['100005124', '386', '354', '389', '357', '359', '392', '393', '100011533', '382']",False,2026-09-03T07:52:26.3504516Z,COMPLETED,False,0a6639c7-902a-1167-8193-5327d0ae03b3,73,SCHEDULED,,1114,bruser_agel005,False,PUBLIC
3653a6ac-bf9f-45be-b388-5cea72b116e8,BOT,35442,ANIL012_PXIL_RTM_Data_Extraction,PRIORITY_MEDIUM,,,True,SendMailV2,1135,2026-09-03T07:30:02.175952Z,ANIL012_PXIL_RTM_Data_Extraction,47,88f03895-9db3-4e1b-b6df-202d057a468c,,,852,gcp10wbtrpap05,2026-09-03T07:52:13.224972Z,,,,606875,ANIL012_PXIL_RTM_Data_Extraction,,SCHEDULED,,1135,2026-09-03T07:52:13.333557Z,100,,,"['100005124', '386', '354', '356', '389', '357', '359', '100011533', '382']",False,2026-09-03T07:51:26.1458964Z,COMPLETED,False,0a6639c7-902a-1167-8193-5327d0ae03b3,47,SCHEDULED,,1114,bruser_agel005,False,PUBLIC
6dc9bc3a-904d-4948-87c5-707393da710f,BOT,35429,ANIL008_MCX_Data_Extraction_MainTask,PRIORITY_MEDIUM,,,True,SendMailV2,1135,2026-09-03T06:30:05.883506Z,ANIL008_MCX_Data_Extraction_MainTask,60,69115191-6fcf-4d19-a983-bca1a6e1817d,,,852,gcp10wbtrpap05,2026-09-03T07:51:07.4725762Z,ba.bot.execution.error,"This may be due to the following reason:

    Invalid argument supplied to 'list', index '0' is invalid or out of bound.

Location: ANIL008_MCX_Data_Extraction_MainTask (line 60)

","There was a problem at line 60
",604508,ANIL008_MCX_Data_Extraction_MainTask,,SCHEDULED,"There was a problem at line 60
 This may be due to the following reason:

Invalid argument supplied to 'list', index '0' is invalid or out of bound.

Location: ANIL008_MCX_Data_Extraction_MainTask (line 60)

 To continue, edit the bot and fix the error. Then, try again.


If you continue to see this message, please contact your system administrator.",1135,2026-09-03T07:51:07.587659Z,100,,,"['100005124', '386', '354', '356', '357', '389', '359', '100011533', '382']",False,2026-09-03T07:49:46.4731132Z,RUN_FAILED,False,0a6639c7-902a-1167-8193-5327d0ae03b3,60,SCHEDULED,,1114,bruser_agel005,False,PUBLIC
59ebc530-b4bf-4b7b-b932-61e511c9778c,BOT,100012348,ANIL028_zsa003N_G_Dump,PRIORITY_MEDIUM,,,True,messageBox,1135,2026-09-03T06:30:05.861595Z,ANIL028_zsa003N_G_Dump,60,010e1c95-41c1-4e39-b8fa-1ac2478f6dcd,,,852,gcp10wbtrpap05,2026-09-03T07:49:26.1601231Z,,,,101763950,ANIL028_zsa003N_G_Dump,,SCHEDULED,,1135,2026-09-03T07:49:26.283912Z,100,,,"['100005124', '354', '386', '356', '357', '389', '359', '100011533', '382']",False,2026-09-03T07:48:38.5630497Z,COMPLETED,False,0a6639c7-902a-1167-8193-5327d0ae03b3,60,SCHEDULED,,1114,bruser_agel005,False,PUBLIC
03cb27d7-7042-4e65-bd56-3d19272c99ff,BOT,35406,AGEL101 ME2N DUMP from Consolidated T001K list MT.25.09.12.14.41.04.devuser_agel005,PRIORITY_MEDIUM,,,True,runApp,1136,2026-09-03T06:30:05.715399Z,04 Get ME2N Dump,91,2d1dbc43-7937-49ed-b725-030823a8ac60,,,852,gcp10wbtrpap05,2026-09-03T07:48:20.8262212Z,ba.bot.execution.force.stop,,Forcefully closed the bot execution due to user stopping it.,591581,AGEL101 ME2N DUMP from Consolidated T001K list MT,,SCHEDULED,Forcefully closed the bot execution due to user stopping it.,1133,2026-09-03T07:48:20.89113Z,79,,,"['100005124', '354', '386', '389', '357', '359', '392', '393', '100011533', '382']",False,2026-09-03T06:35:34.7800856Z,RUN_ABORTED,False,0a6639c7-902a-1167-8193-5327d0ae03b3,113,SCHEDULED,,1114,bruser_agel005,False,PUBLIC
43388b32-8c18-4570-8b50-0bd706144d9c,BOT,35434,AUC119_AGEL_MasterBot.25.10.09.12.49.24.devuser_agel003,PRIORITY_MEDIUM,,,True,stopTask,1134,2026-09-03T07:30:01.846727Z,AUC119_AGEL_MasterBot,9,4e2de634-afa6-4f76-aa80-7b1819ba6783,,,1061,gcp10wbtrpap01,2026-09-03T07:30:23.9627412Z,,,,411366,AUC119_AGEL_MasterBot,,SCHEDULED,,1134,2026-09-03T07:30:24.113268Z,100,,,"['100005124', '386', '354', '387', '389', '357', '359', '100011533', '382']",False,2026-09-03T07:30:22.0931318Z,COMPLETED,False,0a6639c7-902a-1167-8193-5327d0ae03b3,9,SCHEDULED,,1111,bruser_agel002,False,PUBLIC
0ddab4fb-50cc-4151-bc6c-ade628556ef4,BOT,0,PVSyst_TriggerBot.2026.09.03.03.53.49.bruser_agel007,PRIORITY_MEDIUM,,,True,runTask,1116,2026-09-03T03:53:49.639088Z,PVSyst_TriggerBot,100,4d5f0a35-efe7-4d3a-adfb-3a5d072b7985,,,100013828,DT-1001-G62J7W3,2026-09-03T07:23:16.7958788Z,,,,427692,PVSyst_TriggerBot,,TRIGGER,,1116,2026-09-03T07:23:26.299609Z,100,,,"['100005124', '354', '386', '389', '357', '359', '392', '100011533', '382']",False,2026-09-03T07:22:58.3637162Z,COMPLETED,False,0a6639c7-902a-1167-8193-5327d0ae03b3,100,TRIGGER,,1116,bruser_agel007,False,PUBLIC
0c64e4e2-fc36-4566-8015-4732dd840083,BOT,0,PVSyst_TriggerBot.2026.09.03.03.53.48.bruser_agel007,PRIORITY_MEDIUM,,,True,runTask,1116,2026-09-03T03:53:49.403201Z,PVSyst_TriggerBot,100,a767ab61-0f88-4e9f-a597-70462f850048,,,100013828,DT-1001-G62J7W3,2026-09-03T07:22:53.216409Z,,,,427692,PVSyst_TriggerBot,,TRIGGER,,1116,2026-09-03T07:23:02.70542Z,100,,,"['100005124', '354', '386', '389', '357', '359', '392', '100011533', '382']",False,2026-09-03T07:22:32.4735254Z,COMPLETED,False,0a6639c7-902a-1167-8193-5327d0ae03b3,100,TRIGGER,,1116,bruser_agel007,False,PUBLIC
41c2fb9d-a610-483c-9e51-6b5d0225ada2,BOT,0,PVSyst_TriggerBot.2026.09.03.03.53.48.bruser_agel007,PRIORITY_MEDIUM,,,True,runTask,1116,2026-09-03T03:53:49.107189Z,PVSyst_TriggerBot,100,197f160b-22c1-4317-bfe5-164494c88163,,,100013828,DT-1001-G62J7W3,2026-09-03T07:22:28.319562Z,,,,427692,PVSyst_TriggerBot,,TRIGGER,,1116,2026-09-03T07:22:37.816232Z,100,,,"['100005124', '354', '386', '389', '357', '359', '392', '100011533', '382']",False,2026-09-03T07:22:08.5249761Z,COMPLETED,False,0a6639c7-902a-1167-8193-5327d0ae03b3,100,TRIGGER,,1116,bruser_agel007,False,PUBLIC
e591db2e-381f-43ba-ab67-d14afcb7cea8,BOT,0,PVSyst_TriggerBot.2026.09.03.03.35.23.bruser_agel007,PRIORITY_MEDIUM,,,True,runTask,1116,2026-09-03T03:35:23.649051Z,PVSyst_TriggerBot,100,5adde8c6-d4ae-4dd0-bfd6-d631078012e8,,,100013828,DT-1001-G62J7W3,2026-09-03T07:22:04.9068133Z,,,,427692,PVSyst_TriggerBot,,TRIGGER,,1116,2026-09-03T07:22:14.412371Z,100,,,"['100005124', '354', '386', '389', '357', '359', '392', '100011533', '382']",False,2026-09-03T07:21:46.4741183Z,COMPLETED,False,0a6639c7-902a-1167-8193-5327d0ae03b3,100,TRIGGER,,1116,bruser_agel007,False,PUBLIC
42657aca-fae3-4c74-8b9d-69649a0b4720,BOT,0,PVSyst_TriggerBot.2026.09.03.03.35.22.bruser_agel007,PRIORITY_MEDIUM,,,True,runTask,1116,2026-09-03T03:35:23.345685Z,PVSyst_TriggerBot,100,af15a133-ffed-431d-bd8a-debfc8edfb37,,,100013828,DT-1001-G62J7W3,2026-09-03T07:21:43.1215086Z,,,,427692,PVSyst_TriggerBot,,TRIGGER,,1116,2026-09-03T07:21:52.62955Z,100,,,"['100005124', '354', '386', '389', '357', '359', '392', '100011533', '382']",False,2026-09-03T07:21:22.4118955Z,COMPLETED,False,0a6639c7-902a-1167-8193-5327d0ae03b3,100,TRIGGER,,1116,bruser_agel007,False,PUBLIC
6268747c-2af6-4333-bb3e-315330a1476d,BOT,0,PVSyst_TriggerBot.2026.09.03.03.35.22.bruser_agel007,PRIORITY_MEDIUM,,,True,runTask,1116,2026-09-03T03:35:23.084711Z,PVSyst_TriggerBot,100,5afde168-dadc-4428-bd45-cdc6e64ffc5d,,,100013828,DT-1001-G62J7W3,2026-09-03T07:21:18.3480433Z,,,,427692,PVSyst_TriggerBot,,TRIGGER,,1116,2026-09-03T07:21:27.848759Z,100,,,"['100005124', '354', '386', '389', '357', '359', '392', '100011533', '382']",False,2026-09-03T07:20:58.5087544Z,COMPLETED,False,0a6639c7-902a-1167-8193-5327d0ae03b3,100,TRIGGER,,1116,bruser_agel007,False,PUBLIC
23f5ed95-5e56-4700-9516-0c7672f69c3f,BOT,0,PVSyst_TriggerBot.2026.09.03.03.16.52.bruser_agel007,PRIORITY_MEDIUM,,,True,runTask,1116,2026-09-03T03:16:52.616175Z,PVSyst_TriggerBot,100,2cf03b2d-d979-4834-b7dc-19d4764836ed,,,100013828,DT-1001-G62J7W3,2026-09-03T07:20:54.830108Z,,,,427692,PVSyst_TriggerBot,,TRIGGER,,1116,2026-09-03T07:21:04.339926Z,100,,,"['100005124', '354', '386', '389', '357', '359', '392', '100011533', '382']",False,2026-09-03T07:20:36.4538503Z,COMPLETED,False,0a6639c7-902a-1167-8193-5327d0ae03b3,100,TRIGGER,,1116,bruser_agel007,False,PUBLIC
b7c5e004-77cb-4408-86e1-65e1d06a9719,BOT,0,PVSyst_TriggerBot.2026.09.03.03.16.51.bruser_agel007,PRIORITY_MEDIUM,,,True,runTask,1116,2026-09-03T03:16:52.439797Z,PVSyst_TriggerBot,100,c0d4d94f-5bbb-4186-a77c-96a37042361f,,,100013828,DT-1001-G62J7W3,2026-09-03T07:20:33.1595869Z,,,,427692,PVSyst_TriggerBot,,TRIGGER,,1116,2026-09-03T07:20:42.657894Z,100,,,"['100005124', '354', '386', '389', '357', '359', '392', '100011533', '382']",False,2026-09-03T07:20:12.3644934Z,COMPLETED,False,0a6639c7-902a-1167-8193-5327d0ae03b3,100,TRIGGER,,1116,bruser_agel007,False,PUBLIC
55951f42-5e47-4596-8800-25a27b62a389,BOT,0,PVSyst_TriggerBot.2026.09.03.03.16.51.bruser_agel007,PRIORITY_MEDIUM,,,True,runTask,1116,2026-09-03T03:16:51.91722Z,PVSyst_TriggerBot,100,29907fe3-49bf-4256-8cef-f9c352ca72b6,,,100013828,DT-1001-G62J7W3,2026-09-03T07:20:08.3243642Z,,,,427692,PVSyst_TriggerBot,,TRIGGER,,1116,2026-09-03T07:20:17.825422Z,100,,,"['100005124', '354', '386', '389', '357', '359', '392', '100011533', '382']",False,2026-09-03T07:19:48.5201005Z,COMPLETED,False,0a6639c7-902a-1167-8193-5327d0ae03b3,100,TRIGGER,,1116,bruser_agel007,False,PUBLIC
2e3d22fd-8528-4651-b4ef-6430ff30689f,BOT,0,PVSyst_TriggerBot.2026.09.03.02.57.44.bruser_agel007,PRIORITY_MEDIUM,,,True,runTask,1116,2026-09-03T02:57:45.219085Z,PVSyst_TriggerBot,100,d7b4c164-f2c1-4c62-b371-4f282f374417,,,100013828,DT-1001-G62J7W3,2026-09-03T07:19:45.0586203Z,,,,427692,PVSyst_TriggerBot,,TRIGGER,,1116,2026-09-03T07:19:54.556899Z,100,,,"['100005124', '354', '386', '389', '357', '359', '392', '100011533', '382']",False,2026-09-03T07:19:26.5393093Z,COMPLETED,False,0a6639c7-902a-1167-8193-5327d0ae03b3,100,TRIGGER,,1116,bruser_agel007,False,PUBLIC
32e376f9-02cc-4cfc-ab51-abef4a4605cf,BOT,0,PVSyst_TriggerBot.2026.09.03.02.57.44.bruser_agel007,PRIORITY_MEDIUM,,,True,runTask,1116,2026-09-03T02:57:44.94461Z,PVSyst_TriggerBot,100,31447c38-a377-41d1-af57-722c217c456c,,,100013828,DT-1001-G62J7W3,2026-09-03T07:19:23.1674696Z,,,,427692,PVSyst_TriggerBot,,TRIGGER,,1116,2026-09-03T07:19:32.664279Z,100,,,"['100005124', '354', '386', '389', '357', '359', '392', '100011533', '382']",False,2026-09-03T07:19:02.3762346Z,COMPLETED,False,0a6639c7-902a-1167-8193-5327d0ae03b3,100,TRIGGER,,1116,bruser_agel007,False,PUBLIC
8a324207-3bb0-4ae0-9e67-4375db80e0c7,BOT,0,PVSyst_TriggerBot.2026.09.03.02.57.43.bruser_agel007,PRIORITY_MEDIUM,,,True,runTask,1116,2026-09-03T02:57:44.65648Z,PVSyst_TriggerBot,100,e29b06b8-a32e-4f68-a618-780a7e8a0d43,,,100013828,DT-1001-G62J7W3,2026-09-03T07:18:58.2351293Z,,,,427692,PVSyst_TriggerBot,,TRIGGER,,1116,2026-09-03T07:19:07.741227Z,100,,,"['100005124', '354', '386', '389', '357', '359', '392', '100011533', '382']",False,2026-09-03T07:18:38.479498Z,COMPLETED,False,0a6639c7-902a-1167-8193-5327d0ae03b3,100,TRIGGER,,1116,bruser_agel007,False,PUBLIC
b8ae7d96-3dff-462c-8dbf-5bd05d29821b,BOT,0,PVSyst_TriggerBot.2026.09.03.02.39.14.bruser_agel007,PRIORITY_MEDIUM,,,True,runTask,1116,2026-09-03T02:39:14.948615Z,PVSyst_TriggerBot,100,219c0635-41d2-41e9-bee7-931306140395,,,100013828,DT-1001-G62J7W3,2026-09-03T07:18:34.7509355Z,,,,427692,PVSyst_TriggerBot,,TRIGGER,,1116,2026-09-03T07:18:44.24699Z,100,,,"['100005124', '354', '386', '389', '357', '359', '392', '100011533', '382']",False,2026-09-03T07:18:16.3751154Z,COMPLETED,False,0a6639c7-902a-1167-8193-5327d0ae03b3,100,TRIGGER,,1116,bruser_agel007,False,PUBLIC
75e27304-2452-42b3-a039-0b162e91a723,BOT,0,PVSyst_TriggerBot.2026.09.03.02.39.14.bruser_agel007,PRIORITY_MEDIUM,,,True,runTask,1116,2026-09-03T02:39:14.702079Z,PVSyst_TriggerBot,100,79b6230b-d73a-4bc0-8e3d-b0c1f7697e19,,,100013828,DT-1001-G62J7W3,2026-09-03T07:18:11.9890439Z,,,,427692,PVSyst_TriggerBot,,TRIGGER,,1116,2026-09-03T07:18:21.481916Z,100,,,"['100005124', '354', '386', '389', '357', '359', '392', '100011533', '382']",False,2026-09-03T07:17:54.5510362Z,COMPLETED,False,0a6639c7-902a-1167-8193-5327d0ae03b3,100,TRIGGER,,1116,bruser_agel007,False,PUBLIC
66494f13-eca1-4ff3-952d-9653f0947487,BOT,0,PVSyst_TriggerBot.2026.09.03.02.39.13.bruser_agel007,PRIORITY_MEDIUM,,,True,runTask,1116,2026-09-03T02:39:14.312644Z,PVSyst_TriggerBot,100,eadb3df3-4cf8-418c-bf8e-f715102abf57,,,100013828,DT-1001-G62J7W3,2026-09-03T07:17:50.3006315Z,,,,427692,PVSyst_TriggerBot,,TRIGGER,,1116,2026-09-03T07:17:59.793924Z,100,,,"['100005124', '354', '386', '389', '357', '359', '392', '100011533', '382']",False,2026-09-03T07:17:30.5118345Z,COMPLETED,False,0a6639c7-902a-1167-8193-5327d0ae03b3,100,TRIGGER,,1116,bruser_agel007,False,PUBLIC
1cb7619f-3031-4f41-b21e-1f9d746b63b1,BOT,0,PVSyst_TriggerBot.2026.09.03.02.20.08.bruser_agel007,PRIORITY_MEDIUM,,,True,runTask,1116,2026-09-03T02:20:08.942343Z,PVSyst_TriggerBot,100,a1d4be9c-2b9a-4426-90a3-d3e160d82821,,,100013828,DT-1001-G62J7W3,2026-09-03T07:17:26.8098474Z,,,,427692,PVSyst_TriggerBot,,TRIGGER,,1116,2026-09-03T07:17:36.320592Z,100,,,"['100005124', '354', '386', '389', '357', '359', '392', '100011533', '382']",False,2026-09-03T07:17:08.4238792Z,COMPLETED,False,0a6639c7-902a-1167-8193-5327d0ae03b3,100,TRIGGER,,1116,bruser_agel007,False,PUBLIC
0cccbbb5-feee-4663-96df-789bc415dd51,BOT,0,PVSyst_TriggerBot.2026.09.03.02.20.07.bruser_agel007,PRIORITY_MEDIUM,,,True,runTask,1116,2026-09-03T02:20:08.427854Z,PVSyst_TriggerBot,100,8eb0c41f-f050-438f-a305-35d78d301019,,,100013828,DT-1001-G62J7W3,2026-09-03T07:17:03.2827124Z,,,,427692,PVSyst_TriggerBot,,TRIGGER,,1116,2026-09-03T07:17:12.792781Z,100,,,"['100005124', '354', '386', '389', '357', '359', '392', '100011533', '382']",False,2026-09-03T07:16:42.4838614Z,COMPLETED,False,0a6639c7-902a-1167-8193-5327d0ae03b3,100,TRIGGER,,1116,bruser_agel007,False,PUBLIC
fa9de5c7-bdb4-4533-8d4d-c01581bee6d3,BOT,0,PVSyst_TriggerBot.2026.09.03.02.20.07.bruser_agel007,PRIORITY_MEDIUM,,,True,runTask,1116,2026-09-03T02:20:07.901004Z,PVSyst_TriggerBot,100,fcc1f655-986e-4589-bcf8-ff5922bd8ea9,,,100013828,DT-1001-G62J7W3,2026-09-03T07:16:38.2726116Z,,,,427692,PVSyst_TriggerBot,,TRIGGER,,1116,2026-09-03T07:16:47.780515Z,100,,,"['100005124', '354', '386', '389', '357', '359', '392', '100011533', '382']",False,2026-09-03T07:16:18.4729175Z,COMPLETED,False,0a6639c7-902a-1167-8193-5327d0ae03b3,100,TRIGGER,,1116,bruser_agel007,False,PUBLIC
5baf9e4d-76a8-48ee-bd0c-6ebee62a400e,BOT,0,PVSyst_TriggerBot.2026.09.03.02.01.40.bruser_agel007,PRIORITY_MEDIUM,,,True,runTask,1116,2026-09-03T02:01:41.00525Z,PVSyst_TriggerBot,100,4f7a7d59-78f2-4a91-bd11-646aef50d7b2,,,100013828,DT-1001-G62J7W3,2026-09-03T07:16:14.8267678Z,,,,427692,PVSyst_TriggerBot,,TRIGGER,,1116,2026-09-03T07:16:24.312017Z,100,,,"['100005124', '354', '386', '389', '357', '359', '392', '100011533', '382']",False,2026-09-03T07:15:56.395515Z,COMPLETED,False,0a6639c7-902a-1167-8193-5327d0ae03b3,100,TRIGGER,,1116,bruser_agel007,False,PUBLIC
bf5a179e-b041-4040-938c-1792fc2010b2,BOT,0,PVSyst_TriggerBot.2026.09.03.02.01.40.bruser_agel007,PRIORITY_MEDIUM,,,True,runTask,1116,2026-09-03T02:01:40.819491Z,PVSyst_TriggerBot,100,6e7ff43a-2bf9-4511-b733-651068def81b,,,100013828,DT-1001-G62J7W3,2026-09-03T07:15:53.1704942Z,,,,427692,PVSyst_TriggerBot,,TRIGGER,,1116,2026-09-03T07:16:02.675432Z,100,,,"['100005124', '354', '386', '389', '357', '359', '392', '100011533', '382']",False,2026-09-03T07:15:32.4374129Z,COMPLETED,False,0a6639c7-902a-1167-8193-5327d0ae03b3,100,TRIGGER,,1116,bruser_agel007,False,PUBLIC
f540cacd-dd6c-48b4-887c-ed3aafa7b358,BOT,0,PVSyst_TriggerBot.2026.09.03.02.01.39.bruser_agel007,PRIORITY_MEDIUM,,,True,runTask,1116,2026-09-03T02:01:40.500405Z,PVSyst_TriggerBot,100,75b6721f-b4c3-4c94-bf7b-b4dd5d33ba5b,,,100013828,DT-1001-G62J7W3,2026-09-03T07:15:28.3898448Z,,,,427692,PVSyst_TriggerBot,,TRIGGER,,1116,2026-09-03T07:15:37.878147Z,100,,,"['100005124', '354', '386', '389', '357', '359', '392', '100011533', '382']",False,2026-09-03T07:15:08.5953555Z,COMPLETED,False,0a6639c7-902a-1167-8193-5327d0ae03b3,100,TRIGGER,,1116,bruser_agel007,False,PUBLIC
9e05cf25-27be-4884-9871-0aa4e1a51b8e,BOT,0,PVSyst_TriggerBot.2026.09.03.01.43.11.bruser_agel007,PRIORITY_MEDIUM,,,True,runTask,1116,2026-09-03T01:43:12.093863Z,PVSyst_TriggerBot,100,6a839101-f489-4482-8a52-9ab8c7b6c596,,,100013828,DT-1001-G62J7W3,2026-09-03T07:15:04.9507096Z,,,,427692,PVSyst_TriggerBot,,TRIGGER,,1116,2026-09-03T07:15:14.441408Z,100,,,"['100005124', '354', '386', '389', '357', '359', '392', '100011533', '382']",False,2026-09-03T07:14:46.4660457Z,COMPLETED,False,0a6639c7-902a-1167-8193-5327d0ae03b3,100,TRIGGER,,1116,bruser_agel007,False,PUBLIC
47e8e097-9d67-4158-91b4-264b4f6bc883,BOT,0,PVSyst_TriggerBot.2026.09.03.01.43.11.bruser_agel007,PRIORITY_MEDIUM,,,True,runTask,1116,2026-09-03T01:43:11.866624Z,PVSyst_TriggerBot,100,2441c61e-3eb2-4f67-8fbc-de8c3ce0e4bb,,,100013828,DT-1001-G62J7W3,2026-09-03T07:14:43.1100922Z,,,,427692,PVSyst_TriggerBot,,TRIGGER,,1116,2026-09-03T07:14:52.629912Z,100,,,"['100005124', '354', '386', '389', '357', '359', '392', '100011533', '382']",False,2026-09-03T07:14:22.4067566Z,COMPLETED,False,0a6639c7-902a-1167-8193-5327d0ae03b3,100,TRIGGER,,1116,bruser_agel007,False,PUBLIC
a18a7366-88b1-4fb4-816b-c7bd2178a874,BOT,0,PVSyst_TriggerBot.2026.09.03.01.43.10.bruser_agel007,PRIORITY_MEDIUM,,,True,runTask,1116,2026-09-03T01:43:11.566473Z,PVSyst_TriggerBot,100,429b5351-ffe1-4b7c-953e-1646081d7586,,,100013828,DT-1001-G62J7W3,2026-09-03T07:14:18.3023259Z,,,,427692,PVSyst_TriggerBot,,TRIGGER,,1116,2026-09-03T07:14:27.803069Z,100,,,"['100005124', '354', '386', '389', '357', '359', '392', '100011533', '382']",False,2026-09-03T07:13:58.5278121Z,COMPLETED,False,0a6639c7-902a-1167-8193-5327d0ae03b3,100,TRIGGER,,1116,bruser_agel007,False,PUBLIC
2442191f-1fdd-4612-8288-02387492e86d,BOT,0,PVSyst_TriggerBot.2026.09.03.01.24.38.bruser_agel007,PRIORITY_MEDIUM,,,True,runTask,1116,2026-09-03T01:24:38.957548Z,PVSyst_TriggerBot,100,d07f6f2a-49e8-4b29-ac28-d616fad6bcf3,,,100013828,DT-1001-G62J7W3,2026-09-03T07:13:55.1112517Z,,,,427692,PVSyst_TriggerBot,,TRIGGER,,1116,2026-09-03T07:14:04.61234Z,100,,,"['100005124', '354', '386', '389', '357', '359', '392', '100011533', '382']",False,2026-09-03T07:13:36.5564778Z,COMPLETED,False,0a6639c7-902a-1167-8193-5327d0ae03b3,100,TRIGGER,,1116,bruser_agel007,False,PUBLIC
4ae80f4f-95c1-4818-a011-1e4a49827474,BOT,0,PVSyst_TriggerBot.2026.09.03.01.24.38.bruser_agel007,PRIORITY_MEDIUM,,,True,runTask,1116,2026-09-03T01:24:38.705031Z,PVSyst_TriggerBot,100,87e16da5-8c93-4085-855c-f3a94cded224,,,100013828,DT-1001-G62J7W3,2026-09-03T07:13:33.1209852Z,,,,427692,PVSyst_TriggerBot,,TRIGGER,,1116,2026-09-03T07:13:42.638571Z,100,,,"['100005124', '354', '386', '389', '357', '359', '392', '100011533', '382']",False,2026-09-03T07:13:12.345066Z,COMPLETED,False,0a6639c7-902a-1167-8193-5327d0ae03b3,100,TRIGGER,,1116,bruser_agel007,False,PUBLIC
6aa4669f-5c70-4eb6-9fcd-afb1474310b6,BOT,0,PVSyst_TriggerBot.2026.09.03.01.24.37.bruser_agel007,PRIORITY_MEDIUM,,,True,runTask,1116,2026-09-03T01:24:38.411481Z,PVSyst_TriggerBot,100,a4df2f77-14c0-4764-bf64-efec4fd9b59c,,,100013828,DT-1001-G62J7W3,2026-09-03T07:13:08.2905983Z,,,,427692,PVSyst_TriggerBot,,TRIGGER,,1116,2026-09-03T07:13:17.787001Z,100,,,"['100005124', '354', '386', '389', '357', '359', '392', '100011533', '382']",False,2026-09-03T07:12:48.5660025Z,COMPLETED,False,0a6639c7-902a-1167-8193-5327d0ae03b3,100,TRIGGER,,1116,bruser_agel007,False,PUBLIC
8da43585-db35-4d6e-b1c6-204aedda4684,BOT,0,PVSyst_TriggerBot.2026.09.03.01.05.34.bruser_agel007,PRIORITY_MEDIUM,,,True,runTask,1116,2026-09-03T01:05:35.222526Z,PVSyst_TriggerBot,100,f13ecf1e-7366-4873-b55f-15accab38d18,,,100013828,DT-1001-G62J7W3,2026-09-03T07:12:44.8897559Z,,,,427692,PVSyst_TriggerBot,,TRIGGER,,1116,2026-09-03T07:12:54.380095Z,100,,,"['100005124', '354', '386', '389', '357', '359', '392', '100011533', '382']",False,2026-09-03T07:12:26.4425942Z,COMPLETED,False,0a6639c7-902a-1167-8193-5327d0ae03b3,100,TRIGGER,,1116,bruser_agel007,False,PUBLIC
19aae024-e020-458f-a687-f4a579d0c640,BOT,0,PVSyst_TriggerBot.2026.09.03.01.05.34.bruser_agel007,PRIORITY_MEDIUM,,,True,runTask,1116,2026-09-03T01:05:34.905972Z,PVSyst_TriggerBot,100,87cfaa2e-d21b-4d08-bcde-2ca6b49b7d38,,,100013828,DT-1001-G62J7W3,2026-09-03T07:12:23.0197038Z,,,,427692,PVSyst_TriggerBot,,TRIGGER,,1116,2026-09-03T07:12:32.506114Z,100,,,"['100005124', '354', '386', '389', '357', '359', '392', '100011533', '382']",False,2026-09-03T07:12:02.3424275Z,COMPLETED,False,0a6639c7-902a-1167-8193-5327d0ae03b3,100,TRIGGER,,1116,bruser_agel007,False,PUBLIC
c32c4b13-25b5-461a-b758-7b8f28f8aada,BOT,0,PVSyst_TriggerBot.2026.09.03.01.05.33.bruser_agel007,PRIORITY_MEDIUM,,,True,runTask,1116,2026-09-03T01:05:34.499409Z,PVSyst_TriggerBot,100,40555d32-e2d5-451d-a6ce-84f4f4a6c0bb,,,100013828,DT-1001-G62J7W3,2026-09-03T07:11:58.3634942Z,,,,427692,PVSyst_TriggerBot,,TRIGGER,,1116,2026-09-03T07:12:07.854766Z,100,,,"['100005124', '354', '386', '389', '357', '359', '392', '100011533', '382']",False,2026-09-03T07:11:38.588039Z,COMPLETED,False,0a6639c7-902a-1167-8193-5327d0ae03b3,100,TRIGGER,,1116,bruser_agel007,False,PUBLIC
3b9860be-b527-4220-8580-c7945482d26b,BOT,0,PVSyst_TriggerBot.2026.09.03.00.47.01.bruser_agel007,PRIORITY_MEDIUM,,,True,runTask,1116,2026-09-03T00:47:01.695825Z,PVSyst_TriggerBot,100,22398cb4-acc5-4423-8af9-e77f1df4b3e1,,,100013828,DT-1001-G62J7W3,2026-09-03T07:11:34.8187062Z,,,,427692,PVSyst_TriggerBot,,TRIGGER,,1116,2026-09-03T07:11:44.303398Z,100,,,"['100005124', '354', '386', '389', '357', '359', '392', '100011533', '382']",False,2026-09-03T07:11:16.3426415Z,COMPLETED,False,0a6639c7-902a-1167-8193-5327d0ae03b3,100,TRIGGER,,1116,bruser_agel007,False,PUBLIC
9c7c688e-735f-4f45-ab0d-41454bf5a0d0,BOT,0,PVSyst_TriggerBot.2026.09.03.00.47.00.bruser_agel007,PRIORITY_MEDIUM,,,True,runTask,1116,2026-09-03T00:47:01.327717Z,PVSyst_TriggerBot,100,0be44fdb-fb49-4d33-bf7f-d3d5376d0dfa,,,100013828,DT-1001-G62J7W3,2026-09-03T07:11:12.1265856Z,,,,427692,PVSyst_TriggerBot,,TRIGGER,,1116,2026-09-03T07:11:21.602992Z,100,,,"['100005124', '354', '386', '389', '357', '359', '392', '100011533', '382']",False,2026-09-03T07:10:54.4117222Z,COMPLETED,False,0a6639c7-902a-1167-8193-5327d0ae03b3,100,TRIGGER,,1116,bruser_agel007,False,PUBLIC
0b62358a-26b5-4dd7-96c3-7dc38e539f0c,BOT,0,PVSyst_TriggerBot.2026.09.03.00.47.00.bruser_agel007,PRIORITY_MEDIUM,,,True,runTask,1116,2026-09-03T00:47:01.081571Z,PVSyst_TriggerBot,100,95267c02-4c78-47c9-ac56-07f76e9561bd,,,100013828,DT-1001-G62J7W3,2026-09-03T07:10:50.306464Z,,,,427692,PVSyst_TriggerBot,,TRIGGER,,1116,2026-09-03T07:10:59.794507Z,100,,,"['100005124', '354', '386', '389', '357', '359', '392', '100011533', '382']",False,2026-09-03T07:10:30.4770376Z,COMPLETED,False,0a6639c7-902a-1167-8193-5327d0ae03b3,100,TRIGGER,,1116,bruser_agel007,False,PUBLIC
83923491-7e8a-4892-8c92-0576b034554b,BOT,0,PVSyst_TriggerBot.2026.09.03.00.27.54.bruser_agel007,PRIORITY_MEDIUM,,,True,runTask,1116,2026-09-03T00:27:55.241853Z,PVSyst_TriggerBot,100,cfaa99e3-ba7d-46ce-8ebc-9731ebc97ea4,,,100013828,DT-1001-G62J7W3,2026-09-03T07:10:26.8466484Z,,,,427692,PVSyst_TriggerBot,,TRIGGER,,1116,2026-09-03T07:10:36.32274Z,100,,,"['100005124', '354', '386', '389', '357', '359', '392', '100011533', '382']",False,2026-09-03T07:10:08.4856293Z,COMPLETED,False,0a6639c7-902a-1167-8193-5327d0ae03b3,100,TRIGGER,,1116,bruser_agel007,False,PUBLIC
76bdc188-49e5-444c-a316-ae6b62601c06,BOT,0,PVSyst_TriggerBot.2026.09.03.00.27.54.bruser_agel007,PRIORITY_MEDIUM,,,True,runTask,1116,2026-09-03T00:27:55.089823Z,PVSyst_TriggerBot,100,e506152f-ac6e-404d-822a-29dd0b4a464e,,,100013828,DT-1001-G62J7W3,2026-09-03T07:10:03.249179Z,,,,427692,PVSyst_TriggerBot,,TRIGGER,,1116,2026-09-03T07:10:12.739916Z,100,,,"['100005124', '354', '386', '389', '357', '359', '392', '100011533', '382']",False,2026-09-03T07:09:42.5292634Z,COMPLETED,False,0a6639c7-902a-1167-8193-5327d0ae03b3,100,TRIGGER,,1116,bruser_agel007,False,PUBLIC
dc126d5c-987d-4b71-91c0-c06fff72a8d0,BOT,0,PVSyst_TriggerBot.2026.09.03.00.27.54.bruser_agel007,PRIORITY_MEDIUM,,,True,runTask,1116,2026-09-03T00:27:54.779105Z,PVSyst_TriggerBot,100,3cb440b5-5c29-4161-b236-0fc9f1a2c932,,,100013828,DT-1001-G62J7W3,2026-09-03T07:09:39.0967487Z,,,,427692,PVSyst_TriggerBot,,TRIGGER,,1116,2026-09-03T07:09:48.591345Z,100,,,"['100005124', '354', '386', '389', '357', '359', '392', '100011533', '382']",False,2026-09-03T07:09:19.226322Z,COMPLETED,False,0a6639c7-902a-1167-8193-5327d0ae03b3,100,TRIGGER,,1116,bruser_agel007,False,PUBLIC
197125ec-db55-4fd3-824b-3ce9e36d510b,BOT,34701,GCP_PVSyst_UploadData.24.12.24.19.27.48.devuser_agel002,PRIORITY_MEDIUM,,,True,SendMailV2,1133,2026-09-02T23:00:01.10063Z,GCP_PVSyst_UploadData,45,7241013c-0af2-40eb-994e-aaaa1bd8d94c,,,100013828,DT-1001-G62J7W3,2026-09-03T07:09:11.2511727Z,ba.bot.execution.error,"This may be due to the following reason:

    There was an error in sending the email message. Please check your connection details provided and try again.

","There was a problem at line 45
",428176,GCP_PVSyst_UploadData,,SCHEDULED,"There was a problem at line 45
 This may be due to the following reason:

There was an error in sending the email message. Please check your connection details provided and try again.

 To continue, edit the bot and fix the error. Then, try again.


If you continue to see this message, please contact your system administrator.",1133,2026-09-03T07:09:20.752996Z,100,,,"['100005124', '354', '386', '389', '357', '359', '392', '100011533', '382']",False,2026-09-03T06:26:08.236772Z,RUN_FAILED,False,0a6639c7-902a-1167-8193-5327d0ae03b3,45,SCHEDULED,,1116,bruser_agel007,False,PUBLIC
6ab8558e-efb2-4e3e-80de-8c59d7499630,BOT,34725,AUC166_MB52_Khavda_Live_Inventry,PRIORITY_MEDIUM,,,True,runApp,1135,2026-09-03T05:45:01.132609Z,AUC166_MB52_Khavda_Live_Inventry,203,1bab9d05-ff4b-4a0f-892a-85ac737dd888,,,857,gcp10wbtrpap03,2026-09-03T06:50:47.4185003Z,,,,425072,AUC166_MB52_Khavda_Live_Inventry,,SCHEDULED,,1135,2026-09-03T06:50:47.588534Z,100,,,"['100005124', '386', '354', '389', '357', '359', '100011533', '382']",False,2026-09-03T06:45:23.9206201Z,COMPLETED,False,0a6639c7-902a-1167-8193-5327d0ae03b3,203,SCHEDULED,,1112,bruser_agel003,False,PUBLIC
c8372288-98ac-4f3f-a8fa-d0239ad311df,BOT,34724,AUC165_AGEL_ME2M_Khavda_PO_List,PRIORITY_MEDIUM,,,True,messageBox,1135,2026-09-03T05:15:01.207226Z,AUC165_AGEL_ME2M_Khavda_PO_List,398,3be8e92e-c499-4d78-88c2-bcd88e119681,,,857,gcp10wbtrpap03,2026-09-03T06:45:11.3478727Z,,,,425040,AUC165_AGEL_ME2M_Khavda_PO_List,,SCHEDULED,,1135,2026-09-03T06:45:11.49167Z,100,,,"['100005124', '386', '354', '389', '357', '359', '100011533', '382']",False,2026-09-03T06:15:02.2085999Z,COMPLETED,False,0a6639c7-902a-1167-8193-5327d0ae03b3,398,SCHEDULED,,1112,bruser_agel003,False,PUBLIC
6eb8bae0-7996-41ff-aa00-597fac55b278,BOT,34703,AUC172_DowntimeSecurityPatch&VAOpen_MasterBot,PRIORITY_MEDIUM,,,True,loop.commands.start,1135,2026-09-03T06:30:05.566745Z,AUC172_DowntimeSecurityPatch&VAOpen_MasterBot,50,99caa008-12c9-4fc9-8241-a2f9b2aed6b2,,,852,gcp10wbtrpap05,2026-09-03T06:35:22.5393743Z,,,,423407,AUC172_DowntimeSecurityPatch&VAOpen_MasterBot,,SCHEDULED,,1135,2026-09-03T06:35:22.646736Z,100,,,"['100005124', '354', '386', '389', '357', '359', '100011533', '382']",False,2026-09-03T06:35:15.4651432Z,COMPLETED,False,0a6639c7-902a-1167-8193-5327d0ae03b3,50,SCHEDULED,,1114,bruser_agel005,False,PUBLIC
38e48f15-cc3d-42df-8ea4-9735ac09ed2a,BOT,100012806,ANIL029_ZVMS_Report,PRIORITY_MEDIUM,,,True,messageBox,1135,2026-09-03T06:30:05.146546Z,ANIL029_ZVMS_Report,103,700cfd08-b60c-4d83-a7ad-27311892fd1f,,,852,gcp10wbtrpap05,2026-09-03T06:34:55.3909361Z,,,,101830732,ANIL029_ZVMS_Report,,SCHEDULED,,1135,2026-09-03T06:34:55.534234Z,100,,,"['100005124', '354', '386', '356', '357', '389', '359', '100011533', '382']",False,2026-09-03T06:32:46.3143172Z,COMPLETED,False,0a6639c7-902a-1167-8193-5327d0ae03b3,103,SCHEDULED,,1114,bruser_agel005,False,PUBLIC
d459d92a-379c-443a-a357-a18dbb68a7f2,BOT,35430,ANIL009_NSEIndia_Data_Extraction,PRIORITY_MEDIUM,,,True,SendMailV2,1135,2026-09-03T06:30:03.997134Z,ANIL009_NSEIndia_Data_Extraction,89,0f2e5a02-3714-4559-8869-a6736bfed78e,,,852,gcp10wbtrpap05,2026-09-03T06:32:25.2279327Z,,,,604470,ANIL009_NSEIndia_Data_Extraction,,SCHEDULED,,1135,2026-09-03T06:32:25.3437Z,100,,,"['100005124', '354', '386', '356', '357', '389', '359', '100011533', '382']",False,2026-09-03T06:31:21.7474815Z,COMPLETED,False,0a6639c7-902a-1167-8193-5327d0ae03b3,89,SCHEDULED,,1114,bruser_agel005,False,PUBLIC
323d1ef3-2f52-431a-9e1b-25c7ca98be0e,BOT,0,AGEL075_Hybrid_AVC_Punch_MainTask.26.09.03.12.01.49.devuser_agel002,PRIORITY_MEDIUM,,,True,stopTask,1133,2026-09-03T06:32:00.425728Z,AGEL075_Hybrid_AVC_Punch_MainTask,89,a313ef55-9004-42bd-9e58-212fd0c324b5,,,1059,gcp10wbtrpap04,2026-09-03T06:32:25.057281Z,,,,535089,AGEL075_Hybrid_AVC_Punch_MainTask,,RUN_NOW,,1133,2026-09-03T06:32:25.208476Z,100,,,"['100005124', '386', '354', '357', '389', '359', '392', '393', '100011533', '382']",False,2026-09-03T06:32:07.460619Z,COMPLETED,False,0a6639c7-902a-1167-8193-5327d0ae03b3,89,RUN_NOW,,1113,bruser_agel004,False,PUBLIC
69dc2c19-9f7e-4714-8d69-2aa6031aaf05,BOT,0,AGEL075_Hybrid_AVC_Punch_MainTask.26.09.03.12.00.46.devuser_agel002,PRIORITY_MEDIUM,,,True,stopTask,1133,2026-09-03T06:31:08.684716Z,AGEL075_Hybrid_AVC_Punch_MainTask,89,43d70542-59cf-4592-a29c-b209a1df73e4,,,1059,gcp10wbtrpap04,2026-09-03T06:31:35.7018725Z,,,,535089,AGEL075_Hybrid_AVC_Punch_MainTask,,RUN_NOW,,1133,2026-09-03T06:31:35.904729Z,100,,,"['100005124', '386', '354', '357', '389', '359', '392', '393', '100011533', '382']",False,2026-09-03T06:31:17.5163047Z,COMPLETED,False,0a6639c7-902a-1167-8193-5327d0ae03b3,89,RUN_NOW,,1113,bruser_agel004,False,PUBLIC
9df55858-0d04-4f3c-b8ed-2bf16d8eb979,BOT,35442,ANIL012_PXIL_RTM_Data_Extraction,PRIORITY_MEDIUM,,,True,SendMailV2,1135,2026-09-03T06:30:02.9901Z,ANIL012_PXIL_RTM_Data_Extraction,47,72955077-e3a8-48f4-93e7-abb3918df6be,,,852,gcp10wbtrpap05,2026-09-03T06:31:05.440841Z,,,,606875,ANIL012_PXIL_RTM_Data_Extraction,,SCHEDULED,,1135,2026-09-03T06:31:05.55773Z,100,,,"['100005124', '386', '354', '356', '389', '357', '359', '100011533', '382']",False,2026-09-03T06:30:17.4779639Z,COMPLETED,False,0a6639c7-902a-1167-8193-5327d0ae03b3,47,SCHEDULED,,1114,bruser_agel005,False,PUBLIC
9a15f9c6-71e8-4e1b-b58e-5e59f49549cb,BOT,0,PVSyst_TriggerBot.2026.09.02.22.38.26.bruser_agel007,PRIORITY_MEDIUM,,,True,runTask,1116,2026-09-02T22:38:27.484072Z,PVSyst_TriggerBot,100,a37c45fc-9685-4f05-85dd-207af1e4bce2,,,100013828,DT-1001-G62J7W3,2026-09-03T06:26:04.3171453Z,,,,427692,PVSyst_TriggerBot,,TRIGGER,,1116,2026-09-03T06:26:13.762232Z,100,,,"['100005124', '354', '386', '389', '357', '359', '392', '100011533', '382']",False,2026-09-03T06:25:44.5592688Z,COMPLETED,False,0a6639c7-902a-1167-8193-5327d0ae03b3,100,TRIGGER,,1116,bruser_agel007,False,PUBLIC
f44dedb4-b532-42f9-810d-e698d82657da,BOT,0,PVSyst_TriggerBot.2026.09.02.22.38.26.bruser_agel007,PRIORITY_MEDIUM,,,True,runTask,1116,2026-09-02T22:38:27.146585Z,PVSyst_TriggerBot,100,324a1051-1854-44b1-945b-19c826d17ae2,,,100013828,DT-1001-G62J7W3,2026-09-03T06:25:40.8789776Z,,,,427692,PVSyst_TriggerBot,,TRIGGER,,1116,2026-09-03T06:25:50.463258Z,100,,,"['100005124', '354', '386', '389', '357', '359', '392', '100011533', '382']",False,2026-09-03T06:25:22.451446Z,COMPLETED,False,0a6639c7-902a-1167-8193-5327d0ae03b3,100,TRIGGER,,1116,bruser_agel007,False,PUBLIC
71ff5e33-5178-43a8-93df-19906a532536,BOT,0,PVSyst_TriggerBot.2026.09.02.22.38.26.bruser_agel007,PRIORITY_MEDIUM,,,True,runTask,1116,2026-09-02T22:38:26.894799Z,PVSyst_TriggerBot,100,b1f381d2-0335-4058-9948-999ffa3d335e,,,100013828,DT-1001-G62J7W3,2026-09-03T06:25:18.0371414Z,,,,427692,PVSyst_TriggerBot,,TRIGGER,,1116,2026-09-03T06:25:27.509371Z,100,,,"['100005124', '354', '386', '389', '357', '359', '392', '100011533', '382']",False,2026-09-03T06:25:00.5310538Z,COMPLETED,False,0a6639c7-902a-1167-8193-5327d0ae03b3,100,TRIGGER,,1116,bruser_agel007,False,PUBLIC
2e701d92-4fcb-4af5-8c6a-29b2a27847ef,BOT,0,PVSyst_TriggerBot.2026.09.02.22.38.25.bruser_agel007,PRIORITY_MEDIUM,,,True,runTask,1116,2026-09-02T22:38:26.589603Z,PVSyst_TriggerBot,100,8ce20444-f7b4-4235-80bd-58c921aa8aae,,,100013828,DT-1001-G62J7W3,2026-09-03T06:24:55.4984206Z,,,,427692,PVSyst_TriggerBot,,TRIGGER,,1116,2026-09-03T06:25:04.959913Z,100,,,"['100005124', '354', '386', '389', '357', '359', '392', '100011533', '382']",False,2026-09-03T06:24:35.1990338Z,COMPLETED,False,0a6639c7-902a-1167-8193-5327d0ae03b3,100,TRIGGER,,1116,bruser_agel007,False,PUBLIC
f5676ecc-58ff-48c6-8eb9-5703c8318d21,BOT,34701,GCP_PVSyst_UploadData.24.12.24.19.27.48.devuser_agel002,PRIORITY_MEDIUM,,,True,SendMailV2,1133,2026-09-02T22:30:01.876379Z,GCP_PVSyst_UploadData,45,92ddcce2-0f73-4552-a4dd-58c3a14b62db,,,100013828,DT-1001-G62J7W3,2026-09-03T06:24:28.3193051Z,ba.bot.execution.error,"This may be due to the following reason:

    There was an error in sending the email message. Please check your connection details provided and try again.

","There was a problem at line 45
",428176,GCP_PVSyst_UploadData,,SCHEDULED,"There was a problem at line 45
 This may be due to the following reason:

There was an error in sending the email message. Please check your connection details provided and try again.

 To continue, edit the bot and fix the error. Then, try again.


If you continue to see this message, please contact your system administrator.",1133,2026-09-03T06:24:37.772121Z,100,,,"['100005124', '354', '386', '389', '357', '359', '392', '100011533', '382']",False,2026-09-03T05:41:26.4226785Z,RUN_FAILED,False,0a6639c7-902a-1167-8193-5327d0ae03b3,45,SCHEDULED,,1116,bruser_agel007,False,PUBLIC
1c2ebe09-bb05-4d65-95b5-4f167bedcda2,BOT,34723,AUC164_MB51_Khavda_Mat_Consumption_221_222,PRIORITY_MEDIUM,,,True,runApp,1135,2026-09-03T05:00:02.712528Z,AUC164_MB51_Khavda_Mat_Consumption_221_222,235,78cca1ac-a08d-4e64-a9bb-2b961ecda923,,,857,gcp10wbtrpap03,2026-09-03T06:14:44.8922466Z,,,,413868,AUC164_MB51_Khavda_Mat_Consumption_221_222,,SCHEDULED,,1135,2026-09-03T06:14:45.143226Z,100,,,"['100005124', '386', '354', '357', '389', '359', '100011533', '382']",False,2026-09-03T06:06:17.5570212Z,COMPLETED,False,0a6639c7-902a-1167-8193-5327d0ae03b3,235,SCHEDULED,,1112,bruser_agel003,False,PUBLIC
d43e9f9c-8c1f-41d3-88a0-10e8525331e2,BOT,34957,AGEL047_RECs_Issued_MainTask,PRIORITY_MEDIUM,,,True,SendMailV2,1135,2026-09-03T04:20:00.746753Z,AGEL047_RECs_Issued_MainTask,85,521d92ed-6bba-460d-8ba3-b3c14b512f1c,,,857,gcp10wbtrpap03,2026-09-03T06:06:06.0985275Z,,,,474776,AGEL047_RECs_Issued_MainTask,,SCHEDULED,,1135,2026-09-03T06:06:06.231415Z,100,,,"['100005124', '386', '354', '357', '389', '359', '100011533', '382']",False,2026-09-03T06:04:11.3529862Z,COMPLETED,False,0a6639c7-902a-1167-8193-5327d0ae03b3,85,SCHEDULED,,1112,bruser_agel003,False,PUBLIC
8cb05eec-e781-405f-a3da-6c23ade578f7,BOT,0,AGEL099_SE16N_Dump to GCS_Main.26.09.03.09.34.26.devuser_agel002,PRIORITY_MEDIUM,,,True,deleteFiles,1133,2026-09-03T04:04:37.45978Z,AGEL099_SE16N_Dump to GCS_Main,123,6304c81d-73c9-4fde-92f6-3337a9a56e59,,,857,gcp10wbtrpap03,2026-09-03T06:03:59.6259527Z,,,,574738,AGEL099_SE16N_Dump to GCS_Main,,RUN_NOW,,1133,2026-09-03T06:03:59.755954Z,100,,,"['100005124', '354', '386', '357', '389', '359', '392', '393', '100011533', '382']",False,2026-09-03T06:03:21.4755859Z,COMPLETED,False,0a6639c7-902a-1167-8193-5327d0ae03b3,123,RUN_NOW,,1112,bruser_agel003,False,PUBLIC
d20c614c-be60-4b21-8da0-13ef10f36802,BOT,34812,AGEL020_Operation Inventory Management Data Compli.25.01.17.16.42.28.devuser_agel005,PRIORITY_MEDIUM,,,True,runTask,1136,2026-09-03T04:00:02.165876Z,AGEL020_Operation Inventory Management Data Compli,48,4f53e3f3-53bb-4242-8dd0-e38017a1c633,,,857,gcp10wbtrpap03,2026-09-03T06:03:08.1411193Z,,,,446862,AGEL020_Operation Inventory Management Data Compli,,SCHEDULED,,1136,2026-09-03T06:03:09.27512Z,100,,,"['100005124', '354', '386', '357', '389', '359', '100011533', '382']",False,2026-09-03T05:57:59.7656983Z,COMPLETED,False,0a6639c7-902a-1167-8193-5327d0ae03b3,48,SCHEDULED,,1112,bruser_agel003,False,PUBLIC
4f349964-ffdc-40a5-bdac-98ae03686930,BOT,0,AUC048_GLDataExtraction_Main.26.09.03.10.34.57.devuser_agel002,PRIORITY_MEDIUM,,,True,runTask,1133,2026-09-03T05:05:08.644467Z,AUC048_GLDataExtraction_Main,139,462cb20b-9805-4b82-840b-d60e4d32d49f,,,830,gcp10wbtrpap02,2026-09-03T06:00:49.1333596Z,,,,420785,AUC048_GLDataExtraction_Main,,RUN_NOW,,1133,2026-09-03T06:00:49.528709Z,100,,,"['100005124', '354', '386', '357', '389', '359', '392', '100011533', '382']",False,2026-09-03T05:05:17.0358706Z,COMPLETED,False,0a6639c7-902a-1167-8193-5327d0ae03b3,139,RUN_NOW,,1110,bruser_agel001,False,PUBLIC
ed92f00c-a797-48e7-a15d-f087cb221b5c,BOT,34788,AUC124_AGEL_Open_Reservation_Master.25.01.08.17.01.59.devuser_agel005,PRIORITY_MEDIUM,,,True,runApp,1136,2026-09-03T04:00:02.021779Z,AUC124_AGEL_Open_Reservation_Master,70,cbf5d8f2-c7f0-482d-9a3e-ae22dc8811ac,,,857,gcp10wbtrpap03,2026-09-03T05:57:48.1461126Z,,,,422019,AUC124_AGEL_Open_Reservation_Master,,SCHEDULED,,1136,2026-09-03T05:57:48.373799Z,100,,,"['100005124', '386', '354', '389', '357', '359', '100011533', '382']",False,2026-09-03T05:52:37.9353104Z,COMPLETED,False,0a6639c7-902a-1167-8193-5327d0ae03b3,70,SCHEDULED,,1112,bruser_agel003,False,PUBLIC
37225ff0-1ad7-4448-94f9-e6e11ee7cb19,BOT,34728,AGEL018_Coal_Gas_Report_Digital,PRIORITY_MEDIUM,,,True,SendMailV2,1135,2026-09-03T03:40:00.874514Z,AGEL018_Coal_Gas_Report_Digital,57,57aef06e-1862-4aa4-b405-0b1cb60cd2be,,,857,gcp10wbtrpap03,2026-09-03T05:52:21.3362074Z,,,,422575,AGEL018_Coal_Gas_Report_Digital,,SCHEDULED,,1135,2026-09-03T05:52:21.495876Z,100,,,"['100005124', '354', '386', '357', '389', '359', '100011533', '382']",False,2026-09-03T05:51:35.6452992Z,COMPLETED,False,0a6639c7-902a-1167-8193-5327d0ae03b3,57,SCHEDULED,,1112,bruser_agel003,False,PUBLIC
e2e5ba02-5350-4438-a747-87a443aea47d,BOT,34954,AUC194_AGEL_DailyBankBalance_MasterTask.25.02.25.16.55.13.devuser_agel002,PRIORITY_MEDIUM,,,True,runApp,1133,2026-09-03T03:15:01.223124Z,AUC194_AGEL_DailyBankBalance_MasterTask,98,5df54729-a765-443f-a0a6-7048dfc327ce,,,857,gcp10wbtrpap03,2026-09-03T05:51:23.4290282Z,,,,482083,AUC194_AGEL_DailyBankBalance_MasterTask,,SCHEDULED,,1133,2026-09-03T05:51:23.570851Z,100,,,"['100005124', '354', '386', '357', '389', '359', '100011533', '382']",False,2026-09-03T05:50:25.0237796Z,COMPLETED,False,0a6639c7-902a-1167-8193-5327d0ae03b3,98,SCHEDULED,,1112,bruser_agel003,False,PUBLIC
7ba4e3cc-1c69-492f-b268-e3e2a7854fb9,BOT,34727,AUC185_AGEL_Data_Compliance_Master,PRIORITY_MEDIUM,,,True,runApp,1135,2026-09-03T02:30:04.310766Z,AUC185_AGEL_Data_Compliance_Master,75,25682afc-d07f-4b91-9ac6-5ec8947ef06b,,,857,gcp10wbtrpap03,2026-09-03T05:50:12.0472272Z,,,,413105,AUC185_AGEL_Data_Compliance_Master,,SCHEDULED,,1135,2026-09-03T05:50:12.19888Z,100,,,"['100005124', '354', '386', '389', '357', '359', '100011533', '382']",False,2026-09-03T04:04:13.7629522Z,COMPLETED,False,0a6639c7-902a-1167-8193-5327d0ae03b3,75,SCHEDULED,,1112,bruser_agel003,False,PUBLIC
57621f9a-ba4c-4966-865a-1a144e8ca523,BOT,0,PVSyst_TriggerBot.2026.09.02.22.21.28.bruser_agel007,PRIORITY_MEDIUM,,,True,runTask,1116,2026-09-02T22:21:28.749277Z,PVSyst_TriggerBot,100,778519ec-4f6f-4be5-aba2-ec40752971ca,,,100013828,DT-1001-G62J7W3,2026-09-03T05:41:23.1318447Z,,,,427692,PVSyst_TriggerBot,,TRIGGER,,1116,2026-09-03T05:41:32.558567Z,100,,,"['100005124', '354', '386', '389', '357', '359', '392', '100011533', '382']",False,2026-09-03T05:41:04.669166Z,COMPLETED,False,0a6639c7-902a-1167-8193-5327d0ae03b3,100,TRIGGER,,1116,bruser_agel007,False,PUBLIC
36448e40-a5c0-4122-b1e7-8b28f745a742,BOT,0,PVSyst_TriggerBot.2026.09.02.22.21.27.bruser_agel007,PRIORITY_MEDIUM,,,True,runTask,1116,2026-09-02T22:21:28.422571Z,PVSyst_TriggerBot,100,35f4717d-73cb-4b81-b969-a35ed7dc22a9,,,100013828,DT-1001-G62J7W3,2026-09-03T05:41:00.0537668Z,,,,427692,PVSyst_TriggerBot,,TRIGGER,,1116,2026-09-03T05:41:09.483608Z,100,,,"['100005124', '354', '386', '389', '357', '359', '392', '100011533', '382']",False,2026-09-03T05:40:42.5814205Z,COMPLETED,False,0a6639c7-902a-1167-8193-5327d0ae03b3,100,TRIGGER,,1116,bruser_agel007,False,PUBLIC
e3335b0c-c03e-483a-91e5-e0797f0018a9,BOT,0,PVSyst_TriggerBot.2026.09.02.22.21.27.bruser_agel007,PRIORITY_MEDIUM,,,True,runTask,1116,2026-09-02T22:21:28.144987Z,PVSyst_TriggerBot,100,03cd87d6-a174-4b91-8a6a-dd23626726d9,,,100013828,DT-1001-G62J7W3,2026-09-03T05:40:38.297636Z,,,,427692,PVSyst_TriggerBot,,TRIGGER,,1116,2026-09-03T05:40:47.733449Z,100,,,"['100005124', '354', '386', '389', '357', '359', '392', '100011533', '382']",False,2026-09-03T05:40:18.5680663Z,COMPLETED,False,0a6639c7-902a-1167-8193-5327d0ae03b3,100,TRIGGER,,1116,bruser_agel007,False,PUBLIC
0d9efad3-a2c1-4ce1-87b1-c5128fd6fb60,BOT,0,PVSyst_TriggerBot.2026.09.02.22.21.27.bruser_agel007,PRIORITY_MEDIUM,,,True,runTask,1116,2026-09-02T22:21:27.865291Z,PVSyst_TriggerBot,100,de67d6e0-d20e-482e-b1cd-9a012d13b64c,,,100013828,DT-1001-G62J7W3,2026-09-03T05:40:15.2010721Z,,,,427692,PVSyst_TriggerBot,,TRIGGER,,1116,2026-09-03T05:40:24.611381Z,100,,,"['100005124', '354', '386', '389', '357', '359', '392', '100011533', '382']",False,2026-09-03T05:39:56.7365134Z,COMPLETED,False,0a6639c7-902a-1167-8193-5327d0ae03b3,100,TRIGGER,,1116,bruser_agel007,False,PUBLIC
2de7a052-7806-43b6-b634-8573e39f7f2b,BOT,0,PVSyst_TriggerBot.2026.09.02.22.21.26.bruser_agel007,PRIORITY_MEDIUM,,,True,runTask,1116,2026-09-02T22:21:27.543295Z,PVSyst_TriggerBot,100,7009b157-de69-4194-9656-5b1e629758cf,,,100013828,DT-1001-G62J7W3,2026-09-03T05:39:53.2311334Z,,,,427692,PVSyst_TriggerBot,,TRIGGER,,1116,2026-09-03T05:40:02.647383Z,100,,,"['100005124', '354', '386', '389', '357', '359', '392', '100011533', '382']",False,2026-09-03T05:39:32.5559774Z,COMPLETED,False,0a6639c7-902a-1167-8193-5327d0ae03b3,100,TRIGGER,,1116,bruser_agel007,False,PUBLIC
ff8bee30-34e2-482a-b12c-7aec6ba38597,BOT,0,PVSyst_TriggerBot.2026.09.02.22.21.26.bruser_agel007,PRIORITY_MEDIUM,,,True,runTask,1116,2026-09-02T22:21:26.602064Z,PVSyst_TriggerBot,100,2dfc99fb-89f9-43e9-b9b7-2b5d124f8a1d,,,100013828,DT-1001-G62J7W3,2026-09-03T05:39:28.3466374Z,,,,427692,PVSyst_TriggerBot,,TRIGGER,,1116,2026-09-03T05:39:37.767937Z,100,,,"['100005124', '354', '386', '389', '357', '359', '392', '100011533', '382']",False,2026-09-03T05:39:08.5814301Z,COMPLETED,False,0a6639c7-902a-1167-8193-5327d0ae03b3,100,TRIGGER,,1116,bruser_agel007,False,PUBLIC
348b21f0-972d-4d14-a208-c9f4871fbd51,BOT,0,PVSyst_TriggerBot.2026.09.02.22.21.25.bruser_agel007,PRIORITY_MEDIUM,,,True,runTask,1116,2026-09-02T22:21:26.269716Z,PVSyst_TriggerBot,100,ad7dcb9b-4502-475a-9cbe-f4b1413b0601,,,100013828,DT-1001-G62J7W3,2026-09-03T05:39:05.0631711Z,,,,427692,PVSyst_TriggerBot,,TRIGGER,,1116,2026-09-03T05:39:14.492058Z,100,,,"['100005124', '354', '386', '389', '357', '359', '392', '100011533', '382']",False,2026-09-03T05:38:46.5696052Z,COMPLETED,False,0a6639c7-902a-1167-8193-5327d0ae03b3,100,TRIGGER,,1116,bruser_agel007,False,PUBLIC
d47ad8b3-59a7-4cff-8621-c91c77060c0f,BOT,0,PVSyst_TriggerBot.2026.09.02.22.21.25.bruser_agel007,PRIORITY_MEDIUM,,,True,runTask,1116,2026-09-02T22:21:25.996513Z,PVSyst_TriggerBot,100,b59cfc42-04c2-45ff-a027-5932d466a773,,,100013828,DT-1001-G62J7W3,2026-09-03T05:38:42.0005312Z,,,,427692,PVSyst_TriggerBot,,TRIGGER,,1116,2026-09-03T05:38:51.426224Z,100,,,"['100005124', '354', '386', '389', '357', '359', '392', '100011533', '382']",False,2026-09-03T05:38:24.5544999Z,COMPLETED,False,0a6639c7-902a-1167-8193-5327d0ae03b3,100,TRIGGER,,1116,bruser_agel007,False,PUBLIC
765966d0-4196-4d76-b389-646ca96f7c2c,BOT,0,PVSyst_TriggerBot.2026.09.02.22.21.25.bruser_agel007,PRIORITY_MEDIUM,,,True,runTask,1116,2026-09-02T22:21:25.70813Z,PVSyst_TriggerBot,100,154d14cd-f58d-4f3d-a6fe-196f6c0a6689,,,100013828,DT-1001-G62J7W3,2026-09-03T05:38:21.1491658Z,,,,427692,PVSyst_TriggerBot,,TRIGGER,,1116,2026-09-03T05:38:30.554142Z,100,,,"['100005124', '354', '386', '389', '357', '359', '392', '100011533', '382']",False,2026-09-03T05:38:01.1431173Z,COMPLETED,False,0a6639c7-902a-1167-8193-5327d0ae03b3,100,TRIGGER,,1116,bruser_agel007,False,PUBLIC
e67e6133-b255-4995-b475-626460aeddf7,BOT,34701,GCP_PVSyst_UploadData.24.12.24.19.27.48.devuser_agel002,PRIORITY_MEDIUM,,,True,SendMailV2,1133,2026-09-02T22:00:01.42257Z,GCP_PVSyst_UploadData,45,90a47f4f-bd2f-4446-9cb9-9ae8cb079cc4,,,100013828,DT-1001-G62J7W3,2026-09-03T05:37:54.3178106Z,ba.bot.execution.error,"This may be due to the following reason:

    There was an error in sending the email message. Please check your connection details provided and try again.

","There was a problem at line 45
",428176,GCP_PVSyst_UploadData,,SCHEDULED,"There was a problem at line 45
 This may be due to the following reason:

There was an error in sending the email message. Please check your connection details provided and try again.

 To continue, edit the bot and fix the error. Then, try again.


If you continue to see this message, please contact your system administrator.",1133,2026-09-03T05:38:03.738894Z,100,,,"['100005124', '354', '386', '389', '357', '359', '392', '100011533', '382']",False,2026-09-03T04:54:50.4490373Z,RUN_FAILED,False,0a6639c7-902a-1167-8193-5327d0ae03b3,45,SCHEDULED,,1116,bruser_agel007,False,PUBLIC
2d7e4f68-ab07-4342-8c27-e81919ac35c5,BOT,35442,ANIL012_PXIL_RTM_Data_Extraction,PRIORITY_MEDIUM,,,True,SendMailV2,1135,2026-09-03T05:30:01.715736Z,ANIL012_PXIL_RTM_Data_Extraction,47,1579a762-1fa7-4910-9194-0eeeccd17833,,,852,gcp10wbtrpap05,2026-09-03T05:31:05.9656612Z,,,,606875,ANIL012_PXIL_RTM_Data_Extraction,,SCHEDULED,,1135,2026-09-03T05:31:06.101338Z,100,,,"['100005124', '354', '386', '356', '389', '357', '359', '100011533', '382']",False,2026-09-03T05:30:16.5594444Z,COMPLETED,False,0a6639c7-902a-1167-8193-5327d0ae03b3,47,SCHEDULED,,1114,bruser_agel005,False,PUBLIC
b432b699-3060-4a06-828d-1b4dc6408c21,BOT,35404,AGEL100_StatusOf_GRN_Pending_&SLA.25.09.12.13.58.16.devuser_agel005,PRIORITY_MEDIUM,,,True,SendMailV2,1136,2026-09-03T05:15:01.659534Z,AGEL100_StatusOf_GRN_Pending_&SLA,80,85dc1404-59c6-43d6-b3f3-3ea6fbe0291c,,,852,gcp10wbtrpap05,2026-09-03T05:29:09.8250599Z,,,,593466,AGEL100_StatusOf_GRN_Pending_&SLA,,SCHEDULED,,1136,2026-09-03T05:29:09.944206Z,100,,,"['100005124', '386', '354', '357', '389', '359', '392', '393', '100011533', '382']",False,2026-09-03T05:15:16.1905392Z,COMPLETED,False,0a6639c7-902a-1167-8193-5327d0ae03b3,80,SCHEDULED,,1114,bruser_agel005,False,PUBLIC
10b31105-eafc-47c7-921d-16cf82fda8f5,BOT,0,AGEL141_ME2J_Raw_Data_MasterTask copy(1).26.09.03.09.34.13.devuser_agel002,PRIORITY_MEDIUM,,,True,runApp,1133,2026-09-03T04:04:22.759021Z,AGEL141_ME2J_Raw_Data_MasterTask copy(1),140,0bda3f12-fd8c-4ba1-bd77-9b531b70c533,,,830,gcp10wbtrpap02,2026-09-03T05:02:11.9574592Z,,,,101329061,AGEL141_ME2J_Raw_Data_MasterTask copy(1),,RUN_NOW,,1133,2026-09-03T05:02:12.128721Z,100,,,"['100005124', '386', '354', '357', '389', '359', '392', '393', '100011533', '382']",False,2026-09-03T04:56:12.7553486Z,COMPLETED,False,0a6639c7-902a-1167-8193-5327d0ae03b3,140,RUN_NOW,,1110,bruser_agel001,False,PUBLIC
99df3dd3-e244-481e-84dc-c3320f0557f7,BOT,35435,AUC066_AGEL_NewPR_Main,PRIORITY_MEDIUM,,,True,step,1135,2026-09-03T03:00:02.680777Z,AUC066_AGEL_NewPR_Main,131,fef91939-92bc-4e73-848a-e556245f09f5,,,830,gcp10wbtrpap02,2026-09-03T04:56:02.5703151Z,,,,415984,AUC066_AGEL_NewPR_Main,,SCHEDULED,,1135,2026-09-03T04:56:02.783587Z,100,,,"['100005124', '354', '386', '357', '389', '359', '100011533', '382']",False,2026-09-03T04:49:52.2129497Z,COMPLETED,False,0a6639c7-902a-1167-8193-5327d0ae03b3,131,SCHEDULED,,1110,bruser_agel001,False,PUBLIC
b620605d-61c2-4648-901b-bd4ca7b5f3e9,BOT,0,PVSyst_TriggerBot.2026.09.02.13.56.54.bruser_agel007,PRIORITY_MEDIUM,,,True,runTask,1116,2026-09-02T13:56:54.552305Z,PVSyst_TriggerBot,100,e5d3402d-4607-4100-96d9-f29d9ac69cbc,,,100013828,DT-1001-G62J7W3,2026-09-03T04:54:46.8745909Z,,,,427692,PVSyst_TriggerBot,,TRIGGER,,1116,2026-09-03T04:54:56.248377Z,100,,,"['100005124', '354', '386', '389', '357', '359', '392', '100011533', '382']",False,2026-09-03T04:54:28.5181743Z,COMPLETED,False,0a6639c7-902a-1167-8193-5327d0ae03b3,100,TRIGGER,,1116,bruser_agel007,False,PUBLIC
ef35f8fc-5bde-430f-9972-d42fdb9746cc,BOT,0,PVSyst_TriggerBot.2026.09.02.13.56.53.bruser_agel007,PRIORITY_MEDIUM,,,True,runTask,1116,2026-09-02T13:56:54.199752Z,PVSyst_TriggerBot,100,010d3373-c572-4277-8cd3-9f59d08d3d5e,,,100013828,DT-1001-G62J7W3,2026-09-03T04:54:23.9935838Z,,,,427692,PVSyst_TriggerBot,,TRIGGER,,1116,2026-09-03T04:54:33.39013Z,100,,,"['100005124', '354', '386', '389', '357', '359', '392', '100011533', '382']",False,2026-09-03T04:54:06.5106173Z,COMPLETED,False,0a6639c7-902a-1167-8193-5327d0ae03b3,100,TRIGGER,,1116,bruser_agel007,False,PUBLIC
456627a1-c9b8-4443-992d-322a82b30fd6,BOT,0,PVSyst_TriggerBot.2026.09.02.13.56.53.bruser_agel007,PRIORITY_MEDIUM,,,True,runTask,1116,2026-09-02T13:56:53.890813Z,PVSyst_TriggerBot,100,d5f0c0e4-0bc1-49bf-825b-45040ed8b064,,,100013828,DT-1001-G62J7W3,2026-09-03T04:54:02.3858078Z,,,,427692,PVSyst_TriggerBot,,TRIGGER,,1116,2026-09-03T04:54:11.760349Z,100,,,"['100005124', '354', '386', '389', '357', '359', '392', '100011533', '382']",False,2026-09-03T04:53:42.6415792Z,COMPLETED,False,0a6639c7-902a-1167-8193-5327d0ae03b3,100,TRIGGER,,1116,bruser_agel007,False,PUBLIC
bb316849-a364-4479-8fc7-7e01ff7263db,BOT,0,PVSyst_TriggerBot.2026.09.02.13.56.53.bruser_agel007,PRIORITY_MEDIUM,,,True,runTask,1116,2026-09-02T13:56:53.621521Z,PVSyst_TriggerBot,100,6f019272-3c4e-4213-8099-3961e520f0c5,,,100013828,DT-1001-G62J7W3,2026-09-03T04:53:38.9075907Z,,,,427692,PVSyst_TriggerBot,,TRIGGER,,1116,2026-09-03T04:53:48.275121Z,100,,,"['100005124', '354', '386', '389', '357', '359', '392', '100011533', '382']",False,2026-09-03T04:53:20.5358058Z,COMPLETED,False,0a6639c7-902a-1167-8193-5327d0ae03b3,100,TRIGGER,,1116,bruser_agel007,False,PUBLIC
b79f005a-592f-4dc8-a760-71b2d50b2902,BOT,0,PVSyst_TriggerBot.2026.09.02.13.56.52.bruser_agel007,PRIORITY_MEDIUM,,,True,runTask,1116,2026-09-02T13:56:53.349649Z,PVSyst_TriggerBot,100,4e528842-021e-4700-8e16-c1866a6f3d49,,,100013828,DT-1001-G62J7W3,2026-09-03T04:53:17.0579118Z,,,,427692,PVSyst_TriggerBot,,TRIGGER,,1116,2026-09-03T04:53:26.428192Z,100,,,"['100005124', '354', '386', '389', '357', '359', '392', '100011533', '382']",False,2026-09-03T04:52:56.439532Z,COMPLETED,False,0a6639c7-902a-1167-8193-5327d0ae03b3,100,TRIGGER,,1116,bruser_agel007,False,PUBLIC
0b93fe7c-8638-4099-b15d-9f5a32012fc4,BOT,0,PVSyst_TriggerBot.2026.09.02.13.56.52.bruser_agel007,PRIORITY_MEDIUM,,,True,runTask,1116,2026-09-02T13:56:52.975259Z,PVSyst_TriggerBot,100,e6368865-8ca6-41ec-b0e4-eccdbd565cca,,,100013828,DT-1001-G62J7W3,2026-09-03T04:52:52.2533635Z,,,,427692,PVSyst_TriggerBot,,TRIGGER,,1116,2026-09-03T04:53:01.64229Z,100,,,"['100005124', '354', '386', '389', '357', '359', '392', '100011533', '382']",False,2026-09-03T04:52:32.5342622Z,COMPLETED,False,0a6639c7-902a-1167-8193-5327d0ae03b3,100,TRIGGER,,1116,bruser_agel007,False,PUBLIC
2a80b320-11f2-4cb6-9d68-8b4c811b8c44,BOT,0,PVSyst_TriggerBot.2026.09.02.13.56.52.bruser_agel007,PRIORITY_MEDIUM,,,True,runTask,1116,2026-09-02T13:56:52.791473Z,PVSyst_TriggerBot,100,d6c7383e-44f3-4ed6-b44b-b54deefff815,,,100013828,DT-1001-G62J7W3,2026-09-03T04:52:28.9648665Z,,,,427692,PVSyst_TriggerBot,,TRIGGER,,1116,2026-09-03T04:52:38.350176Z,100,,,"['100005124', '354', '386', '389', '357', '359', '392', '100011533', '382']",False,2026-09-03T04:52:10.522253Z,COMPLETED,False,0a6639c7-902a-1167-8193-5327d0ae03b3,100,TRIGGER,,1116,bruser_agel007,False,PUBLIC
a726c246-3888-4a28-b94c-121c043f9f04,BOT,0,PVSyst_TriggerBot.2026.09.02.13.56.51.bruser_agel007,PRIORITY_MEDIUM,,,True,runTask,1116,2026-09-02T13:56:52.461723Z,PVSyst_TriggerBot,100,8770952f-cd7e-40e4-9243-94e7ed17f826,,,100013828,DT-1001-G62J7W3,2026-09-03T04:52:07.2440433Z,,,,427692,PVSyst_TriggerBot,,TRIGGER,,1116,2026-09-03T04:52:16.630492Z,100,,,"['100005124', '354', '386', '389', '357', '359', '392', '100011533', '382']",False,2026-09-03T04:51:46.5765759Z,COMPLETED,False,0a6639c7-902a-1167-8193-5327d0ae03b3,100,TRIGGER,,1116,bruser_agel007,False,PUBLIC
99e75d71-06d6-48ae-af1f-31585894ac46,BOT,0,PVSyst_TriggerBot.2026.09.02.13.56.51.bruser_agel007,PRIORITY_MEDIUM,,,True,runTask,1116,2026-09-02T13:56:52.189903Z,PVSyst_TriggerBot,100,13508f20-b26d-4af9-b0a6-ed2c070ffa1a,,,100013828,DT-1001-G62J7W3,2026-09-03T04:51:42.4175454Z,,,,427692,PVSyst_TriggerBot,,TRIGGER,,1116,2026-09-03T04:51:51.805706Z,100,,,"['100005124', '354', '386', '389', '357', '359', '392', '100011533', '382']",False,2026-09-03T04:51:22.6423551Z,COMPLETED,False,0a6639c7-902a-1167-8193-5327d0ae03b3,100,TRIGGER,,1116,bruser_agel007,False,PUBLIC
5853083d-4420-4547-9bd0-c090458f15ec,BOT,0,PVSyst_TriggerBot.2026.09.02.13.56.51.bruser_agel007,PRIORITY_MEDIUM,,,True,runTask,1116,2026-09-02T13:56:51.893519Z,PVSyst_TriggerBot,100,baa070cd-4d7c-4aad-9c4a-bb8b5468182d,,,100013828,DT-1001-G62J7W3,2026-09-03T04:51:19.2977235Z,,,,427692,PVSyst_TriggerBot,,TRIGGER,,1116,2026-09-03T04:51:28.679106Z,100,,,"['100005124', '354', '386', '389', '357', '359', '392', '100011533', '382']",False,2026-09-03T04:51:00.7509681Z,COMPLETED,False,0a6639c7-902a-1167-8193-5327d0ae03b3,100,TRIGGER,,1116,bruser_agel007,False,PUBLIC
20030ad7-569b-457b-b58c-160d5d3ee646,BOT,0,PVSyst_TriggerBot.2026.09.02.13.56.51.bruser_agel007,PRIORITY_MEDIUM,,,True,runTask,1116,2026-09-02T13:56:51.633751Z,PVSyst_TriggerBot,100,e02d4eea-c1f0-474d-bd48-85e01e14dc0f,,,100013828,DT-1001-G62J7W3,2026-09-03T04:50:57.214914Z,,,,427692,PVSyst_TriggerBot,,TRIGGER,,1116,2026-09-03T04:51:06.588035Z,100,,,"['100005124', '354', '386', '389', '357', '359', '392', '100011533', '382']",False,2026-09-03T04:50:36.5032795Z,COMPLETED,False,0a6639c7-902a-1167-8193-5327d0ae03b3,100,TRIGGER,,1116,bruser_agel007,False,PUBLIC
ccc90557-ebba-4484-89a7-c62c1f5192e7,BOT,0,PVSyst_TriggerBot.2026.09.02.13.56.50.bruser_agel007,PRIORITY_MEDIUM,,,True,runTask,1116,2026-09-02T13:56:51.424393Z,PVSyst_TriggerBot,100,c7fc2cf9-e13b-462c-b2cb-113bf4159dff,,,100013828,DT-1001-G62J7W3,2026-09-03T04:50:32.450941Z,,,,427692,PVSyst_TriggerBot,,TRIGGER,,1116,2026-09-03T04:50:41.815489Z,100,,,"['100005124', '354', '386', '389', '357', '359', '392', '100011533', '382']",False,2026-09-03T04:50:12.7535132Z,COMPLETED,False,0a6639c7-902a-1167-8193-5327d0ae03b3,100,TRIGGER,,1116,bruser_agel007,False,PUBLIC
f9a9c202-1164-41a9-872b-3c26d890c7ec,BOT,0,PVSyst_TriggerBot.2026.09.02.13.56.50.bruser_agel007,PRIORITY_MEDIUM,,,True,runTask,1116,2026-09-02T13:56:51.035642Z,PVSyst_TriggerBot,100,e92d3393-472d-4a39-bc31-9d7ae9ad27ad,,,100013828,DT-1001-G62J7W3,2026-09-03T04:50:08.8964752Z,,,,427692,PVSyst_TriggerBot,,TRIGGER,,1116,2026-09-03T04:50:18.279204Z,100,,,"['100005124', '354', '386', '389', '357', '359', '392', '100011533', '382']",False,2026-09-03T04:49:50.5109183Z,COMPLETED,False,0a6639c7-902a-1167-8193-5327d0ae03b3,100,TRIGGER,,1116,bruser_agel007,False,PUBLIC
d71d2726-29ef-4cc5-be77-9394342e4098,BOT,0,PVSyst_TriggerBot.2026.09.02.13.56.50.bruser_agel007,PRIORITY_MEDIUM,,,True,runTask,1116,2026-09-02T13:56:50.81166Z,PVSyst_TriggerBot,100,f6a2b6d3-5590-4b3e-838f-5c2337777a25,,,100013828,DT-1001-G62J7W3,2026-09-03T04:49:46.0215286Z,,,,427692,PVSyst_TriggerBot,,TRIGGER,,1116,2026-09-03T04:49:55.389956Z,100,,,"['100005124', '354', '386', '389', '357', '359', '392', '100011533', '382']",False,2026-09-03T04:49:28.6108944Z,COMPLETED,False,0a6639c7-902a-1167-8193-5327d0ae03b3,100,TRIGGER,,1116,bruser_agel007,False,PUBLIC
c269bb65-0049-4937-906f-988560efcbfe,BOT,35415,AUC093_AGEL_ITOpenPO_Master.25.09.26.08.38.34.devuser_agel005,PRIORITY_MEDIUM,,,True,loop.commands.start,1136,2026-09-03T02:45:01.138756Z,AUC093_AGEL_ITOpenPO_Master,44,42b963d4-c82b-4186-adc4-03420d04e259,,,830,gcp10wbtrpap02,2026-09-03T04:49:42.306738Z,,,,415974,AUC093_AGEL_ITOpenPO_Master,,SCHEDULED,,1136,2026-09-03T04:49:42.467504Z,100,,,"['100005124', '386', '354', '357', '389', '359', '100011533', '382']",False,2026-09-03T04:46:22.8418214Z,COMPLETED,False,0a6639c7-902a-1167-8193-5327d0ae03b3,44,SCHEDULED,,1110,bruser_agel001,False,PUBLIC
66b524d5-1c70-4d56-86f5-32103fe046b8,BOT,0,PVSyst_TriggerBot.2026.09.02.13.56.49.bruser_agel007,PRIORITY_MEDIUM,,,True,runTask,1116,2026-09-02T13:56:50.535815Z,PVSyst_TriggerBot,100,022be79a-1a65-4119-9840-512ef8c94113,,,100013828,DT-1001-G62J7W3,2026-09-03T04:49:24.5367109Z,,,,427692,PVSyst_TriggerBot,,TRIGGER,,1116,2026-09-03T04:49:33.935678Z,100,,,"['100005124', '354', '386', '389', '357', '359', '392', '100011533', '382']",False,2026-09-03T04:49:04.7280616Z,COMPLETED,False,0a6639c7-902a-1167-8193-5327d0ae03b3,100,TRIGGER,,1116,bruser_agel007,False,PUBLIC
0878b72e-a2ef-4674-9537-e218dbb30285,BOT,0,PVSyst_TriggerBot.2026.09.02.13.56.49.bruser_agel007,PRIORITY_MEDIUM,,,True,runTask,1116,2026-09-02T13:56:50.180198Z,PVSyst_TriggerBot,100,411e86ab-ab65-4c29-b0e8-893ba9856080,,,100013828,DT-1001-G62J7W3,2026-09-03T04:49:01.1689536Z,,,,427692,PVSyst_TriggerBot,,TRIGGER,,1116,2026-09-03T04:49:10.549493Z,100,,,"['100005124', '354', '386', '389', '357', '359', '392', '100011533', '382']",False,2026-09-03T04:48:42.5781959Z,COMPLETED,False,0a6639c7-902a-1167-8193-5327d0ae03b3,100,TRIGGER,,1116,bruser_agel007,False,PUBLIC
5ed329cb-fa1b-4235-80a9-d6b62f9fd0b6,BOT,0,PVSyst_TriggerBot.2026.09.02.13.56.49.bruser_agel007,PRIORITY_MEDIUM,,,True,runTask,1116,2026-09-02T13:56:49.920944Z,PVSyst_TriggerBot,100,e208d555-3fb7-4258-a429-5e4aa6f3c17c,,,100013828,DT-1001-G62J7W3,2026-09-03T04:48:39.2528173Z,,,,427692,PVSyst_TriggerBot,,TRIGGER,,1116,2026-09-03T04:48:48.649926Z,100,,,"['100005124', '354', '386', '389', '357', '359', '392', '100011533', '382']",False,2026-09-03T04:48:18.4959244Z,COMPLETED,False,0a6639c7-902a-1167-8193-5327d0ae03b3,100,TRIGGER,,1116,bruser_agel007,False,PUBLIC
7fcb4c38-492b-4341-b72a-14812b9752e9,BOT,35254,AGEL087_MB25_pending_MIRS_Posting.25.06.18.17.14.05.devuser_agel005,PRIORITY_MEDIUM,,,True,SendMailV2,1136,2026-09-03T04:45:01.580907Z,AGEL087_MB25_pending_MIRS_Posting,42,549cfa87-065d-418c-9b1f-bc506315a2d3,,,852,gcp10wbtrpap05,2026-09-03T04:48:24.931043Z,,,,556795,AGEL087_MB25_pending_MIRS_Posting,,SCHEDULED,,1136,2026-09-03T04:48:25.067599Z,100,,,"['100005124', '354', '386', '357', '389', '359', '392', '393', '100011533', '382']",False,2026-09-03T04:45:14.7588084Z,COMPLETED,False,0a6639c7-902a-1167-8193-5327d0ae03b3,42,SCHEDULED,,1114,bruser_agel005,False,PUBLIC
c48f8470-d516-43a5-b9a1-870ff4c229d0,BOT,0,PVSyst_TriggerBot.2026.09.02.13.56.49.bruser_agel007,PRIORITY_MEDIUM,,,True,runTask,1116,2026-09-02T13:56:49.650094Z,PVSyst_TriggerBot,100,f4c29075-44d9-4869-bc71-5f706df11893,,,100013828,DT-1001-G62J7W3,2026-09-03T04:48:14.3961272Z,,,,427692,PVSyst_TriggerBot,,TRIGGER,,1116,2026-09-03T04:48:23.763165Z,100,,,"['100005124', '354', '386', '389', '357', '359', '392', '100011533', '382']",False,2026-09-03T04:47:54.6547986Z,COMPLETED,False,0a6639c7-902a-1167-8193-5327d0ae03b3,100,TRIGGER,,1116,bruser_agel007,False,PUBLIC
0709169e-5a71-4851-a6d1-70f6ac95604b,BOT,35272,AGEL088_OS_Validity_Expaired_Report.25.07.01.16.54.25.devuser_agel005,PRIORITY_MEDIUM,,,True,SendMailV2,1136,2026-09-03T04:30:04.659227Z,AGEL088_OS_Validity_Expaired_Report,52,ec6768b4-45c7-455b-8d99-d4f2e0af784a,,,1061,gcp10wbtrpap01,2026-09-03T04:47:58.4501145Z,,,,561489,AGEL088_OS_Validity_Expaired_Report,,SCHEDULED,,1136,2026-09-03T04:47:58.606205Z,100,,,"['100005124', '354', '386', '357', '389', '359', '392', '393', '100011533', '382']",False,2026-09-03T04:30:19.5756787Z,COMPLETED,False,0a6639c7-902a-1167-8193-5327d0ae03b3,52,SCHEDULED,,1111,bruser_agel002,False,PUBLIC
92c9c552-b493-47dd-9963-44720e2db461,BOT,0,PVSyst_TriggerBot.2026.09.02.13.56.48.bruser_agel007,PRIORITY_MEDIUM,,,True,runTask,1116,2026-09-02T13:56:49.272254Z,PVSyst_TriggerBot,100,b2f1509f-4ef6-4b9b-b22c-0529169fd279,,,100013828,DT-1001-G62J7W3,2026-09-03T04:47:51.0700866Z,,,,427692,PVSyst_TriggerBot,,TRIGGER,,1116,2026-09-03T04:48:00.463428Z,100,,,"['100005124', '354', '386', '389', '357', '359', '392', '100011533', '382']",False,2026-09-03T04:47:32.5027841Z,COMPLETED,False,0a6639c7-902a-1167-8193-5327d0ae03b3,100,TRIGGER,,1116,bruser_agel007,False,PUBLIC
609f70c2-632d-4480-b7b6-6bb8f22dae5b,BOT,0,PVSyst_TriggerBot.2026.09.02.13.56.48.bruser_agel007,PRIORITY_MEDIUM,,,True,runTask,1116,2026-09-02T13:56:49.048485Z,PVSyst_TriggerBot,100,13088813-bb8b-40f1-b3cc-0eff56e4c9d5,,,100013828,DT-1001-G62J7W3,2026-09-03T04:47:28.1046763Z,,,,427692,PVSyst_TriggerBot,,TRIGGER,,1116,2026-09-03T04:47:37.482922Z,100,,,"['100005124', '354', '386', '389', '357', '359', '392', '100011533', '382']",False,2026-09-03T04:47:10.5801234Z,COMPLETED,False,0a6639c7-902a-1167-8193-5327d0ae03b3,100,TRIGGER,,1116,bruser_agel007,False,PUBLIC
b7154474-c697-4b4e-9a3f-e80ee87fbc69,BOT,0,PVSyst_TriggerBot.2026.09.02.13.56.48.bruser_agel007,PRIORITY_MEDIUM,,,True,runTask,1116,2026-09-02T13:56:48.769731Z,PVSyst_TriggerBot,100,955fe5c0-eeed-430f-8a9e-a47e798ed09e,,,100013828,DT-1001-G62J7W3,2026-09-03T04:47:06.4417533Z,,,,427692,PVSyst_TriggerBot,,TRIGGER,,1116,2026-09-03T04:47:15.828762Z,100,,,"['100005124', '354', '386', '389', '357', '359', '392', '100011533', '382']",False,2026-09-03T04:46:46.6323167Z,COMPLETED,False,0a6639c7-902a-1167-8193-5327d0ae03b3,100,TRIGGER,,1116,bruser_agel007,False,PUBLIC
ec4013ca-993a-4523-bc55-2f923a02ab83,BOT,0,PVSyst_TriggerBot.2026.09.02.13.56.47.bruser_agel007,PRIORITY_MEDIUM,,,True,runTask,1116,2026-09-02T13:56:48.513712Z,PVSyst_TriggerBot,100,2c74f309-bbe1-4926-a84b-6e1c10ff5641,,,100013828,DT-1001-G62J7W3,2026-09-03T04:46:42.9346823Z,,,,427692,PVSyst_TriggerBot,,TRIGGER,,1116,2026-09-03T04:46:52.319653Z,100,,,"['100005124', '354', '386', '389', '357', '359', '392', '100011533', '382']",False,2026-09-03T04:46:24.4772621Z,COMPLETED,False,0a6639c7-902a-1167-8193-5327d0ae03b3,100,TRIGGER,,1116,bruser_agel007,False,PUBLIC
b4b878db-1f80-4ca1-a2cc-1ab8ddc77015,BOT,0,PVSyst_TriggerBot.2026.09.02.13.56.47.bruser_agel007,PRIORITY_MEDIUM,,,True,runTask,1116,2026-09-02T13:56:48.226273Z,PVSyst_TriggerBot,100,1910fe30-95ad-49cd-99ef-e826fa7b0a60,,,100013828,DT-1001-G62J7W3,2026-09-03T04:46:20.0109203Z,,,,427692,PVSyst_TriggerBot,,TRIGGER,,1116,2026-09-03T04:46:29.372056Z,100,,,"['100005124', '354', '386', '389', '357', '359', '392', '100011533', '382']",False,2026-09-03T04:46:02.5967669Z,COMPLETED,False,0a6639c7-902a-1167-8193-5327d0ae03b3,100,TRIGGER,,1116,bruser_agel007,False,PUBLIC
7bc8a850-4abd-49c5-bf91-c5b45a7e92c1,BOT,34752,AUC048_GLDataExtraction_Main,PRIORITY_HIGH,,,True,Comment,1133,2026-09-03T03:30:05.109444Z,AUC048_Prepare_GLData,73,30122242-1d04-4e67-8f71-ae62b116b1fb,,,830,gcp10wbtrpap02,2026-09-03T04:46:10.660687Z,ba.bot.execution.force.stop,,Forcefully closed the bot execution due to user stopping it.,420785,AUC048_GLDataExtraction_Main,,SCHEDULED,Forcefully closed the bot execution due to user stopping it.,1133,2026-09-03T04:46:10.728699Z,55,,,"['100005124', '354', '386', '357', '389', '359', '392', '100011533', '382']",False,2026-09-03T03:53:33.2063759Z,RUN_ABORTED,False,0a6639c7-902a-1167-8193-5327d0ae03b3,129,SCHEDULED,,1110,bruser_agel001,False,PUBLIC
3dac1a6d-b185-42f0-a39b-7136df0e3a40,BOT,0,PVSyst_TriggerBot.2026.09.02.13.56.47.bruser_agel007,PRIORITY_MEDIUM,,,True,runTask,1116,2026-09-02T13:56:47.880144Z,PVSyst_TriggerBot,100,76c370a2-39c1-4727-8761-2c8e57c2c13d,,,100013828,DT-1001-G62J7W3,2026-09-03T04:45:58.4414879Z,,,,427692,PVSyst_TriggerBot,,TRIGGER,,1116,2026-09-03T04:46:07.863676Z,100,,,"['100005124', '354', '386', '389', '357', '359', '392', '100011533', '382']",False,2026-09-03T04:45:38.6551342Z,COMPLETED,False,0a6639c7-902a-1167-8193-5327d0ae03b3,100,TRIGGER,,1116,bruser_agel007,False,PUBLIC
cd7fb27b-d5c5-415d-adee-3e97826be3f3,BOT,0,PVSyst_TriggerBot.2026.09.02.13.56.47.bruser_agel007,PRIORITY_MEDIUM,,,True,runTask,1116,2026-09-02T13:56:47.597032Z,PVSyst_TriggerBot,100,8f3c74fb-34fe-4bcf-b76d-d4da74cbc354,,,100013828,DT-1001-G62J7W3,2026-09-03T04:45:35.0108036Z,,,,427692,PVSyst_TriggerBot,,TRIGGER,,1116,2026-09-03T04:45:44.387448Z,100,,,"['100005124', '354', '386', '389', '357', '359', '392', '100011533', '382']",False,2026-09-03T04:45:16.5938646Z,COMPLETED,False,0a6639c7-902a-1167-8193-5327d0ae03b3,100,TRIGGER,,1116,bruser_agel007,False,PUBLIC
cf0915a6-f48c-490f-9526-b81c657b28e1,BOT,0,PVSyst_TriggerBot.2026.09.02.13.56.46.bruser_agel007,PRIORITY_MEDIUM,,,True,runTask,1116,2026-09-02T13:56:47.332406Z,PVSyst_TriggerBot,100,6694b794-f033-4e00-898d-654c951792fa,,,100013828,DT-1001-G62J7W3,2026-09-03T04:45:12.2003823Z,,,,427692,PVSyst_TriggerBot,,TRIGGER,,1116,2026-09-03T04:45:21.575144Z,100,,,"['100005124', '354', '386', '389', '357', '359', '392', '100011533', '382']",False,2026-09-03T04:44:54.7438359Z,COMPLETED,False,0a6639c7-902a-1167-8193-5327d0ae03b3,100,TRIGGER,,1116,bruser_agel007,False,PUBLIC
3d76ad1a-2e65-4a82-ad13-f90dcef14cf9,BOT,100003340,ANIL017_HPX_Data_Extraction,PRIORITY_MEDIUM,,,True,SendMailV2,1135,2026-09-03T04:40:00.777658Z,ANIL017_HPX_Data_Extraction,152,21cc4382-c01f-4254-85eb-2f444b7814b8,,,852,gcp10wbtrpap05,2026-09-03T04:44:55.3369124Z,,,,609588,ANIL017_HPX_Data_Extraction,,SCHEDULED,,1135,2026-09-03T04:44:55.446129Z,100,,,"['100005124', '354', '386', '356', '357', '389', '359', '100011533', '382']",False,2026-09-03T04:41:21.0704718Z,COMPLETED,False,0a6639c7-902a-1167-8193-5327d0ae03b3,152,SCHEDULED,,1114,bruser_agel005,False,PUBLIC
3dcdad6a-c5e7-48f4-baa6-0fb50b0f8516,BOT,0,PVSyst_TriggerBot.2026.09.02.13.56.46.bruser_agel007,PRIORITY_MEDIUM,,,True,runTask,1116,2026-09-02T13:56:47.07475Z,PVSyst_TriggerBot,100,eaa63062-d3e2-4837-99f3-28b38cc4a347,,,100013828,DT-1001-G62J7W3,2026-09-03T04:44:50.5621399Z,,,,427692,PVSyst_TriggerBot,,TRIGGER,,1116,2026-09-03T04:44:59.925162Z,100,,,"['100005124', '354', '386', '389', '357', '359', '392', '100011533', '382']",False,2026-09-03T04:44:30.7541378Z,COMPLETED,False,0a6639c7-902a-1167-8193-5327d0ae03b3,100,TRIGGER,,1116,bruser_agel007,False,PUBLIC
f79f3210-6d41-4d47-981c-9b66b5b387c6,BOT,0,PVSyst_TriggerBot.2026.09.02.13.56.46.bruser_agel007,PRIORITY_MEDIUM,,,True,runTask,1116,2026-09-02T13:56:46.833403Z,PVSyst_TriggerBot,100,605b1e56-0837-4cd0-a524-b340619a640a,,,100013828,DT-1001-G62J7W3,2026-09-03T04:44:26.9776131Z,,,,427692,PVSyst_TriggerBot,,TRIGGER,,1116,2026-09-03T04:44:36.355935Z,100,,,"['100005124', '354', '386', '389', '357', '359', '392', '100011533', '382']",False,2026-09-03T04:44:08.5373194Z,COMPLETED,False,0a6639c7-902a-1167-8193-5327d0ae03b3,100,TRIGGER,,1116,bruser_agel007,False,PUBLIC
cbc01959-3dc9-4d8c-a78f-55bee1e404e8,BOT,0,PVSyst_TriggerBot.2026.09.02.13.56.45.bruser_agel007,PRIORITY_MEDIUM,,,True,runTask,1116,2026-09-02T13:56:46.51082Z,PVSyst_TriggerBot,100,5e7c79a0-d1cd-4ea0-8fbe-9a2835bbddcc,,,100013828,DT-1001-G62J7W3,2026-09-03T04:44:04.132161Z,,,,427692,PVSyst_TriggerBot,,TRIGGER,,1116,2026-09-03T04:44:13.514722Z,100,,,"['100005124', '354', '386', '389', '357', '359', '392', '100011533', '382']",False,2026-09-03T04:43:46.6225387Z,COMPLETED,False,0a6639c7-902a-1167-8193-5327d0ae03b3,100,TRIGGER,,1116,bruser_agel007,False,PUBLIC
a061b9d8-d361-4e19-a0ad-f99dc98957cd,BOT,0,PVSyst_TriggerBot.2026.09.02.13.56.45.bruser_agel007,PRIORITY_MEDIUM,,,True,runTask,1116,2026-09-02T13:56:46.195859Z,PVSyst_TriggerBot,100,5f17203e-4c10-41bf-955a-e6f6df77e5a6,,,100013828,DT-1001-G62J7W3,2026-09-03T04:43:42.4269038Z,,,,427692,PVSyst_TriggerBot,,TRIGGER,,1116,2026-09-03T04:43:51.817694Z,100,,,"['100005124', '354', '386', '389', '357', '359', '392', '100011533', '382']",False,2026-09-03T04:43:22.6041248Z,COMPLETED,False,0a6639c7-902a-1167-8193-5327d0ae03b3,100,TRIGGER,,1116,bruser_agel007,False,PUBLIC
c024736e-f7cf-4221-9035-198cbc5c67f1,BOT,0,PVSyst_TriggerBot.2026.09.02.13.56.45.bruser_agel007,PRIORITY_MEDIUM,,,True,runTask,1116,2026-09-02T13:56:46.017886Z,PVSyst_TriggerBot,100,43e3cde0-f54d-4f15-9677-63c8a0b1507f,,,100013828,DT-1001-G62J7W3,2026-09-03T04:43:18.9730544Z,,,,427692,PVSyst_TriggerBot,,TRIGGER,,1116,2026-09-03T04:43:28.351168Z,100,,,"['100005124', '354', '386', '389', '357', '359', '392', '100011533', '382']",False,2026-09-03T04:43:00.5339985Z,COMPLETED,False,0a6639c7-902a-1167-8193-5327d0ae03b3,100,TRIGGER,,1116,bruser_agel007,False,PUBLIC
32142e79-325e-49ed-b3eb-26407f63b9b9,BOT,0,PVSyst_TriggerBot.2026.09.02.13.56.45.bruser_agel007,PRIORITY_MEDIUM,,,True,runTask,1116,2026-09-02T13:56:45.725846Z,PVSyst_TriggerBot,100,52f4344f-c0a2-4aaf-9413-52f792f39f84,,,100013828,DT-1001-G62J7W3,2026-09-03T04:42:55.9969478Z,,,,427692,PVSyst_TriggerBot,,TRIGGER,,1116,2026-09-03T04:43:05.399515Z,100,,,"['100005124', '354', '386', '389', '357', '359', '392', '100011533', '382']",False,2026-09-03T04:42:38.62132Z,COMPLETED,False,0a6639c7-902a-1167-8193-5327d0ae03b3,100,TRIGGER,,1116,bruser_agel007,False,PUBLIC
d4518fb2-ab8e-4025-9375-c2b6d6ee7b3b,BOT,0,PVSyst_TriggerBot.2026.09.02.13.56.44.bruser_agel007,PRIORITY_MEDIUM,,,True,runTask,1116,2026-09-02T13:56:45.376944Z,PVSyst_TriggerBot,100,314b90e5-c4c2-4be5-af02-a4939933f6aa,,,100013828,DT-1001-G62J7W3,2026-09-03T04:42:34.3724145Z,,,,427692,PVSyst_TriggerBot,,TRIGGER,,1116,2026-09-03T04:42:43.737132Z,100,,,"['100005124', '354', '386', '389', '357', '359', '392', '100011533', '382']",False,2026-09-03T04:42:14.6275603Z,COMPLETED,False,0a6639c7-902a-1167-8193-5327d0ae03b3,100,TRIGGER,,1116,bruser_agel007,False,PUBLIC
9159ac79-5df0-4a70-983f-9f0f3b223d99,BOT,0,PVSyst_TriggerBot.2026.09.02.13.56.44.bruser_agel007,PRIORITY_MEDIUM,,,True,runTask,1116,2026-09-02T13:56:45.187705Z,PVSyst_TriggerBot,100,e5ef5df5-2175-4bf1-a63f-c2d7f83c4a45,,,100013828,DT-1001-G62J7W3,2026-09-03T04:42:11.0456091Z,,,,427692,PVSyst_TriggerBot,,TRIGGER,,1116,2026-09-03T04:42:20.420908Z,100,,,"['100005124', '354', '386', '389', '357', '359', '392', '100011533', '382']",False,2026-09-03T04:41:52.6093051Z,COMPLETED,False,0a6639c7-902a-1167-8193-5327d0ae03b3,100,TRIGGER,,1116,bruser_agel007,False,PUBLIC
0d8c164f-5e23-4671-82c4-e228f5d8a50b,BOT,0,PVSyst_TriggerBot.2026.09.02.13.56.44.bruser_agel007,PRIORITY_MEDIUM,,,True,runTask,1116,2026-09-02T13:56:44.818016Z,PVSyst_TriggerBot,100,65c28f39-a6b6-4420-b120-64d7f18dee10,,,100013828,DT-1001-G62J7W3,2026-09-03T04:41:48.1055687Z,,,,427692,PVSyst_TriggerBot,,TRIGGER,,1116,2026-09-03T04:41:57.474858Z,100,,,"['100005124', '354', '386', '389', '357', '359', '392', '100011533', '382']",False,2026-09-03T04:41:30.6516586Z,COMPLETED,False,0a6639c7-902a-1167-8193-5327d0ae03b3,100,TRIGGER,,1116,bruser_agel007,False,PUBLIC
c5bb0c7b-7d1c-41a9-af56-1a1552835d0d,BOT,0,PVSyst_TriggerBot.2026.09.02.13.56.44.bruser_agel007,PRIORITY_MEDIUM,,,True,runTask,1116,2026-09-02T13:56:44.569961Z,PVSyst_TriggerBot,100,ed859d9c-4097-4d39-81c8-e84c90f03ad1,,,100013828,DT-1001-G62J7W3,2026-09-03T04:41:26.3589165Z,,,,427692,PVSyst_TriggerBot,,TRIGGER,,1116,2026-09-03T04:41:35.728248Z,100,,,"['100005124', '354', '386', '389', '357', '359', '392', '100011533', '382']",False,2026-09-03T04:41:06.6767151Z,COMPLETED,False,0a6639c7-902a-1167-8193-5327d0ae03b3,100,TRIGGER,,1116,bruser_agel007,False,PUBLIC
465ea185-c8c9-47ac-b637-eec306a696b7,BOT,0,PVSyst_TriggerBot.2026.09.02.13.56.43.bruser_agel007,PRIORITY_MEDIUM,,,True,runTask,1116,2026-09-02T13:56:44.22324Z,PVSyst_TriggerBot,100,dc26f429-2db5-46ab-9cef-3c5b3bcf7c9d,,,100013828,DT-1001-G62J7W3,2026-09-03T04:41:02.9991715Z,,,,427692,PVSyst_TriggerBot,,TRIGGER,,1116,2026-09-03T04:41:12.361684Z,100,,,"['100005124', '354', '386', '389', '357', '359', '392', '100011533', '382']",False,2026-09-03T04:40:44.5815032Z,COMPLETED,False,0a6639c7-902a-1167-8193-5327d0ae03b3,100,TRIGGER,,1116,bruser_agel007,False,PUBLIC
cfafd769-fd73-4538-bfff-236e5daf661f,BOT,35429,ANIL008_MCX_Data_Extraction_MainTask,PRIORITY_MEDIUM,,,True,SendMailV2,1135,2026-09-03T04:30:05.871834Z,ANIL008_MCX_Data_Extraction_MainTask,60,fb796f37-b981-4359-81ee-e698dbc8e873,,,852,gcp10wbtrpap05,2026-09-03T04:40:59.2072368Z,ba.bot.execution.error,"This may be due to the following reason:

    Invalid argument supplied to 'list', index '0' is invalid or out of bound.

Location: ANIL008_MCX_Data_Extraction_MainTask (line 60)

","There was a problem at line 60
",604508,ANIL008_MCX_Data_Extraction_MainTask,,SCHEDULED,"There was a problem at line 60
 This may be due to the following reason:

Invalid argument supplied to 'list', index '0' is invalid or out of bound.

Location: ANIL008_MCX_Data_Extraction_MainTask (line 60)

 To continue, edit the bot and fix the error. Then, try again.


If you continue to see this message, please contact your system administrator.",1135,2026-09-03T04:40:59.351094Z,100,,,"['100005124', '386', '354', '356', '357', '389', '359', '100011533', '382']",False,2026-09-03T04:39:38.3860272Z,RUN_FAILED,False,0a6639c7-902a-1167-8193-5327d0ae03b3,60,SCHEDULED,,1114,bruser_agel005,False,PUBLIC
67203b2a-5edc-4e5c-9e46-7c5ecf7fc0ae,BOT,0,PVSyst_TriggerBot.2026.09.02.13.56.43.bruser_agel007,PRIORITY_MEDIUM,,,True,runTask,1116,2026-09-02T13:56:43.961805Z,PVSyst_TriggerBot,100,1eb9003d-6ac8-4fda-b850-c8b055ad8260,,,100013828,DT-1001-G62J7W3,2026-09-03T04:40:40.0234998Z,,,,427692,PVSyst_TriggerBot,,TRIGGER,,1116,2026-09-03T04:40:49.389932Z,100,,,"['100005124', '354', '386', '389', '357', '359', '392', '100011533', '382']",False,2026-09-03T04:40:22.5728768Z,COMPLETED,False,0a6639c7-902a-1167-8193-5327d0ae03b3,100,TRIGGER,,1116,bruser_agel007,False,PUBLIC
50c4fab7-4357-4e1c-b944-c14f8d92b107,BOT,0,PVSyst_TriggerBot.2026.09.02.13.56.43.bruser_agel007,PRIORITY_MEDIUM,,,True,runTask,1116,2026-09-02T13:56:43.603628Z,PVSyst_TriggerBot,100,1be661a1-9718-42b2-8103-44c56b075f46,,,100013828,DT-1001-G62J7W3,2026-09-03T04:40:18.4226703Z,,,,427692,PVSyst_TriggerBot,,TRIGGER,,1116,2026-09-03T04:40:27.793602Z,100,,,"['100005124', '354', '386', '389', '357', '359', '392', '100011533', '382']",False,2026-09-03T04:39:58.6767881Z,COMPLETED,False,0a6639c7-902a-1167-8193-5327d0ae03b3,100,TRIGGER,,1116,bruser_agel007,False,PUBLIC
b37524ec-5650-453a-9893-c825e2e589a2,BOT,0,PVSyst_TriggerBot.2026.09.02.13.56.42.bruser_agel007,PRIORITY_MEDIUM,,,True,runTask,1116,2026-09-02T13:56:43.378851Z,PVSyst_TriggerBot,100,6bcf48dd-e142-4bdf-9c0e-08c7814043d2,,,100013828,DT-1001-G62J7W3,2026-09-03T04:39:54.9215239Z,,,,427692,PVSyst_TriggerBot,,TRIGGER,,1116,2026-09-03T04:40:04.276205Z,100,,,"['100005124', '354', '386', '389', '357', '359', '392', '100011533', '382']",False,2026-09-03T04:39:36.5241308Z,COMPLETED,False,0a6639c7-902a-1167-8193-5327d0ae03b3,100,TRIGGER,,1116,bruser_agel007,False,PUBLIC
8316d5c9-fd57-4d93-98f5-019d86a0a0f7,BOT,0,PVSyst_TriggerBot.2026.09.02.13.56.42.bruser_agel007,PRIORITY_MEDIUM,,,True,runTask,1116,2026-09-02T13:56:43.079473Z,PVSyst_TriggerBot,100,ee61d96d-e564-4417-a3f3-fe3d8a1b5793,,,100013828,DT-1001-G62J7W3,2026-09-03T04:39:32.1143304Z,,,,427692,PVSyst_TriggerBot,,TRIGGER,,1116,2026-09-03T04:39:41.502178Z,100,,,"['100005124', '354', '386', '389', '357', '359', '392', '100011533', '382']",False,2026-09-03T04:39:14.6721371Z,COMPLETED,False,0a6639c7-902a-1167-8193-5327d0ae03b3,100,TRIGGER,,1116,bruser_agel007,False,PUBLIC
4f477b4f-bb92-46d3-848b-cce87a99bb07,BOT,0,PVSyst_TriggerBot.2026.09.02.13.56.42.bruser_agel007,PRIORITY_MEDIUM,,,True,runTask,1116,2026-09-02T13:56:42.793155Z,PVSyst_TriggerBot,100,523e3206-bc8c-4ebe-a56a-f499f7550542,,,100013828,DT-1001-G62J7W3,2026-09-03T04:39:10.3851266Z,,,,427692,PVSyst_TriggerBot,,TRIGGER,,1116,2026-09-03T04:39:19.761725Z,100,,,"['100005124', '354', '386', '389', '357', '359', '392', '100011533', '382']",False,2026-09-03T04:38:50.5894229Z,COMPLETED,False,0a6639c7-902a-1167-8193-5327d0ae03b3,100,TRIGGER,,1116,bruser_agel007,False,PUBLIC
db3601cd-ce6f-4e44-bbc7-9bc5870a18db,BOT,100012348,ANIL028_zsa003N_G_Dump,PRIORITY_MEDIUM,,,True,messageBox,1135,2026-09-03T04:30:05.748876Z,ANIL028_zsa003N_G_Dump,60,0e7ef843-a3aa-414a-9763-de717d3aee6d,,,852,gcp10wbtrpap05,2026-09-03T04:39:10.3444943Z,,,,101763950,ANIL028_zsa003N_G_Dump,,SCHEDULED,,1135,2026-09-03T04:39:10.464576Z,100,,,"['100005124', '354', '386', '356', '357', '389', '359', '100011533', '382']",False,2026-09-03T04:38:25.6101069Z,COMPLETED,False,0a6639c7-902a-1167-8193-5327d0ae03b3,60,SCHEDULED,,1114,bruser_agel005,False,PUBLIC
4c2a977a-b937-4695-83eb-a8e0cca1b4b8,BOT,0,PVSyst_TriggerBot.2026.09.02.13.56.41.bruser_agel007,PRIORITY_MEDIUM,,,True,runTask,1116,2026-09-02T13:56:42.458499Z,PVSyst_TriggerBot,100,db029c11-b64d-4c8b-bf8f-db3a5bdc2c73,,,100013828,DT-1001-G62J7W3,2026-09-03T04:38:47.0384234Z,,,,427692,PVSyst_TriggerBot,,TRIGGER,,1116,2026-09-03T04:38:56.399857Z,100,,,"['100005124', '354', '386', '389', '357', '359', '392', '100011533', '382']",False,2026-09-03T04:38:28.5769384Z,COMPLETED,False,0a6639c7-902a-1167-8193-5327d0ae03b3,100,TRIGGER,,1116,bruser_agel007,False,PUBLIC
19591ec3-b813-4dd5-9d87-1c751b03943d,BOT,0,PVSyst_TriggerBot.2026.09.02.13.56.41.bruser_agel007,PRIORITY_MEDIUM,,,True,runTask,1116,2026-09-02T13:56:42.288257Z,PVSyst_TriggerBot,100,29210b0c-ab7c-4a76-b115-088e9b91097a,,,100013828,DT-1001-G62J7W3,2026-09-03T04:38:24.0571647Z,,,,427692,PVSyst_TriggerBot,,TRIGGER,,1116,2026-09-03T04:38:33.40926Z,100,,,"['100005124', '354', '386', '389', '357', '359', '392', '100011533', '382']",False,2026-09-03T04:38:06.59041Z,COMPLETED,False,0a6639c7-902a-1167-8193-5327d0ae03b3,100,TRIGGER,,1116,bruser_agel007,False,PUBLIC
d51ce988-461c-4f76-a0dd-9f349debf4b5,BOT,34703,AUC172_DowntimeSecurityPatch&VAOpen_MasterBot,PRIORITY_MEDIUM,,,True,loop.commands.start,1135,2026-09-03T04:30:05.601428Z,AUC172_DowntimeSecurityPatch&VAOpen_MasterBot,50,efcf7253-384c-4f0e-8e1d-7f52ba67d781,,,852,gcp10wbtrpap05,2026-09-03T04:38:13.0554452Z,,,,423407,AUC172_DowntimeSecurityPatch&VAOpen_MasterBot,,SCHEDULED,,1135,2026-09-03T04:38:13.148109Z,100,,,"['100005124', '354', '386', '389', '357', '359', '100011533', '382']",False,2026-09-03T04:38:05.6731334Z,COMPLETED,False,0a6639c7-902a-1167-8193-5327d0ae03b3,50,SCHEDULED,,1114,bruser_agel005,False,PUBLIC
6b5313cf-7a6f-48c2-8812-287aef8cb164,BOT,0,PVSyst_TriggerBot.2026.09.02.13.56.41.bruser_agel007,PRIORITY_MEDIUM,,,True,runTask,1116,2026-09-02T13:56:42.028597Z,PVSyst_TriggerBot,100,444ce12e-e805-47d2-8061-dd994b4e28b8,,,100013828,DT-1001-G62J7W3,2026-09-03T04:38:02.6001707Z,,,,427692,PVSyst_TriggerBot,,TRIGGER,,1116,2026-09-03T04:38:11.973754Z,100,,,"['100005124', '354', '386', '389', '357', '359', '392', '100011533', '382']",False,2026-09-03T04:37:42.7088283Z,COMPLETED,False,0a6639c7-902a-1167-8193-5327d0ae03b3,100,TRIGGER,,1116,bruser_agel007,False,PUBLIC
b83e34e5-adf4-4e97-bd3e-57e277b320fa,BOT,100012806,ANIL029_ZVMS_Report,PRIORITY_MEDIUM,,,True,messageBox,1135,2026-09-03T04:30:05.048088Z,ANIL029_ZVMS_Report,103,eeec1eb2-657e-4a35-a194-4e72907bee47,,,852,gcp10wbtrpap05,2026-09-03T04:37:43.3533206Z,,,,101830732,ANIL029_ZVMS_Report,,SCHEDULED,,1135,2026-09-03T04:37:43.499119Z,100,,,"['100005124', '354', '386', '356', '357', '389', '359', '100011533', '382']",False,2026-09-03T04:35:34.1536604Z,COMPLETED,False,0a6639c7-902a-1167-8193-5327d0ae03b3,103,SCHEDULED,,1114,bruser_agel005,False,PUBLIC
fe8ced28-21c9-44ba-b017-382280070417,BOT,0,PVSyst_TriggerBot.2026.09.02.13.56.41.bruser_agel007,PRIORITY_MEDIUM,,,True,runTask,1116,2026-09-02T13:56:41.669332Z,PVSyst_TriggerBot,100,99ae7eb7-fc8f-404a-aff9-95c087384e0b,,,100013828,DT-1001-G62J7W3,2026-09-03T04:37:39.1444114Z,,,,427692,PVSyst_TriggerBot,,TRIGGER,,1116,2026-09-03T04:37:48.505452Z,100,,,"['100005124', '354', '386', '389', '357', '359', '392', '100011533', '382']",False,2026-09-03T04:37:20.6332475Z,COMPLETED,False,0a6639c7-902a-1167-8193-5327d0ae03b3,100,TRIGGER,,1116,bruser_agel007,False,PUBLIC
dd3f07f0-4b1f-4309-ab66-6aeab23d7e16,BOT,0,PVSyst_TriggerBot.2026.09.02.13.56.40.bruser_agel007,PRIORITY_MEDIUM,,,True,runTask,1116,2026-09-02T13:56:41.304836Z,PVSyst_TriggerBot,100,294ce352-6135-4875-84ea-f459b590a1d5,,,100013828,DT-1001-G62J7W3,2026-09-03T04:37:16.0833249Z,,,,427692,PVSyst_TriggerBot,,TRIGGER,,1116,2026-09-03T04:37:25.458664Z,100,,,"['100005124', '354', '386', '389', '357', '359', '392', '100011533', '382']",False,2026-09-03T04:36:58.6065368Z,COMPLETED,False,0a6639c7-902a-1167-8193-5327d0ae03b3,100,TRIGGER,,1116,bruser_agel007,False,PUBLIC
cc163b73-6c62-4680-9f18-da10eb198c80,BOT,0,PVSyst_TriggerBot.2026.09.02.13.56.40.bruser_agel007,PRIORITY_MEDIUM,,,True,runTask,1116,2026-09-02T13:56:41.095756Z,PVSyst_TriggerBot,100,42a7595b-8e58-4841-9bd6-ba165b252653,,,100013828,DT-1001-G62J7W3,2026-09-03T04:36:54.2523599Z,,,,427692,PVSyst_TriggerBot,,TRIGGER,,1116,2026-09-03T04:37:03.623621Z,100,,,"['100005124', '354', '386', '389', '357', '359', '392', '100011533', '382']",False,2026-09-03T04:36:30.7288923Z,COMPLETED,False,0a6639c7-902a-1167-8193-5327d0ae03b3,100,TRIGGER,,1116,bruser_agel007,False,PUBLIC
188af3f9-2dd8-4025-8a93-adf5746567be,BOT,0,PVSyst_TriggerBot.2026.09.02.13.56.40.bruser_agel007,PRIORITY_MEDIUM,,,True,runTask,1116,2026-09-02T13:56:40.738389Z,PVSyst_TriggerBot,100,f72a984e-d21a-4430-a280-6cee45fb076f,,,100013828,DT-1001-G62J7W3,2026-09-03T04:36:26.8330173Z,,,,427692,PVSyst_TriggerBot,,TRIGGER,,1116,2026-09-03T04:36:36.214869Z,100,,,"['100005124', '354', '386', '389', '357', '359', '392', '100011533', '382']",False,2026-09-03T04:36:08.4674345Z,COMPLETED,False,0a6639c7-902a-1167-8193-5327d0ae03b3,100,TRIGGER,,1116,bruser_agel007,False,PUBLIC
dcdd448d-f920-4bd2-b17d-fd20b701df9d,BOT,0,PVSyst_TriggerBot.2026.09.02.13.56.39.bruser_agel007,PRIORITY_MEDIUM,,,True,runTask,1116,2026-09-02T13:56:40.555811Z,PVSyst_TriggerBot,100,5bba9a3b-0f7a-46b3-8d9b-8a0df99094ee,,,100013828,DT-1001-G62J7W3,2026-09-03T04:36:04.3783978Z,,,,427692,PVSyst_TriggerBot,,TRIGGER,,1116,2026-09-03T04:36:13.737314Z,100,,,"['100005124', '354', '386', '389', '357', '359', '392', '100011533', '382']",False,2026-09-03T04:35:44.6106639Z,COMPLETED,False,0a6639c7-902a-1167-8193-5327d0ae03b3,100,TRIGGER,,1116,bruser_agel007,False,PUBLIC
a61f01e1-5883-40f4-bfa6-1c350fc6ee6d,BOT,0,PVSyst_TriggerBot.2026.09.02.13.56.39.bruser_agel007,PRIORITY_MEDIUM,,,True,runTask,1116,2026-09-02T13:56:40.210957Z,PVSyst_TriggerBot,100,9bace31b-d813-47d0-a354-c0b412b2fa72,,,100013828,DT-1001-G62J7W3,2026-09-03T04:35:40.0755058Z,,,,427692,PVSyst_TriggerBot,,TRIGGER,,1116,2026-09-03T04:35:49.432842Z,100,,,"['100005124', '354', '386', '389', '357', '359', '392', '100011533', '382']",False,2026-09-03T04:35:22.6634117Z,COMPLETED,False,0a6639c7-902a-1167-8193-5327d0ae03b3,100,TRIGGER,,1116,bruser_agel007,False,PUBLIC
9548fb6d-63f6-498b-9a7c-d862b990f4b2,BOT,0,PVSyst_TriggerBot.2026.09.02.13.56.39.bruser_agel007,PRIORITY_MEDIUM,,,True,runTask,1116,2026-09-02T13:56:40.06458Z,PVSyst_TriggerBot,100,7c04484f-d909-4a3d-8239-e8d93c92d1c7,,,100013828,DT-1001-G62J7W3,2026-09-03T04:35:19.127576Z,,,,427692,PVSyst_TriggerBot,,TRIGGER,,1116,2026-09-03T04:35:28.486302Z,100,,,"['100005124', '354', '386', '389', '357', '359', '392', '100011533', '382']",False,2026-09-03T04:35:00.6075569Z,COMPLETED,False,0a6639c7-902a-1167-8193-5327d0ae03b3,100,TRIGGER,,1116,bruser_agel007,False,PUBLIC
ffeb4aa2-4b14-4b46-a349-ef18202ba13a,BOT,35430,ANIL009_NSEIndia_Data_Extraction,PRIORITY_MEDIUM,,,True,SendMailV2,1135,2026-09-03T04:30:04.840677Z,ANIL009_NSEIndia_Data_Extraction,89,2983cdc7-4a67-4a2f-8bc2-b8e9bc2bdb78,,,852,gcp10wbtrpap05,2026-09-03T04:35:11.6156034Z,,,,604470,ANIL009_NSEIndia_Data_Extraction,,SCHEDULED,,1135,2026-09-03T04:35:11.739829Z,100,,,"['100005124', '354', '386', '356', '357', '389', '359', '100011533', '382']",False,2026-09-03T04:34:04.3593699Z,COMPLETED,False,0a6639c7-902a-1167-8193-5327d0ae03b3,89,SCHEDULED,,1114,bruser_agel005,False,PUBLIC
0bfd00b1-9161-4844-b5a7-d45c32abeef3,BOT,0,PVSyst_TriggerBot.2026.09.02.13.56.39.bruser_agel007,PRIORITY_MEDIUM,,,True,runTask,1116,2026-09-02T13:56:39.651099Z,PVSyst_TriggerBot,100,59c972a3-8e22-4d85-bc79-de0e7e6b7472,,,100013828,DT-1001-G62J7W3,2026-09-03T04:34:56.2725405Z,,,,427692,PVSyst_TriggerBot,,TRIGGER,,1116,2026-09-03T04:35:05.651639Z,100,,,"['100005124', '354', '386', '389', '357', '359', '392', '100011533', '382']",False,2026-09-03T04:34:36.4865866Z,COMPLETED,False,0a6639c7-902a-1167-8193-5327d0ae03b3,100,TRIGGER,,1116,bruser_agel007,False,PUBLIC
aba84b7e-eb19-4f5f-8b02-f30fbf586d9a,BOT,0,PVSyst_TriggerBot.2026.09.02.13.56.38.bruser_agel007,PRIORITY_MEDIUM,,,True,runTask,1116,2026-09-02T13:56:39.44685Z,PVSyst_TriggerBot,100,11815cc7-d3ef-4d39-8791-4f44e17479fa,,,100013828,DT-1001-G62J7W3,2026-09-03T04:34:32.0271694Z,,,,427692,PVSyst_TriggerBot,,TRIGGER,,1116,2026-09-03T04:34:41.393895Z,100,,,"['100005124', '354', '386', '389', '357', '359', '392', '100011533', '382']",False,2026-09-03T04:34:14.5997817Z,COMPLETED,False,0a6639c7-902a-1167-8193-5327d0ae03b3,100,TRIGGER,,1116,bruser_agel007,False,PUBLIC
3a8f6c64-6030-480b-9653-b96f465aecc2,BOT,0,PVSyst_TriggerBot.2026.09.02.13.56.38.bruser_agel007,PRIORITY_MEDIUM,,,True,runTask,1116,2026-09-02T13:56:39.136397Z,PVSyst_TriggerBot,100,679bcc3b-93ea-4c78-ad5f-c80e0e037e23,,,100013828,DT-1001-G62J7W3,2026-09-03T04:34:10.9853996Z,,,,427692,PVSyst_TriggerBot,,TRIGGER,,1116,2026-09-03T04:34:20.346107Z,100,,,"['100005124', '354', '386', '389', '357', '359', '392', '100011533', '382']",False,2026-09-03T04:33:52.5360703Z,COMPLETED,False,0a6639c7-902a-1167-8193-5327d0ae03b3,100,TRIGGER,,1116,bruser_agel007,False,PUBLIC
093bd2e9-b94c-42f3-9dea-a06fbcfe5ef6,BOT,35349,AGEL092 LFA1 and EKPO Dump to GCS Mastertask,PRIORITY_MEDIUM,,,True,deleteFiles,1132,2026-09-03T04:30:04.46827Z,AGEL092 LFA1 and EKPO Dump to GCS Mastertask,106,7f4e84a6-d1cf-4c29-b050-916b696292b5,,,852,gcp10wbtrpap05,2026-09-03T04:33:49.5887984Z,,,,573426,AGEL092 LFA1 and EKPO Dump to GCS Mastertask,,SCHEDULED,,1132,2026-09-03T04:33:49.710257Z,100,,,"['100005124', '386', '354', '357', '389', '359', '392', '393', '100011533', '382']",False,2026-09-03T04:31:21.4116281Z,COMPLETED,False,0a6639c7-902a-1167-8193-5327d0ae03b3,106,SCHEDULED,,1114,bruser_agel005,False,PUBLIC
97881fb6-3180-40fd-be5d-cc4c2225f284,BOT,0,PVSyst_TriggerBot.2026.09.02.13.56.38.bruser_agel007,PRIORITY_MEDIUM,,,True,runTask,1116,2026-09-02T13:56:38.757682Z,PVSyst_TriggerBot,100,31115bfc-6320-4244-b38b-aa75ddcceaa2,,,100013828,DT-1001-G62J7W3,2026-09-03T04:33:48.3902414Z,,,,427692,PVSyst_TriggerBot,,TRIGGER,,1116,2026-09-03T04:33:57.748772Z,100,,,"['100005124', '354', '386', '389', '357', '359', '392', '100011533', '382']",False,2026-09-03T04:33:28.5970922Z,COMPLETED,False,0a6639c7-902a-1167-8193-5327d0ae03b3,100,TRIGGER,,1116,bruser_agel007,False,PUBLIC
b468fc5d-47ef-4d5d-9bd0-bb7cd2416cd3,BOT,0,PVSyst_TriggerBot.2026.09.02.13.56.38.bruser_agel007,PRIORITY_MEDIUM,,,True,runTask,1116,2026-09-02T13:56:38.541324Z,PVSyst_TriggerBot,100,239ec069-189c-4c49-8d45-204115ca0750,,,100013828,DT-1001-G62J7W3,2026-09-03T04:33:24.1994283Z,,,,427692,PVSyst_TriggerBot,,TRIGGER,,1116,2026-09-03T04:33:33.569107Z,100,,,"['100005124', '354', '386', '389', '357', '359', '392', '100011533', '382']",False,2026-09-03T04:33:06.7068125Z,COMPLETED,False,0a6639c7-902a-1167-8193-5327d0ae03b3,100,TRIGGER,,1116,bruser_agel007,False,PUBLIC
e78aa1e2-127b-4c67-b730-3549efcee373,BOT,0,PVSyst_TriggerBot.2026.09.02.13.56.37.bruser_agel007,PRIORITY_MEDIUM,,,True,runTask,1116,2026-09-02T13:56:38.232934Z,PVSyst_TriggerBot,100,9fc2ddc8-983c-4f8c-84fa-d4358648589f,,,100013828,DT-1001-G62J7W3,2026-09-03T04:33:03.0449877Z,,,,427692,PVSyst_TriggerBot,,TRIGGER,,1116,2026-09-03T04:33:12.403798Z,100,,,"['100005124', '354', '386', '389', '357', '359', '392', '100011533', '382']",False,2026-09-03T04:32:44.61957Z,COMPLETED,False,0a6639c7-902a-1167-8193-5327d0ae03b3,100,TRIGGER,,1116,bruser_agel007,False,PUBLIC
42eca024-332a-465f-b15d-7eb5e235a7a1,BOT,0,PVSyst_TriggerBot.2026.09.02.13.56.37.bruser_agel007,PRIORITY_MEDIUM,,,True,runTask,1116,2026-09-02T13:56:37.948663Z,PVSyst_TriggerBot,100,40e46f53-2584-4f3f-b231-f6cf82eb86f7,,,100013828,DT-1001-G62J7W3,2026-09-03T04:32:40.3502895Z,,,,427692,PVSyst_TriggerBot,,TRIGGER,,1116,2026-09-03T04:32:49.716797Z,100,,,"['100005124', '354', '386', '389', '357', '359', '392', '100011533', '382']",False,2026-09-03T04:32:20.5416185Z,COMPLETED,False,0a6639c7-902a-1167-8193-5327d0ae03b3,100,TRIGGER,,1116,bruser_agel007,False,PUBLIC
707d5741-f06d-4775-8cc1-c9c8526e5bba,BOT,0,PVSyst_TriggerBot.2026.09.02.13.56.37.bruser_agel007,PRIORITY_MEDIUM,,,True,runTask,1116,2026-09-02T13:56:37.705866Z,PVSyst_TriggerBot,100,bd2505a4-d243-464e-ac84-c18ff66f6def,,,100013828,DT-1001-G62J7W3,2026-09-03T04:32:16.0510468Z,,,,427692,PVSyst_TriggerBot,,TRIGGER,,1116,2026-09-03T04:32:25.420047Z,100,,,"['100005124', '354', '386', '389', '357', '359', '392', '100011533', '382']",False,2026-09-03T04:31:58.67463Z,COMPLETED,False,0a6639c7-902a-1167-8193-5327d0ae03b3,100,TRIGGER,,1116,bruser_agel007,False,PUBLIC
8e62c5ec-170d-4fbf-8382-23860fab1b6b,BOT,0,PVSyst_TriggerBot.2026.09.02.13.56.36.bruser_agel007,PRIORITY_MEDIUM,,,True,runTask,1116,2026-09-02T13:56:37.325282Z,PVSyst_TriggerBot,100,3355d519-1e98-4cdf-bfc5-ad5c8040a425,,,100013828,DT-1001-G62J7W3,2026-09-03T04:31:54.9817622Z,,,,427692,PVSyst_TriggerBot,,TRIGGER,,1116,2026-09-03T04:32:04.34037Z,100,,,"['100005124', '354', '386', '389', '357', '359', '392', '100011533', '382']",False,2026-09-03T04:31:36.5472275Z,COMPLETED,False,0a6639c7-902a-1167-8193-5327d0ae03b3,100,TRIGGER,,1116,bruser_agel007,False,PUBLIC
ff3592a3-f767-4541-a26d-3dd98fb89935,BOT,0,PVSyst_TriggerBot.2026.09.02.13.56.36.bruser_agel007,PRIORITY_MEDIUM,,,True,runTask,1116,2026-09-02T13:56:37.119575Z,PVSyst_TriggerBot,100,55358b53-5d45-4507-9ded-c7eb6fc3e549,,,100013828,DT-1001-G62J7W3,2026-09-03T04:31:32.2453953Z,,,,427692,PVSyst_TriggerBot,,TRIGGER,,1116,2026-09-03T04:31:41.616704Z,100,,,"['100005124', '354', '386', '389', '357', '359', '392', '100011533', '382']",False,2026-09-03T04:31:12.5448776Z,COMPLETED,False,0a6639c7-902a-1167-8193-5327d0ae03b3,100,TRIGGER,,1116,bruser_agel007,False,PUBLIC
a2264694-e59f-4883-b0f2-02632d9dc649,BOT,0,PVSyst_TriggerBot.2026.09.02.13.56.36.bruser_agel007,PRIORITY_MEDIUM,,,True,runTask,1116,2026-09-02T13:56:36.75894Z,PVSyst_TriggerBot,100,8c388084-c213-4bfa-9b30-27b292b676a0,,,100013828,DT-1001-G62J7W3,2026-09-03T04:31:08.0539635Z,,,,427692,PVSyst_TriggerBot,,TRIGGER,,1116,2026-09-03T04:31:17.413057Z,100,,,"['100005124', '354', '386', '389', '357', '359', '392', '100011533', '382']",False,2026-09-03T04:30:50.622035Z,COMPLETED,False,0a6639c7-902a-1167-8193-5327d0ae03b3,100,TRIGGER,,1116,bruser_agel007,False,PUBLIC
e2164e28-de53-44d7-9b3c-3bb9986895be,BOT,35442,ANIL012_PXIL_RTM_Data_Extraction,PRIORITY_MEDIUM,,,True,SendMailV2,1135,2026-09-03T04:30:01.966029Z,ANIL012_PXIL_RTM_Data_Extraction,47,771c4e58-b1b2-4d05-8d09-1af374bd1edd,,,852,gcp10wbtrpap05,2026-09-03T04:31:04.23929Z,,,,606875,ANIL012_PXIL_RTM_Data_Extraction,,SCHEDULED,,1135,2026-09-03T04:31:04.378218Z,100,,,"['100005124', '354', '386', '356', '389', '357', '359', '100011533', '382']",False,2026-09-03T04:30:16.1489718Z,COMPLETED,False,0a6639c7-902a-1167-8193-5327d0ae03b3,47,SCHEDULED,,1114,bruser_agel005,False,PUBLIC
158ec4e6-5107-40d7-b318-4facd903f5f5,BOT,0,PVSyst_TriggerBot.2026.09.02.13.56.35.bruser_agel007,PRIORITY_MEDIUM,,,True,runTask,1116,2026-09-02T13:56:36.509426Z,PVSyst_TriggerBot,100,b4e9bbc4-9fbe-4097-81e4-f12886ad7a8a,,,100013828,DT-1001-G62J7W3,2026-09-03T04:30:47.1115781Z,,,,427692,PVSyst_TriggerBot,,TRIGGER,,1116,2026-09-03T04:30:56.476314Z,100,,,"['100005124', '354', '386', '389', '357', '359', '392', '100011533', '382']",False,2026-09-03T04:30:28.5796508Z,COMPLETED,False,0a6639c7-902a-1167-8193-5327d0ae03b3,100,TRIGGER,,1116,bruser_agel007,False,PUBLIC
3fa7d62d-7799-4a64-8953-6a4315a614dc,BOT,0,PVSyst_TriggerBot.2026.09.02.13.56.35.bruser_agel007,PRIORITY_MEDIUM,,,True,runTask,1116,2026-09-02T13:56:36.275096Z,PVSyst_TriggerBot,100,2ef2dbe0-cddb-4c62-889e-c113c98bd580,,,100013828,DT-1001-G62J7W3,2026-09-03T04:30:24.4455503Z,,,,427692,PVSyst_TriggerBot,,TRIGGER,,1116,2026-09-03T04:30:33.808531Z,100,,,"['100005124', '354', '386', '389', '357', '359', '392', '100011533', '382']",False,2026-09-03T04:30:04.6612896Z,COMPLETED,False,0a6639c7-902a-1167-8193-5327d0ae03b3,100,TRIGGER,,1116,bruser_agel007,False,PUBLIC
6aff284f-a87d-47f9-b7b9-f7ad0a1e1406,BOT,0,PVSyst_TriggerBot.2026.09.02.13.56.35.bruser_agel007,PRIORITY_MEDIUM,,,True,runTask,1116,2026-09-02T13:56:35.938195Z,PVSyst_TriggerBot,100,2047c6f4-f260-4e96-8ae8-92756af5df34,,,100013828,DT-1001-G62J7W3,2026-09-03T04:30:00.1467828Z,,,,427692,PVSyst_TriggerBot,,TRIGGER,,1116,2026-09-03T04:30:09.509787Z,100,,,"['100005124', '354', '386', '389', '357', '359', '392', '100011533', '382']",False,2026-09-03T04:29:42.7047685Z,COMPLETED,False,0a6639c7-902a-1167-8193-5327d0ae03b3,100,TRIGGER,,1116,bruser_agel007,False,PUBLIC
ee0878b1-e598-4746-b8e7-be03d9f4c747,BOT,0,PVSyst_TriggerBot.2026.09.02.13.56.35.bruser_agel007,PRIORITY_MEDIUM,,,True,runTask,1116,2026-09-02T13:56:35.605269Z,PVSyst_TriggerBot,100,ab6fb6c2-4b9c-4c69-a86e-c4c517d1f594,,,100013828,DT-1001-G62J7W3,2026-09-03T04:29:39.1438328Z,,,,427692,PVSyst_TriggerBot,,TRIGGER,,1116,2026-09-03T04:29:48.497459Z,100,,,"['100005124', '354', '386', '389', '357', '359', '392', '100011533', '382']",False,2026-09-03T04:29:20.6087876Z,COMPLETED,False,0a6639c7-902a-1167-8193-5327d0ae03b3,100,TRIGGER,,1116,bruser_agel007,False,PUBLIC
4c7070ea-1383-407a-9a50-854492ee6dd0,BOT,0,PVSyst_TriggerBot.2026.09.02.13.56.34.bruser_agel007,PRIORITY_MEDIUM,,,True,runTask,1116,2026-09-02T13:56:35.306441Z,PVSyst_TriggerBot,100,2c00af31-cbc1-464e-b7e0-1f803d0dbee5,,,100013828,DT-1001-G62J7W3,2026-09-03T04:29:16.2812249Z,,,,427692,PVSyst_TriggerBot,,TRIGGER,,1116,2026-09-03T04:29:25.649719Z,100,,,"['100005124', '354', '386', '389', '357', '359', '392', '100011533', '382']",False,2026-09-03T04:28:56.5852357Z,COMPLETED,False,0a6639c7-902a-1167-8193-5327d0ae03b3,100,TRIGGER,,1116,bruser_agel007,False,PUBLIC
4c5d6251-5ab3-40ed-a0f5-1d465ab0e4d8,BOT,0,PVSyst_TriggerBot.2026.09.02.13.56.34.bruser_agel007,PRIORITY_MEDIUM,,,True,runTask,1116,2026-09-02T13:56:35.075551Z,PVSyst_TriggerBot,100,8c3ba9dc-6bf8-4348-8f3f-643aa542aa68,,,100013828,DT-1001-G62J7W3,2026-09-03T04:28:52.3228999Z,,,,427692,PVSyst_TriggerBot,,TRIGGER,,1116,2026-09-03T04:29:01.68521Z,100,,,"['100005124', '354', '386', '389', '357', '359', '392', '100011533', '382']",False,2026-09-03T04:28:34.798033Z,COMPLETED,False,0a6639c7-902a-1167-8193-5327d0ae03b3,100,TRIGGER,,1116,bruser_agel007,False,PUBLIC
575c09ba-56ca-4ad3-81e3-f62cf3a122c8,BOT,0,PVSyst_TriggerBot.2026.09.02.13.56.34.bruser_agel007,PRIORITY_MEDIUM,,,True,runTask,1116,2026-09-02T13:56:34.795045Z,PVSyst_TriggerBot,100,f39b95c7-f4b3-4271-a1ce-62c73565f6e1,,,100013828,DT-1001-G62J7W3,2026-09-03T04:28:31.0355119Z,,,,427692,PVSyst_TriggerBot,,TRIGGER,,1116,2026-09-03T04:28:40.378576Z,100,,,"['100005124', '354', '386', '389', '357', '359', '392', '100011533', '382']",False,2026-09-03T04:28:12.5824082Z,COMPLETED,False,0a6639c7-902a-1167-8193-5327d0ae03b3,100,TRIGGER,,1116,bruser_agel007,False,PUBLIC
473f09a1-63d0-4feb-b657-f7aec5d4b9bb,BOT,0,PVSyst_TriggerBot.2026.09.02.13.56.33.bruser_agel007,PRIORITY_MEDIUM,,,True,runTask,1116,2026-09-02T13:56:34.532534Z,PVSyst_TriggerBot,100,a3655d6d-4b78-4379-b3f2-07b5ce07cb05,,,100013828,DT-1001-G62J7W3,2026-09-03T04:28:08.3099896Z,,,,427692,PVSyst_TriggerBot,,TRIGGER,,1116,2026-09-03T04:28:17.696115Z,100,,,"['100005124', '354', '386', '389', '357', '359', '392', '100011533', '382']",False,2026-09-03T04:27:48.5302671Z,COMPLETED,False,0a6639c7-902a-1167-8193-5327d0ae03b3,100,TRIGGER,,1116,bruser_agel007,False,PUBLIC
a4f97acd-9103-4deb-bba7-8f330b64a22f,BOT,0,PVSyst_TriggerBot.2026.09.02.13.56.33.bruser_agel007,PRIORITY_MEDIUM,,,True,runTask,1116,2026-09-02T13:56:34.222781Z,PVSyst_TriggerBot,100,d57ba999-5bc7-45c6-9999-ed27dc3d0f5e,,,100013828,DT-1001-G62J7W3,2026-09-03T04:27:44.1292362Z,,,,427692,PVSyst_TriggerBot,,TRIGGER,,1116,2026-09-03T04:27:53.502869Z,100,,,"['100005124', '354', '386', '389', '357', '359', '392', '100011533', '382']",False,2026-09-03T04:27:26.6588196Z,COMPLETED,False,0a6639c7-902a-1167-8193-5327d0ae03b3,100,TRIGGER,,1116,bruser_agel007,False,PUBLIC
63d15b4e-33c4-44e6-acb0-000d0bff49a7,BOT,0,PVSyst_TriggerBot.2026.09.02.13.56.33.bruser_agel007,PRIORITY_MEDIUM,,,True,runTask,1116,2026-09-02T13:56:33.85533Z,PVSyst_TriggerBot,100,024cd500-0d5b-4c21-a362-db4eb555f506,,,100013828,DT-1001-G62J7W3,2026-09-03T04:27:22.982327Z,,,,427692,PVSyst_TriggerBot,,TRIGGER,,1116,2026-09-03T04:27:32.336195Z,100,,,"['100005124', '354', '386', '389', '357', '359', '392', '100011533', '382']",False,2026-09-03T04:27:04.5714175Z,COMPLETED,False,0a6639c7-902a-1167-8193-5327d0ae03b3,100,TRIGGER,,1116,bruser_agel007,False,PUBLIC
54701871-a9c2-4373-ad93-d28fd5888fbd,BOT,0,PVSyst_TriggerBot.2026.09.02.13.56.33.bruser_agel007,PRIORITY_MEDIUM,,,True,runTask,1116,2026-09-02T13:56:33.714416Z,PVSyst_TriggerBot,100,8fbdcadf-6b32-4279-b10e-f8d461c55692,,,100013828,DT-1001-G62J7W3,2026-09-03T04:26:59.5641671Z,,,,427692,PVSyst_TriggerBot,,TRIGGER,,1116,2026-09-03T04:27:08.927025Z,100,,,"['100005124', '354', '386', '389', '357', '359', '392', '100011533', '382']",False,2026-09-03T04:26:36.4824282Z,COMPLETED,False,0a6639c7-902a-1167-8193-5327d0ae03b3,100,TRIGGER,,1116,bruser_agel007,False,PUBLIC
2dfc099d-8a44-49a5-8430-a0eade5701d6,BOT,0,PVSyst_TriggerBot.2026.09.02.13.56.32.bruser_agel007,PRIORITY_MEDIUM,,,True,runTask,1116,2026-09-02T13:56:33.340215Z,PVSyst_TriggerBot,100,0c9f5423-8937-4797-97d2-97b69ab66b22,,,100013828,DT-1001-G62J7W3,2026-09-03T04:26:32.0550615Z,,,,427692,PVSyst_TriggerBot,,TRIGGER,,1116,2026-09-03T04:26:41.424818Z,100,,,"['100005124', '354', '386', '389', '357', '359', '392', '100011533', '382']",False,2026-09-03T04:26:14.6019432Z,COMPLETED,False,0a6639c7-902a-1167-8193-5327d0ae03b3,100,TRIGGER,,1116,bruser_agel007,False,PUBLIC
c44ceb89-c8a5-452b-aa55-4fafa0e92748,BOT,0,PVSyst_TriggerBot.2026.09.02.13.56.32.bruser_agel007,PRIORITY_MEDIUM,,,True,runTask,1116,2026-09-02T13:56:33.10695Z,PVSyst_TriggerBot,100,5d91cd06-e1bd-45b7-b3c9-77727dcabe5c,,,100013828,DT-1001-G62J7W3,2026-09-03T04:26:11.2556225Z,,,,427692,PVSyst_TriggerBot,,TRIGGER,,1116,2026-09-03T04:26:20.606397Z,100,,,"['100005124', '354', '386', '389', '357', '359', '392', '100011533', '382']",False,2026-09-03T04:25:50.5541931Z,COMPLETED,False,0a6639c7-902a-1167-8193-5327d0ae03b3,100,TRIGGER,,1116,bruser_agel007,False,PUBLIC
f1d46359-c965-4ee4-8af9-d60d49c7def9,BOT,0,PVSyst_TriggerBot.2026.09.02.13.56.32.bruser_agel007,PRIORITY_MEDIUM,,,True,runTask,1116,2026-09-02T13:56:32.870021Z,PVSyst_TriggerBot,100,b28d9ef4-9bb4-4a7c-81dd-916db52e0229,,,100013828,DT-1001-G62J7W3,2026-09-03T04:25:46.0607636Z,,,,427692,PVSyst_TriggerBot,,TRIGGER,,1116,2026-09-03T04:25:55.416154Z,100,,,"['100005124', '354', '386', '389', '357', '359', '392', '100011533', '382']",False,2026-09-03T04:25:28.6335355Z,COMPLETED,False,0a6639c7-902a-1167-8193-5327d0ae03b3,100,TRIGGER,,1116,bruser_agel007,False,PUBLIC
d79f90c6-b666-49c6-b95f-ba7cc2ff5752,BOT,0,PVSyst_TriggerBot.2026.09.02.13.56.32.bruser_agel007,PRIORITY_MEDIUM,,,True,runTask,1116,2026-09-02T13:56:32.573222Z,PVSyst_TriggerBot,100,b7113684-3dd3-4447-af96-afc69e96a6c6,,,100013828,DT-1001-G62J7W3,2026-09-03T04:25:25.264461Z,,,,427692,PVSyst_TriggerBot,,TRIGGER,,1116,2026-09-03T04:25:34.618943Z,100,,,"['100005124', '354', '386', '389', '357', '359', '392', '100011533', '382']",False,2026-09-03T04:25:04.5649187Z,COMPLETED,False,0a6639c7-902a-1167-8193-5327d0ae03b3,100,TRIGGER,,1116,bruser_agel007,False,PUBLIC
e3863ac9-6e87-4141-8070-3a470ecd86df,BOT,0,PVSyst_TriggerBot.2026.09.02.13.56.31.bruser_agel007,PRIORITY_MEDIUM,,,True,runTask,1116,2026-09-02T13:56:32.301522Z,PVSyst_TriggerBot,100,495fd71c-35e1-4ea8-b42b-3805f7483c4b,,,100013828,DT-1001-G62J7W3,2026-09-03T04:25:00.1706202Z,,,,427692,PVSyst_TriggerBot,,TRIGGER,,1116,2026-09-03T04:25:09.525716Z,100,,,"['100005124', '354', '386', '389', '357', '359', '392', '100011533', '382']",False,2026-09-03T04:24:42.6520041Z,COMPLETED,False,0a6639c7-902a-1167-8193-5327d0ae03b3,100,TRIGGER,,1116,bruser_agel007,False,PUBLIC
719c241c-2c66-40c0-9c81-169ed255c5dd,BOT,0,PVSyst_TriggerBot.2026.09.02.13.56.31.bruser_agel007,PRIORITY_MEDIUM,,,True,runTask,1116,2026-09-02T13:56:31.950904Z,PVSyst_TriggerBot,100,2d4551ae-4f67-4cd0-ba3c-4c771f2fc38a,,,100013828,DT-1001-G62J7W3,2026-09-03T04:24:39.2544683Z,,,,427692,PVSyst_TriggerBot,,TRIGGER,,1116,2026-09-03T04:24:48.621711Z,100,,,"['100005124', '354', '386', '389', '357', '359', '392', '100011533', '382']",False,2026-09-03T04:24:18.5347578Z,COMPLETED,False,0a6639c7-902a-1167-8193-5327d0ae03b3,100,TRIGGER,,1116,bruser_agel007,False,PUBLIC
0560b3f1-64b3-4711-84a4-9ab722bd626b,BOT,0,PVSyst_TriggerBot.2026.09.02.13.56.31.bruser_agel007,PRIORITY_MEDIUM,,,True,runTask,1116,2026-09-02T13:56:31.681459Z,PVSyst_TriggerBot,100,b8b3b448-df0a-45ed-a87c-89b9a13b6a73,,,100013828,DT-1001-G62J7W3,2026-09-03T04:24:14.0017509Z,,,,427692,PVSyst_TriggerBot,,TRIGGER,,1116,2026-09-03T04:24:23.354548Z,100,,,"['100005124', '354', '386', '389', '357', '359', '392', '100011533', '382']",False,2026-09-03T04:23:56.5764119Z,COMPLETED,False,0a6639c7-902a-1167-8193-5327d0ae03b3,100,TRIGGER,,1116,bruser_agel007,False,PUBLIC
8c346de4-8ffd-4694-b15a-f9df7d4cd639,BOT,0,PVSyst_TriggerBot.2026.09.02.13.56.30.bruser_agel007,PRIORITY_MEDIUM,,,True,runTask,1116,2026-09-02T13:56:31.379277Z,PVSyst_TriggerBot,100,1d77f6eb-e8d4-4bcf-9593-127e99adbc7d,,,100013828,DT-1001-G62J7W3,2026-09-03T04:23:52.1881444Z,,,,427692,PVSyst_TriggerBot,,TRIGGER,,1116,2026-09-03T04:24:01.54221Z,100,,,"['100005124', '354', '386', '389', '357', '359', '392', '100011533', '382']",False,2026-09-03T04:23:34.7111699Z,COMPLETED,False,0a6639c7-902a-1167-8193-5327d0ae03b3,100,TRIGGER,,1116,bruser_agel007,False,PUBLIC
e032c77c-7333-44ed-9531-f2ef01b5e284,BOT,0,PVSyst_TriggerBot.2026.09.02.13.56.30.bruser_agel007,PRIORITY_MEDIUM,,,True,runTask,1116,2026-09-02T13:56:31.111485Z,PVSyst_TriggerBot,100,5008ecd3-fb6a-4b0d-bbd2-2b8f66c98d12,,,100013828,DT-1001-G62J7W3,2026-09-03T04:23:31.1618269Z,,,,427692,PVSyst_TriggerBot,,TRIGGER,,1116,2026-09-03T04:23:40.521684Z,100,,,"['100005124', '354', '386', '389', '357', '359', '392', '100011533', '382']",False,2026-09-03T04:23:10.5115143Z,COMPLETED,False,0a6639c7-902a-1167-8193-5327d0ae03b3,100,TRIGGER,,1116,bruser_agel007,False,PUBLIC
563aa186-2dff-4006-803e-9fc2b5750cca,BOT,0,PVSyst_TriggerBot.2026.09.02.13.56.30.bruser_agel007,PRIORITY_MEDIUM,,,True,runTask,1116,2026-09-02T13:56:30.780577Z,PVSyst_TriggerBot,100,b24b83f2-c4c9-4e25-8bf4-938bbed31cd3,,,100013828,DT-1001-G62J7W3,2026-09-03T04:23:06.0384388Z,,,,427692,PVSyst_TriggerBot,,TRIGGER,,1116,2026-09-03T04:23:15.388055Z,100,,,"['100005124', '354', '386', '389', '357', '359', '392', '100011533', '382']",False,2026-09-03T04:22:48.6441197Z,COMPLETED,False,0a6639c7-902a-1167-8193-5327d0ae03b3,100,TRIGGER,,1116,bruser_agel007,False,PUBLIC
965e178a-04b1-43d4-b0ef-97421f836074,BOT,0,PVSyst_TriggerBot.2026.09.02.13.56.30.bruser_agel007,PRIORITY_MEDIUM,,,True,runTask,1116,2026-09-02T13:56:30.593951Z,PVSyst_TriggerBot,100,cfa65e63-836a-4175-b940-ad994a2a9614,,,100013828,DT-1001-G62J7W3,2026-09-03T04:22:44.0095851Z,,,,427692,PVSyst_TriggerBot,,TRIGGER,,1116,2026-09-03T04:22:53.368864Z,100,,,"['100005124', '354', '386', '389', '357', '359', '392', '100011533', '382']",False,2026-09-03T04:22:26.5372894Z,COMPLETED,False,0a6639c7-902a-1167-8193-5327d0ae03b3,100,TRIGGER,,1116,bruser_agel007,False,PUBLIC
f36fa1e5-d329-452c-b035-42b237a47c5b,BOT,0,PVSyst_TriggerBot.2026.09.02.13.56.29.bruser_agel007,PRIORITY_MEDIUM,,,True,runTask,1116,2026-09-02T13:56:30.337132Z,PVSyst_TriggerBot,100,8289c7f1-1ffd-4891-8a09-689fbaec0e26,,,100013828,DT-1001-G62J7W3,2026-09-03T04:22:22.1487781Z,,,,427692,PVSyst_TriggerBot,,TRIGGER,,1116,2026-09-03T04:22:31.510319Z,100,,,"['100005124', '354', '386', '389', '357', '359', '392', '100011533', '382']",False,2026-09-03T04:22:04.6390171Z,COMPLETED,False,0a6639c7-902a-1167-8193-5327d0ae03b3,100,TRIGGER,,1116,bruser_agel007,False,PUBLIC
aaf7d0bf-fdd8-4e8b-815c-aed7d49d3812,BOT,0,PVSyst_TriggerBot.2026.09.02.13.56.29.bruser_agel007,PRIORITY_MEDIUM,,,True,runTask,1116,2026-09-02T13:56:30.046716Z,PVSyst_TriggerBot,100,cc83311e-3b4d-42db-a378-2aa66b078831,,,100013828,DT-1001-G62J7W3,2026-09-03T04:21:59.988409Z,,,,427692,PVSyst_TriggerBot,,TRIGGER,,1116,2026-09-03T04:22:09.337189Z,100,,,"['100005124', '354', '386', '389', '357', '359', '392', '100011533', '382']",False,2026-09-03T04:21:42.5379706Z,COMPLETED,False,0a6639c7-902a-1167-8193-5327d0ae03b3,100,TRIGGER,,1116,bruser_agel007,False,PUBLIC
4c068351-4225-49bc-9235-10e9808da9f5,BOT,0,PVSyst_TriggerBot.2026.09.02.13.56.29.bruser_agel007,PRIORITY_MEDIUM,,,True,runTask,1116,2026-09-02T13:56:29.632411Z,PVSyst_TriggerBot,100,8f45daca-97b6-4071-aa5a-66de60cb7d03,,,100013828,DT-1001-G62J7W3,2026-09-03T04:21:38.2355463Z,,,,427692,PVSyst_TriggerBot,,TRIGGER,,1116,2026-09-03T04:21:47.577639Z,100,,,"['100005124', '354', '386', '389', '357', '359', '392', '100011533', '382']",False,2026-09-03T04:21:17.2708543Z,COMPLETED,False,0a6639c7-902a-1167-8193-5327d0ae03b3,100,TRIGGER,,1116,bruser_agel007,False,PUBLIC
dab332b4-4ffb-4e35-b1db-3cc46ddfabfa,BOT,0,PVSyst_TriggerBot.2026.09.02.13.56.28.bruser_agel007,PRIORITY_MEDIUM,,,True,runTask,1116,2026-09-02T13:56:29.41667Z,PVSyst_TriggerBot,100,e23bde37-5c1a-49d0-9466-215414bea8c5,,,100013828,DT-1001-G62J7W3,2026-09-03T04:21:11.2126649Z,,,,427692,PVSyst_TriggerBot,,TRIGGER,,1116,2026-09-03T04:21:20.565813Z,100,,,"['100005124', '354', '386', '389', '357', '359', '392', '100011533', '382']",False,2026-09-03T04:20:50.5285014Z,COMPLETED,False,0a6639c7-902a-1167-8193-5327d0ae03b3,100,TRIGGER,,1116,bruser_agel007,False,PUBLIC
3be921bc-bcee-424f-a81a-098d6138dfb5,BOT,0,PVSyst_TriggerBot.2026.09.02.13.56.28.bruser_agel007,PRIORITY_MEDIUM,,,True,runTask,1116,2026-09-02T13:56:29.04525Z,PVSyst_TriggerBot,100,ae1c2e37-7e61-4148-84ad-5edcfd6be2f9,,,100013828,DT-1001-G62J7W3,2026-09-03T04:20:46.520618Z,,,,427692,PVSyst_TriggerBot,,TRIGGER,,1116,2026-09-03T04:20:55.881089Z,100,,,"['100005124', '354', '386', '389', '357', '359', '392', '100011533', '382']",False,2026-09-03T04:20:26.6909789Z,COMPLETED,False,0a6639c7-902a-1167-8193-5327d0ae03b3,100,TRIGGER,,1116,bruser_agel007,False,PUBLIC
8683f7b9-08d9-4dd8-81b4-40e5719a7ec4,BOT,0,PVSyst_TriggerBot.2026.09.02.13.56.28.bruser_agel007,PRIORITY_MEDIUM,,,True,runTask,1116,2026-09-02T13:56:28.781609Z,PVSyst_TriggerBot,100,ee95f89f-054a-42a5-9221-6d7e92a3beeb,,,100013828,DT-1001-G62J7W3,2026-09-03T04:20:23.1664463Z,,,,427692,PVSyst_TriggerBot,,TRIGGER,,1116,2026-09-03T04:20:32.514938Z,100,,,"['100005124', '354', '386', '389', '357', '359', '392', '100011533', '382']",False,2026-09-03T04:20:04.7011096Z,COMPLETED,False,0a6639c7-902a-1167-8193-5327d0ae03b3,100,TRIGGER,,1116,bruser_agel007,False,PUBLIC
82b2e4c4-3079-42b4-bc55-b62212d6093a,BOT,0,PVSyst_TriggerBot.2026.09.02.13.56.27.bruser_agel007,PRIORITY_MEDIUM,,,True,runTask,1116,2026-09-02T13:56:28.439573Z,PVSyst_TriggerBot,100,2355a245-1069-4f65-85d0-d630697469ba,,,100013828,DT-1001-G62J7W3,2026-09-03T04:20:01.2548142Z,,,,427692,PVSyst_TriggerBot,,TRIGGER,,1116,2026-09-03T04:20:10.599075Z,100,,,"['100005124', '354', '386', '389', '357', '359', '392', '100011533', '382']",False,2026-09-03T04:19:40.5359029Z,COMPLETED,False,0a6639c7-902a-1167-8193-5327d0ae03b3,100,TRIGGER,,1116,bruser_agel007,False,PUBLIC
f21237ed-bad3-49f7-b355-c3889350f489,BOT,0,PVSyst_TriggerBot.2026.09.02.13.56.27.bruser_agel007,PRIORITY_MEDIUM,,,True,runTask,1116,2026-09-02T13:56:28.25974Z,PVSyst_TriggerBot,100,4449044b-2efd-4080-b9e6-c418688c57c2,,,100013828,DT-1001-G62J7W3,2026-09-03T04:19:36.4272658Z,,,,427692,PVSyst_TriggerBot,,TRIGGER,,1116,2026-09-03T04:19:45.786776Z,100,,,"['100005124', '354', '386', '389', '357', '359', '392', '100011533', '382']",False,2026-09-03T04:19:16.6314831Z,COMPLETED,False,0a6639c7-902a-1167-8193-5327d0ae03b3,100,TRIGGER,,1116,bruser_agel007,False,PUBLIC
2766025b-8e0b-4697-92d9-a5298d95a07c,BOT,0,PVSyst_TriggerBot.2026.09.02.13.56.27.bruser_agel007,PRIORITY_MEDIUM,,,True,runTask,1116,2026-09-02T13:56:28.019741Z,PVSyst_TriggerBot,100,205b0417-6c66-416d-b935-e6724f23a6c9,,,100013828,DT-1001-G62J7W3,2026-09-03T04:19:13.2535845Z,,,,427692,PVSyst_TriggerBot,,TRIGGER,,1116,2026-09-03T04:19:22.606552Z,100,,,"['100005124', '354', '386', '389', '357', '359', '392', '100011533', '382']",False,2026-09-03T04:18:54.6812463Z,COMPLETED,False,0a6639c7-902a-1167-8193-5327d0ae03b3,100,TRIGGER,,1116,bruser_agel007,False,PUBLIC
c2e6d482-3675-4693-8365-71989be16767,BOT,0,PVSyst_TriggerBot.2026.09.02.13.56.27.bruser_agel007,PRIORITY_MEDIUM,,,True,runTask,1116,2026-09-02T13:56:27.661826Z,PVSyst_TriggerBot,100,690b1335-9cee-4bee-8292-539356554438,,,100013828,DT-1001-G62J7W3,2026-09-03T04:18:50.3909816Z,,,,427692,PVSyst_TriggerBot,,TRIGGER,,1116,2026-09-03T04:18:59.745283Z,100,,,"['100005124', '354', '386', '389', '357', '359', '392', '100011533', '382']",False,2026-09-03T04:18:32.5371111Z,COMPLETED,False,0a6639c7-902a-1167-8193-5327d0ae03b3,100,TRIGGER,,1116,bruser_agel007,False,PUBLIC
728b487b-67f6-47a4-8120-8a0661d2a4d5,BOT,0,PVSyst_TriggerBot.2026.09.02.13.56.26.bruser_agel007,PRIORITY_MEDIUM,,,True,runTask,1116,2026-09-02T13:56:27.287081Z,PVSyst_TriggerBot,100,2ef69db3-c832-40b4-9819-4ce9dc6228b7,,,100013828,DT-1001-G62J7W3,2026-09-03T04:18:28.9600533Z,,,,427692,PVSyst_TriggerBot,,TRIGGER,,1116,2026-09-03T04:18:38.30576Z,100,,,"['100005124', '354', '386', '389', '357', '359', '392', '100011533', '382']",False,2026-09-03T04:18:09.0872367Z,COMPLETED,False,0a6639c7-902a-1167-8193-5327d0ae03b3,100,TRIGGER,,1116,bruser_agel007,False,PUBLIC
bb571d5b-a1cd-43e3-bcac-f22d0a3546b5,BOT,0,PVSyst_TriggerBot.2026.09.02.13.56.26.bruser_agel007,PRIORITY_MEDIUM,,,True,runTask,1116,2026-09-02T13:56:27.113516Z,PVSyst_TriggerBot,100,da63406d-106f-4c6c-8a85-71ebad586cb3,,,100013828,DT-1001-G62J7W3,2026-09-03T04:18:05.2659499Z,,,,427692,PVSyst_TriggerBot,,TRIGGER,,1116,2026-09-03T04:18:14.605253Z,100,,,"['100005124', '354', '386', '389', '357', '359', '392', '100011533', '382']",False,2026-09-03T04:17:46.6371751Z,COMPLETED,False,0a6639c7-902a-1167-8193-5327d0ae03b3,100,TRIGGER,,1116,bruser_agel007,False,PUBLIC
d4c4b8e1-bdaf-429c-802d-1c9b6ec2861b,BOT,0,PVSyst_TriggerBot.2026.09.02.13.56.26.bruser_agel007,PRIORITY_MEDIUM,,,True,runTask,1116,2026-09-02T13:56:26.714762Z,PVSyst_TriggerBot,100,9abd8815-5908-42ae-b703-beb5e5cad655,,,100013828,DT-1001-G62J7W3,2026-09-03T04:17:42.364702Z,,,,427692,PVSyst_TriggerBot,,TRIGGER,,1116,2026-09-03T04:17:51.703821Z,100,,,"['100005124', '354', '386', '389', '357', '359', '392', '100011533', '382']",False,2026-09-03T04:17:24.684149Z,COMPLETED,False,0a6639c7-902a-1167-8193-5327d0ae03b3,100,TRIGGER,,1116,bruser_agel007,False,PUBLIC
6e5b8094-3bda-43a5-ad92-5ba0f02b045e,BOT,0,PVSyst_TriggerBot.2026.09.02.13.56.25.bruser_agel007,PRIORITY_MEDIUM,,,True,runTask,1116,2026-09-02T13:56:26.425297Z,PVSyst_TriggerBot,100,2deecddc-539f-4e92-836a-f12ca28ea5cb,,,100013828,DT-1001-G62J7W3,2026-09-03T04:17:20.7875492Z,,,,427692,PVSyst_TriggerBot,,TRIGGER,,1116,2026-09-03T04:17:30.145617Z,100,,,"['100005124', '354', '386', '389', '357', '359', '392', '100011533', '382']",False,2026-09-03T04:17:00.7423428Z,COMPLETED,False,0a6639c7-902a-1167-8193-5327d0ae03b3,100,TRIGGER,,1116,bruser_agel007,False,PUBLIC
d89da237-4902-4aaf-baa2-7cdf5692e264,BOT,0,PVSyst_TriggerBot_03.2026.09.02.18.00.20.bruser_agel006,PRIORITY_MEDIUM,,,True,assign,1115,2026-09-02T18:00:21.440302Z,PVSyst_TriggerBot_03,100,ffa97306-b1a0-4c46-8ec5-d6cb1ba837cb,,,100007253,DT-1001-7B3NM24,2026-09-03T04:16:57.8175493Z,,,,427701,PVSyst_TriggerBot_03,,TRIGGER,,1115,2026-09-03T04:16:57.969465Z,100,,,"['100005124', '354', '386', '389', '357', '359', '392', '100011533', '382']",False,2026-09-03T04:16:55.9764672Z,COMPLETED,False,0a6639c7-902a-1167-8193-5327d0ae03b3,100,TRIGGER,,1115,bruser_agel006,False,PUBLIC
d0cb6a8e-fcf0-47cc-b4bb-611e5ecce525,BOT,0,PVSyst_TriggerBot.2026.09.02.13.56.25.bruser_agel007,PRIORITY_MEDIUM,,,True,runTask,1116,2026-09-02T13:56:26.163125Z,PVSyst_TriggerBot,100,2e80e21d-af8f-496e-b878-125751218483,,,100013828,DT-1001-G62J7W3,2026-09-03T04:16:55.371102Z,,,,427692,PVSyst_TriggerBot,,TRIGGER,,1116,2026-09-03T04:17:04.712498Z,100,,,"['100005124', '354', '386', '389', '357', '359', '392', '100011533', '382']",False,2026-09-03T04:16:36.7433819Z,COMPLETED,False,0a6639c7-902a-1167-8193-5327d0ae03b3,100,TRIGGER,,1116,bruser_agel007,False,PUBLIC
a9ce408b-6810-4ab0-9d5c-da2957e39584,BOT,0,PVSyst_TriggerBot_03.2026.09.02.18.00.20.bruser_agel006,PRIORITY_MEDIUM,,,True,assign,1115,2026-09-02T18:00:21.142934Z,PVSyst_TriggerBot_03,100,43a21d0a-ff88-419d-a587-8c1488989c25,,,100007253,DT-1001-7B3NM24,2026-09-03T04:16:52.0305122Z,,,,427701,PVSyst_TriggerBot_03,,TRIGGER,,1115,2026-09-03T04:16:52.176737Z,100,,,"['100005124', '354', '386', '389', '357', '359', '392', '100011533', '382']",False,2026-09-03T04:16:49.9786217Z,COMPLETED,False,0a6639c7-902a-1167-8193-5327d0ae03b3,100,TRIGGER,,1115,bruser_agel006,False,PUBLIC
1a7443b8-015b-44d1-98d0-b81b380138e4,BOT,0,PVSyst_TriggerBot_03.2026.09.02.18.00.20.bruser_agel006,PRIORITY_MEDIUM,,,True,assign,1115,2026-09-02T18:00:20.847897Z,PVSyst_TriggerBot_03,100,d96d5f45-cf99-4239-b20d-f25ad33ac901,,,100007253,DT-1001-7B3NM24,2026-09-03T04:16:45.8388496Z,,,,427701,PVSyst_TriggerBot_03,,TRIGGER,,1115,2026-09-03T04:16:45.97632Z,100,,,"['100005124', '354', '386', '389', '357', '359', '392', '100011533', '382']",False,2026-09-03T04:16:43.8028589Z,COMPLETED,False,0a6639c7-902a-1167-8193-5327d0ae03b3,100,TRIGGER,,1115,bruser_agel006,False,PUBLIC
b7da7235-da58-4f05-81de-a33b9f43e793,BOT,0,PVSyst_TriggerBot_03.2026.09.02.18.00.20.bruser_agel006,PRIORITY_MEDIUM,,,True,assign,1115,2026-09-02T18:00:20.562151Z,PVSyst_TriggerBot_03,100,227131b3-320b-40e5-b719-537df3c6e27c,,,100007253,DT-1001-7B3NM24,2026-09-03T04:16:39.6560624Z,,,,427701,PVSyst_TriggerBot_03,,TRIGGER,,1115,2026-09-03T04:16:39.793377Z,100,,,"['100005124', '354', '386', '389', '357', '359', '392', '100011533', '382']",False,2026-09-03T04:16:37.8256951Z,COMPLETED,False,0a6639c7-902a-1167-8193-5327d0ae03b3,100,TRIGGER,,1115,bruser_agel006,False,PUBLIC
9707a628-8281-452c-bae9-efd507b18e9b,BOT,0,PVSyst_TriggerBot_03.2026.09.02.18.00.19.bruser_agel006,PRIORITY_MEDIUM,,,True,assign,1115,2026-09-02T18:00:20.343693Z,PVSyst_TriggerBot_03,100,ed487ba7-9d4a-442a-9982-1c582603d1d5,,,100007253,DT-1001-7B3NM24,2026-09-03T04:16:33.863078Z,,,,427701,PVSyst_TriggerBot_03,,TRIGGER,,1115,2026-09-03T04:16:33.999609Z,100,,,"['100005124', '354', '386', '389', '357', '359', '392', '100011533', '382']",False,2026-09-03T04:16:31.9662611Z,COMPLETED,False,0a6639c7-902a-1167-8193-5327d0ae03b3,100,TRIGGER,,1115,bruser_agel006,False,PUBLIC
6e45f8cc-6a89-43e1-a59c-de49ce909e41,BOT,0,PVSyst_TriggerBot.2026.09.02.13.56.25.bruser_agel007,PRIORITY_MEDIUM,,,True,runTask,1116,2026-09-02T13:56:25.828031Z,PVSyst_TriggerBot,100,4cea2240-c2b7-4d2f-b934-446ee6e0f6e1,,,100013828,DT-1001-G62J7W3,2026-09-03T04:16:32.231667Z,,,,427692,PVSyst_TriggerBot,,TRIGGER,,1116,2026-09-03T04:16:41.590221Z,100,,,"['100005124', '354', '386', '389', '357', '359', '392', '100011533', '382']",False,2026-09-03T04:16:14.7171228Z,COMPLETED,False,0a6639c7-902a-1167-8193-5327d0ae03b3,100,TRIGGER,,1116,bruser_agel007,False,PUBLIC
d2350019-85e0-4230-8bca-0b92cdf728d2,BOT,0,PVSyst_TriggerBot_03.2026.09.02.18.00.19.bruser_agel006,PRIORITY_MEDIUM,,,True,assign,1115,2026-09-02T18:00:20.004783Z,PVSyst_TriggerBot_03,100,612562a6-772b-409d-b9a7-9b7d2daedaf1,,,100007253,DT-1001-7B3NM24,2026-09-03T04:16:27.8494367Z,,,,427701,PVSyst_TriggerBot_03,,TRIGGER,,1115,2026-09-03T04:16:27.995231Z,100,,,"['100005124', '354', '386', '389', '357', '359', '392', '100011533', '382']",False,2026-09-03T04:16:25.88288Z,COMPLETED,False,0a6639c7-902a-1167-8193-5327d0ae03b3,100,TRIGGER,,1115,bruser_agel006,False,PUBLIC
c0db62bd-a7f1-4427-a64c-24fe97961e02,BOT,0,PVSyst_TriggerBot_03.2026.09.02.18.00.19.bruser_agel006,PRIORITY_MEDIUM,,,True,assign,1115,2026-09-02T18:00:19.70686Z,PVSyst_TriggerBot_03,100,ed7ac9e1-5bac-4b3b-bafb-dc862472eff9,,,100007253,DT-1001-7B3NM24,2026-09-03T04:16:21.8706746Z,,,,427701,PVSyst_TriggerBot_03,,TRIGGER,,1115,2026-09-03T04:16:22.008566Z,100,,,"['100005124', '354', '386', '389', '357', '359', '392', '100011533', '382']",False,2026-09-03T04:16:19.9018911Z,COMPLETED,False,0a6639c7-902a-1167-8193-5327d0ae03b3,100,TRIGGER,,1115,bruser_agel006,False,PUBLIC
fb8387a1-4f08-4144-9cd3-3445e9701d3a,BOT,0,PVSyst_TriggerBot_03.2026.09.02.18.00.18.bruser_agel006,PRIORITY_MEDIUM,,,True,assign,1115,2026-09-02T18:00:19.377629Z,PVSyst_TriggerBot_03,100,9cb516cc-2db7-49e1-a61a-8aeb806d8c32,,,100007253,DT-1001-7B3NM24,2026-09-03T04:16:15.9328904Z,,,,427701,PVSyst_TriggerBot_03,,TRIGGER,,1115,2026-09-03T04:16:16.082533Z,100,,,"['100005124', '354', '386', '389', '357', '359', '392', '100011533', '382']",False,2026-09-03T04:16:13.9718585Z,COMPLETED,False,0a6639c7-902a-1167-8193-5327d0ae03b3,100,TRIGGER,,1115,bruser_agel006,False,PUBLIC
40acfb3a-a05c-4c0a-b13c-45709534bda1,BOT,0,PVSyst_TriggerBot.2026.09.02.13.56.24.bruser_agel007,PRIORITY_MEDIUM,,,True,runTask,1116,2026-09-02T13:56:25.476532Z,PVSyst_TriggerBot,100,98c8bae2-22a5-44a8-b923-e55be88d7708,,,100013828,DT-1001-G62J7W3,2026-09-03T04:16:10.5699237Z,,,,427692,PVSyst_TriggerBot,,TRIGGER,,1116,2026-09-03T04:16:19.914486Z,100,,,"['100005124', '354', '386', '389', '357', '359', '392', '100011533', '382']",False,2026-09-03T04:15:50.707895Z,COMPLETED,False,0a6639c7-902a-1167-8193-5327d0ae03b3,100,TRIGGER,,1116,bruser_agel007,False,PUBLIC
adeb34b8-a07d-4b6b-b695-6c80e975e363,BOT,0,PVSyst_TriggerBot_03.2026.09.02.18.00.18.bruser_agel006,PRIORITY_MEDIUM,,,True,assign,1115,2026-09-02T18:00:19.160724Z,PVSyst_TriggerBot_03,100,09d2aa7a-c8c3-4a8f-8220-ca3beda2eb44,,,100007253,DT-1001-7B3NM24,2026-09-03T04:16:10.4805768Z,,,,427701,PVSyst_TriggerBot_03,,TRIGGER,,1115,2026-09-03T04:16:10.618522Z,100,,,"['100005124', '354', '386', '389', '357', '359', '392', '100011533', '382']",False,2026-09-03T04:16:08.225414Z,COMPLETED,False,0a6639c7-902a-1167-8193-5327d0ae03b3,100,TRIGGER,,1115,bruser_agel006,False,PUBLIC
1e03a529-5a00-476b-bac6-c827aa219e38,BOT,0,PVSyst_TriggerBot_03.2026.09.02.18.00.18.bruser_agel006,PRIORITY_MEDIUM,,,True,assign,1115,2026-09-02T18:00:18.806019Z,PVSyst_TriggerBot_03,100,b08a3282-0e0f-45d3-866d-09a76b21baaf,,,100007253,DT-1001-7B3NM24,2026-09-03T04:16:04.3611844Z,,,,427701,PVSyst_TriggerBot_03,,TRIGGER,,1115,2026-09-03T04:16:04.499241Z,100,,,"['100005124', '354', '386', '389', '357', '359', '392', '100011533', '382']",False,2026-09-03T04:16:02.0923301Z,COMPLETED,False,0a6639c7-902a-1167-8193-5327d0ae03b3,100,TRIGGER,,1115,bruser_agel006,False,PUBLIC
8f71c14c-70a2-43ec-afea-335932510c4b,BOT,0,PVSyst_TriggerBot_03.2026.09.02.18.00.17.bruser_agel006,PRIORITY_MEDIUM,,,True,assign,1115,2026-09-02T18:00:18.498749Z,PVSyst_TriggerBot_03,100,0d67c087-ee80-4435-8f05-71485b3e8a15,,,100007253,DT-1001-7B3NM24,2026-09-03T04:15:58.2491881Z,,,,427701,PVSyst_TriggerBot_03,,TRIGGER,,1115,2026-09-03T04:15:58.398723Z,100,,,"['100005124', '354', '386', '389', '357', '359', '392', '100011533', '382']",False,2026-09-03T04:15:55.9738756Z,COMPLETED,False,0a6639c7-902a-1167-8193-5327d0ae03b3,100,TRIGGER,,1115,bruser_agel006,False,PUBLIC
78f92c37-6a35-408b-a37a-83e8e1ef2e3e,BOT,0,PVSyst_TriggerBot_03.2026.09.02.18.00.17.bruser_agel006,PRIORITY_MEDIUM,,,True,assign,1115,2026-09-02T18:00:18.219937Z,PVSyst_TriggerBot_03,100,0f6ccddb-84ac-4ad8-84a4-f601a658ed41,,,100007253,DT-1001-7B3NM24,2026-09-03T04:15:51.894387Z,,,,427701,PVSyst_TriggerBot_03,,TRIGGER,,1115,2026-09-03T04:15:52.027153Z,100,,,"['100005124', '354', '386', '389', '357', '359', '392', '100011533', '382']",False,2026-09-03T04:15:49.9083689Z,COMPLETED,False,0a6639c7-902a-1167-8193-5327d0ae03b3,100,TRIGGER,,1115,bruser_agel006,False,PUBLIC
f5e2634d-c1f8-42d6-9002-9403818bb710,BOT,0,PVSyst_TriggerBot.2026.09.02.13.56.24.bruser_agel007,PRIORITY_MEDIUM,,,True,runTask,1116,2026-09-02T13:56:25.254539Z,PVSyst_TriggerBot,100,db6e532d-87f6-43cd-8df8-ad36e0738983,,,100013828,DT-1001-G62J7W3,2026-09-03T04:15:46.0106209Z,,,,427692,PVSyst_TriggerBot,,TRIGGER,,1116,2026-09-03T04:15:55.384329Z,100,,,"['100005124', '354', '386', '389', '357', '359', '392', '100011533', '382']",False,2026-09-03T04:15:27.2033202Z,COMPLETED,False,0a6639c7-902a-1167-8193-5327d0ae03b3,100,TRIGGER,,1116,bruser_agel007,False,PUBLIC
d2455d5c-0e61-4325-a3a2-c9d7e8a38863,BOT,0,PVSyst_TriggerBot_03.2026.09.02.18.00.17.bruser_agel006,PRIORITY_MEDIUM,,,True,assign,1115,2026-09-02T18:00:17.924049Z,PVSyst_TriggerBot_03,100,becd120a-d692-4cb5-a7c3-c3c2ce3988c1,,,100007253,DT-1001-7B3NM24,2026-09-03T04:15:45.9934236Z,,,,427701,PVSyst_TriggerBot_03,,TRIGGER,,1115,2026-09-03T04:15:46.135359Z,100,,,"['100005124', '354', '386', '389', '357', '359', '392', '100011533', '382']",False,2026-09-03T04:15:44.0250952Z,COMPLETED,False,0a6639c7-902a-1167-8193-5327d0ae03b3,100,TRIGGER,,1115,bruser_agel006,False,PUBLIC
5dafa8a7-a111-4cbe-a87b-c1a311380a43,BOT,0,PVSyst_TriggerBot_03.2026.09.02.18.00.17.bruser_agel006,PRIORITY_MEDIUM,,,True,assign,1115,2026-09-02T18:00:17.618223Z,PVSyst_TriggerBot_03,100,522d3848-1f6b-42de-b67d-d717ee13575a,,,100007253,DT-1001-7B3NM24,2026-09-03T04:15:39.9317031Z,,,,427701,PVSyst_TriggerBot_03,,TRIGGER,,1115,2026-09-03T04:15:40.08211Z,100,,,"['100005124', '354', '386', '389', '357', '359', '392', '100011533', '382']",False,2026-09-03T04:15:37.9091259Z,COMPLETED,False,0a6639c7-902a-1167-8193-5327d0ae03b3,100,TRIGGER,,1115,bruser_agel006,False,PUBLIC
30e122df-f138-4496-a48a-892900d40fa1,BOT,0,PVSyst_TriggerBot_03.2026.09.02.18.00.16.bruser_agel006,PRIORITY_MEDIUM,,,True,assign,1115,2026-09-02T18:00:17.389136Z,PVSyst_TriggerBot_03,100,474f2bfe-6169-44a4-b8c8-79f5290cad21,,,100007253,DT-1001-7B3NM24,2026-09-03T04:15:33.8437193Z,,,,427701,PVSyst_TriggerBot_03,,TRIGGER,,1115,2026-09-03T04:15:34.016013Z,100,,,"['100005124', '354', '386', '389', '357', '359', '392', '100011533', '382']",False,2026-09-03T04:15:31.9947398Z,COMPLETED,False,0a6639c7-902a-1167-8193-5327d0ae03b3,100,TRIGGER,,1115,bruser_agel006,False,PUBLIC
706b3449-51b7-4105-9e36-8ab48353fc35,BOT,0,PVSyst_TriggerBot_03.2026.09.02.18.00.16.bruser_agel006,PRIORITY_MEDIUM,,,True,assign,1115,2026-09-02T18:00:17.046807Z,PVSyst_TriggerBot_03,100,aaf3e8b9-19d1-45f5-9dee-d634cc17a19c,,,100007253,DT-1001-7B3NM24,2026-09-03T04:15:27.756277Z,,,,427701,PVSyst_TriggerBot_03,,TRIGGER,,1115,2026-09-03T04:15:27.89256Z,100,,,"['100005124', '354', '386', '389', '357', '359', '392', '100011533', '382']",False,2026-09-03T04:15:25.9055566Z,COMPLETED,False,0a6639c7-902a-1167-8193-5327d0ae03b3,100,TRIGGER,,1115,bruser_agel006,False,PUBLIC
8fbb553d-aa59-4613-9f95-61a7881e9706,BOT,0,PVSyst_TriggerBot.2026.09.02.13.56.24.bruser_agel007,PRIORITY_MEDIUM,,,True,runTask,1116,2026-09-02T13:56:24.948056Z,PVSyst_TriggerBot,100,36ecb9db-6ef8-4b80-86aa-19405003b24a,,,100013828,DT-1001-G62J7W3,2026-09-03T04:15:23.2344901Z,,,,427692,PVSyst_TriggerBot,,TRIGGER,,1116,2026-09-03T04:15:32.575315Z,100,,,"['100005124', '354', '386', '389', '357', '359', '392', '100011533', '382']",False,2026-09-03T04:15:02.5738852Z,COMPLETED,False,0a6639c7-902a-1167-8193-5327d0ae03b3,100,TRIGGER,,1116,bruser_agel007,False,PUBLIC
974c24ac-2d06-4fd0-a3e4-ae87aa633778,BOT,0,PVSyst_TriggerBot_03.2026.09.02.18.00.16.bruser_agel006,PRIORITY_MEDIUM,,,True,assign,1115,2026-09-02T18:00:16.776761Z,PVSyst_TriggerBot_03,100,0481bf5d-39ac-4fea-8e6c-5783c7fb503d,,,100007253,DT-1001-7B3NM24,2026-09-03T04:15:21.6268168Z,,,,427701,PVSyst_TriggerBot_03,,TRIGGER,,1115,2026-09-03T04:15:21.756191Z,100,,,"['100005124', '354', '386', '389', '357', '359', '392', '100011533', '382']",False,2026-09-03T04:15:19.8291894Z,COMPLETED,False,0a6639c7-902a-1167-8193-5327d0ae03b3,100,TRIGGER,,1115,bruser_agel006,False,PUBLIC
b4590f06-7d64-4564-a039-c3f1c7f0c5b1,BOT,0,PVSyst_TriggerBot_03.2026.09.02.18.00.15.bruser_agel006,PRIORITY_MEDIUM,,,True,assign,1115,2026-09-02T18:00:16.449427Z,PVSyst_TriggerBot_03,100,083532e9-326e-440e-89c2-60cb46775e32,,,100007253,DT-1001-7B3NM24,2026-09-03T04:15:15.9953931Z,,,,427701,PVSyst_TriggerBot_03,,TRIGGER,,1115,2026-09-03T04:15:16.147134Z,100,,,"['100005124', '354', '386', '389', '357', '359', '392', '100011533', '382']",False,2026-09-03T04:15:13.9079228Z,COMPLETED,False,0a6639c7-902a-1167-8193-5327d0ae03b3,100,TRIGGER,,1115,bruser_agel006,False,PUBLIC
c7e15f91-3d7f-46a4-a616-b6ecdce3693b,BOT,0,PVSyst_TriggerBot_03.2026.09.02.18.00.15.bruser_agel006,PRIORITY_MEDIUM,,,True,assign,1115,2026-09-02T18:00:16.168145Z,PVSyst_TriggerBot_03,100,26e3c336-5105-4737-bde0-67aec97bfb45,,,100007253,DT-1001-7B3NM24,2026-09-03T04:15:09.8793112Z,,,,427701,PVSyst_TriggerBot_03,,TRIGGER,,1115,2026-09-03T04:15:10.025018Z,100,,,"['100005124', '354', '386', '389', '357', '359', '392', '100011533', '382']",False,2026-09-03T04:15:07.9079305Z,COMPLETED,False,0a6639c7-902a-1167-8193-5327d0ae03b3,100,TRIGGER,,1115,bruser_agel006,False,PUBLIC
e2db12f1-0c80-4110-be66-44b286f8c230,BOT,0,PVSyst_TriggerBot_03.2026.09.02.18.00.15.bruser_agel006,PRIORITY_MEDIUM,,,True,assign,1115,2026-09-02T18:00:15.89357Z,PVSyst_TriggerBot_03,100,76597009-41cc-4570-a8d8-8e053751524b,,,100007253,DT-1001-7B3NM24,2026-09-03T04:15:04.10067Z,,,,427701,PVSyst_TriggerBot_03,,TRIGGER,,1115,2026-09-03T04:15:04.237423Z,100,,,"['100005124', '354', '386', '389', '357', '359', '392', '100011533', '382']",False,2026-09-03T04:15:01.9257054Z,COMPLETED,False,0a6639c7-902a-1167-8193-5327d0ae03b3,100,TRIGGER,,1115,bruser_agel006,False,PUBLIC
60878913-393d-47bf-9654-40be306f6bfc,BOT,0,PVSyst_TriggerBot.2026.09.02.13.56.24.bruser_agel007,PRIORITY_MEDIUM,,,True,runTask,1116,2026-09-02T13:56:24.531745Z,PVSyst_TriggerBot,100,4414e09e-169d-4ed4-be28-3ce47bb3e09a,,,100013828,DT-1001-G62J7W3,2026-09-03T04:14:58.3982311Z,,,,427692,PVSyst_TriggerBot,,TRIGGER,,1116,2026-09-03T04:15:07.7325Z,100,,,"['100005124', '354', '386', '389', '357', '359', '392', '100011533', '382']",False,2026-09-03T04:14:38.6265113Z,COMPLETED,False,0a6639c7-902a-1167-8193-5327d0ae03b3,100,TRIGGER,,1116,bruser_agel007,False,PUBLIC
ec4b89db-9164-42a6-8c15-ff50c1b1dc7f,BOT,0,PVSyst_TriggerBot_03.2026.09.02.18.00.15.bruser_agel006,PRIORITY_MEDIUM,,,True,assign,1115,2026-09-02T18:00:15.616179Z,PVSyst_TriggerBot_03,100,7d8ce44e-1561-4aa7-8cc5-f78f7cafa4ff,,,100007253,DT-1001-7B3NM24,2026-09-03T04:14:57.981836Z,,,,427701,PVSyst_TriggerBot_03,,TRIGGER,,1115,2026-09-03T04:14:58.129777Z,100,,,"['100005124', '354', '386', '389', '357', '359', '392', '100011533', '382']",False,2026-09-03T04:14:55.852272Z,COMPLETED,False,0a6639c7-902a-1167-8193-5327d0ae03b3,100,TRIGGER,,1115,bruser_agel006,False,PUBLIC
5ceab336-b9ba-4944-892e-4a46f09584a3,BOT,0,PVSyst_TriggerBot_03.2026.09.02.18.00.14.bruser_agel006,PRIORITY_MEDIUM,,,True,assign,1115,2026-09-02T18:00:15.323746Z,PVSyst_TriggerBot_03,100,8477ccba-4dc2-4b4b-88fb-06aab01b0b88,,,100007253,DT-1001-7B3NM24,2026-09-03T04:14:51.977317Z,,,,427701,PVSyst_TriggerBot_03,,TRIGGER,,1115,2026-09-03T04:14:52.119646Z,100,,,"['100005124', '354', '386', '389', '357', '359', '392', '100011533', '382']",False,2026-09-03T04:14:49.9441545Z,COMPLETED,False,0a6639c7-902a-1167-8193-5327d0ae03b3,100,TRIGGER,,1115,bruser_agel006,False,PUBLIC
b21b3534-e3d6-4012-bd57-50139f698744,BOT,0,PVSyst_TriggerBot_03.2026.09.02.18.00.14.bruser_agel006,PRIORITY_MEDIUM,,,True,assign,1115,2026-09-02T18:00:15.067851Z,PVSyst_TriggerBot_03,100,48c21c47-4957-4159-8644-778a4a8d24cc,,,100007253,DT-1001-7B3NM24,2026-09-03T04:14:45.9401573Z,,,,427701,PVSyst_TriggerBot_03,,TRIGGER,,1115,2026-09-03T04:14:46.09029Z,100,,,"['100005124', '354', '386', '389', '357', '359', '392', '100011533', '382']",False,2026-09-03T04:14:43.9957876Z,COMPLETED,False,0a6639c7-902a-1167-8193-5327d0ae03b3,100,TRIGGER,,1115,bruser_agel006,False,PUBLIC
61fa723b-6d18-46c2-b24b-7f51a2873d0b,BOT,0,PVSyst_TriggerBot_03.2026.09.02.18.00.14.bruser_agel006,PRIORITY_MEDIUM,,,True,assign,1115,2026-09-02T18:00:14.774905Z,PVSyst_TriggerBot_03,100,c4238c81-f371-4875-a54a-1b8eee65368e,,,100007253,DT-1001-7B3NM24,2026-09-03T04:14:39.8922235Z,,,,427701,PVSyst_TriggerBot_03,,TRIGGER,,1115,2026-09-03T04:14:40.041801Z,100,,,"['100005124', '354', '386', '389', '357', '359', '392', '100011533', '382']",False,2026-09-03T04:14:37.9013703Z,COMPLETED,False,0a6639c7-902a-1167-8193-5327d0ae03b3,100,TRIGGER,,1115,bruser_agel006,False,PUBLIC
e9a998ed-ca98-49e7-b853-b2105130d6fd,BOT,0,PVSyst_TriggerBot.2026.09.02.13.56.23.bruser_agel007,PRIORITY_MEDIUM,,,True,runTask,1116,2026-09-02T13:56:24.175152Z,PVSyst_TriggerBot,100,decd44c7-89c2-4c92-86f6-fb450d673b33,,,100013828,DT-1001-G62J7W3,2026-09-03T04:14:34.9018219Z,,,,427692,PVSyst_TriggerBot,,TRIGGER,,1116,2026-09-03T04:14:44.257177Z,100,,,"['100005124', '354', '386', '389', '357', '359', '392', '100011533', '382']",False,2026-09-03T04:14:16.5512908Z,COMPLETED,False,0a6639c7-902a-1167-8193-5327d0ae03b3,100,TRIGGER,,1116,bruser_agel007,False,PUBLIC
a13e9a98-d883-4484-9243-867093680f3a,BOT,0,PVSyst_TriggerBot_03.2026.09.02.18.00.13.bruser_agel006,PRIORITY_MEDIUM,,,True,assign,1115,2026-09-02T18:00:14.497524Z,PVSyst_TriggerBot_03,100,411c46fe-ef3d-48da-965d-0472f587fd75,,,100007253,DT-1001-7B3NM24,2026-09-03T04:14:33.9952266Z,,,,427701,PVSyst_TriggerBot_03,,TRIGGER,,1115,2026-09-03T04:14:34.187888Z,100,,,"['100005124', '354', '386', '389', '357', '359', '392', '100011533', '382']",False,2026-09-03T04:14:31.9177356Z,COMPLETED,False,0a6639c7-902a-1167-8193-5327d0ae03b3,100,TRIGGER,,1115,bruser_agel006,False,PUBLIC
a541284c-96d2-4dec-80e3-19b08c58b57d,BOT,0,PVSyst_TriggerBot_03.2026.09.02.18.00.13.bruser_agel006,PRIORITY_MEDIUM,,,True,assign,1115,2026-09-02T18:00:14.209731Z,PVSyst_TriggerBot_03,100,badad29f-a851-43ad-9391-f0d336e1fcfc,,,100007253,DT-1001-7B3NM24,2026-09-03T04:14:28.1017309Z,,,,427701,PVSyst_TriggerBot_03,,TRIGGER,,1115,2026-09-03T04:14:28.242691Z,100,,,"['100005124', '354', '386', '389', '357', '359', '392', '100011533', '382']",False,2026-09-03T04:14:25.9906061Z,COMPLETED,False,0a6639c7-902a-1167-8193-5327d0ae03b3,100,TRIGGER,,1115,bruser_agel006,False,PUBLIC
95bf135b-a679-4c29-a8f3-882fe047aa9b,BOT,0,PVSyst_TriggerBot_03.2026.09.02.18.00.13.bruser_agel006,PRIORITY_MEDIUM,,,True,assign,1115,2026-09-02T18:00:13.908772Z,PVSyst_TriggerBot_03,100,04955047-3887-4800-8201-24de4dd13b50,,,100007253,DT-1001-7B3NM24,2026-09-03T04:14:21.8503503Z,,,,427701,PVSyst_TriggerBot_03,,TRIGGER,,1115,2026-09-03T04:14:21.989254Z,100,,,"['100005124', '354', '386', '389', '357', '359', '392', '100011533', '382']",False,2026-09-03T04:14:19.9803788Z,COMPLETED,False,0a6639c7-902a-1167-8193-5327d0ae03b3,100,TRIGGER,,1115,bruser_agel006,False,PUBLIC
7a8dca71-4181-4803-84d7-57f09c2be90f,BOT,0,PVSyst_TriggerBot_03.2026.09.02.18.00.13.bruser_agel006,PRIORITY_MEDIUM,,,True,assign,1115,2026-09-02T18:00:13.637583Z,PVSyst_TriggerBot_03,100,c30a56cd-6808-4743-91eb-3c1acd8bbee5,,,100007253,DT-1001-7B3NM24,2026-09-03T04:14:15.8923204Z,,,,427701,PVSyst_TriggerBot_03,,TRIGGER,,1115,2026-09-03T04:14:16.03238Z,100,,,"['100005124', '354', '386', '389', '357', '359', '392', '100011533', '382']",False,2026-09-03T04:14:13.9749863Z,COMPLETED,False,0a6639c7-902a-1167-8193-5327d0ae03b3,100,TRIGGER,,1115,bruser_agel006,False,PUBLIC
93599cf0-ba30-4568-ae8a-b6052f0181fc,BOT,0,PVSyst_TriggerBot.2026.09.02.13.56.23.bruser_agel007,PRIORITY_MEDIUM,,,True,runTask,1116,2026-09-02T13:56:23.892281Z,PVSyst_TriggerBot,100,35f52697-30fb-4866-8bfd-16759acc9cbf,,,100013828,DT-1001-G62J7W3,2026-09-03T04:14:11.9876827Z,,,,427692,PVSyst_TriggerBot,,TRIGGER,,1116,2026-09-03T04:14:21.330756Z,100,,,"['100005124', '354', '386', '389', '357', '359', '392', '100011533', '382']",False,2026-09-03T04:13:54.5800295Z,COMPLETED,False,0a6639c7-902a-1167-8193-5327d0ae03b3,100,TRIGGER,,1116,bruser_agel007,False,PUBLIC
70ffdee3-a541-4822-bfaf-781e618b4dcd,BOT,0,PVSyst_TriggerBot_03.2026.09.02.18.00.12.bruser_agel006,PRIORITY_MEDIUM,,,True,assign,1115,2026-09-02T18:00:13.34049Z,PVSyst_TriggerBot_03,100,0d7f562f-6c18-463c-b8ae-1c743be4e3bb,,,100007253,DT-1001-7B3NM24,2026-09-03T04:14:10.17959Z,,,,427701,PVSyst_TriggerBot_03,,TRIGGER,,1115,2026-09-03T04:14:10.318451Z,100,,,"['100005124', '354', '386', '389', '357', '359', '392', '100011533', '382']",False,2026-09-03T04:14:07.9479491Z,COMPLETED,False,0a6639c7-902a-1167-8193-5327d0ae03b3,100,TRIGGER,,1115,bruser_agel006,False,PUBLIC
23775a64-16e6-46b7-b52f-e7caaa84aa08,BOT,0,PVSyst_TriggerBot_03.2026.09.02.18.00.12.bruser_agel006,PRIORITY_MEDIUM,,,True,assign,1115,2026-09-02T18:00:13.119839Z,PVSyst_TriggerBot_03,100,615aafca-9c61-4c2c-9928-df1186a1d4e3,,,100007253,DT-1001-7B3NM24,2026-09-03T04:14:04.1052423Z,,,,427701,PVSyst_TriggerBot_03,,TRIGGER,,1115,2026-09-03T04:14:04.257502Z,100,,,"['100005124', '354', '386', '389', '357', '359', '392', '100011533', '382']",False,2026-09-03T04:14:02.0422037Z,COMPLETED,False,0a6639c7-902a-1167-8193-5327d0ae03b3,100,TRIGGER,,1115,bruser_agel006,False,PUBLIC
18a8091f-c109-4e9f-b6d2-c8bb8ad70379,BOT,0,PVSyst_TriggerBot_03.2026.09.02.18.00.12.bruser_agel006,PRIORITY_MEDIUM,,,True,assign,1115,2026-09-02T18:00:12.761299Z,PVSyst_TriggerBot_03,100,8245ccf8-548f-4532-b283-8edd31c38edd,,,100007253,DT-1001-7B3NM24,2026-09-03T04:13:58.0010996Z,,,,427701,PVSyst_TriggerBot_03,,TRIGGER,,1115,2026-09-03T04:13:58.140816Z,100,,,"['100005124', '354', '386', '389', '357', '359', '392', '100011533', '382']",False,2026-09-03T04:13:55.9364816Z,COMPLETED,False,0a6639c7-902a-1167-8193-5327d0ae03b3,100,TRIGGER,,1115,bruser_agel006,False,PUBLIC
de60cb94-3e16-4662-b3e9-4cc9f08ab4c3,BOT,0,PVSyst_TriggerBot_03.2026.09.02.18.00.11.bruser_agel006,PRIORITY_MEDIUM,,,True,assign,1115,2026-09-02T18:00:12.501186Z,PVSyst_TriggerBot_03,100,e82811eb-08ba-4782-b8b3-5dda7773c60b,,,100007253,DT-1001-7B3NM24,2026-09-03T04:13:50.6070678Z,,,,427701,PVSyst_TriggerBot_03,,TRIGGER,,1115,2026-09-03T04:13:50.755726Z,100,,,"['100005124', '354', '386', '389', '357', '359', '392', '100011533', '382']",False,2026-09-03T04:13:48.3732194Z,COMPLETED,False,0a6639c7-902a-1167-8193-5327d0ae03b3,100,TRIGGER,,1115,bruser_agel006,False,PUBLIC
b5ff4fd9-65a9-4bfd-afbf-ebe48924f7f0,BOT,0,PVSyst_TriggerBot.2026.09.02.13.56.23.bruser_agel007,PRIORITY_MEDIUM,,,True,runTask,1116,2026-09-02T13:56:23.642857Z,PVSyst_TriggerBot,100,866ec9b8-863a-4ca2-8804-2ab2bf9c73ab,,,100013828,DT-1001-G62J7W3,2026-09-03T04:13:50.5908444Z,,,,427692,PVSyst_TriggerBot,,TRIGGER,,1116,2026-09-03T04:13:59.934209Z,100,,,"['100005124', '354', '386', '389', '357', '359', '392', '100011533', '382']",False,2026-09-03T04:13:30.8435207Z,COMPLETED,False,0a6639c7-902a-1167-8193-5327d0ae03b3,100,TRIGGER,,1116,bruser_agel007,False,PUBLIC
35bedab1-1358-4a96-97ea-a5843d8c95ee,BOT,0,PVSyst_TriggerBot_03.2026.09.02.18.00.11.bruser_agel006,PRIORITY_MEDIUM,,,True,assign,1115,2026-09-02T18:00:12.197846Z,PVSyst_TriggerBot_03,100,5381d6a0-450a-4d2b-afc6-846e50d1e3c9,,,100007253,DT-1001-7B3NM24,2026-09-03T04:13:44.4508099Z,,,,427701,PVSyst_TriggerBot_03,,TRIGGER,,1115,2026-09-03T04:13:44.586569Z,100,,,"['100005124', '354', '386', '389', '357', '359', '392', '100011533', '382']",False,2026-09-03T04:13:42.0281632Z,COMPLETED,False,0a6639c7-902a-1167-8193-5327d0ae03b3,100,TRIGGER,,1115,bruser_agel006,False,PUBLIC
735a396b-52c4-4f99-ac54-f5ab9ce50d8c,BOT,0,PVSyst_TriggerBot_03.2026.09.02.18.00.11.bruser_agel006,PRIORITY_MEDIUM,,,True,assign,1115,2026-09-02T18:00:11.898533Z,PVSyst_TriggerBot_03,100,a1bb353b-c4b1-4bab-99a4-79a78483c27b,,,100007253,DT-1001-7B3NM24,2026-09-03T04:13:38.3135242Z,,,,427701,PVSyst_TriggerBot_03,,TRIGGER,,1115,2026-09-03T04:13:38.445955Z,100,,,"['100005124', '354', '386', '389', '357', '359', '392', '100011533', '382']",False,2026-09-03T04:13:36.1949221Z,COMPLETED,False,0a6639c7-902a-1167-8193-5327d0ae03b3,100,TRIGGER,,1115,bruser_agel006,False,PUBLIC
c9e3fb0d-cdd5-4f61-932f-2aa844b4143e,BOT,0,PVSyst_TriggerBot_03.2026.09.02.18.00.11.bruser_agel006,PRIORITY_MEDIUM,,,True,assign,1115,2026-09-02T18:00:11.54834Z,PVSyst_TriggerBot_03,100,18fdf2b7-fe59-401c-9938-6b084a2220d5,,,100007253,DT-1001-7B3NM24,2026-09-03T04:13:31.9799952Z,,,,427701,PVSyst_TriggerBot_03,,TRIGGER,,1115,2026-09-03T04:13:32.124682Z,100,,,"['100005124', '354', '386', '389', '357', '359', '392', '100011533', '382']",False,2026-09-03T04:13:29.9138889Z,COMPLETED,False,0a6639c7-902a-1167-8193-5327d0ae03b3,100,TRIGGER,,1115,bruser_agel006,False,PUBLIC
15cb0270-0b06-4754-b70b-94c165ebf609,BOT,0,PVSyst_TriggerBot.2026.09.02.13.56.22.bruser_agel007,PRIORITY_MEDIUM,,,True,runTask,1116,2026-09-02T13:56:23.357235Z,PVSyst_TriggerBot,100,bf5fa502-a977-4855-9a49-1d0049c23fe3,,,100013828,DT-1001-G62J7W3,2026-09-03T04:13:27.1464485Z,,,,427692,PVSyst_TriggerBot,,TRIGGER,,1116,2026-09-03T04:13:36.478485Z,100,,,"['100005124', '354', '386', '389', '357', '359', '392', '100011533', '382']",False,2026-09-03T04:13:08.6790895Z,COMPLETED,False,0a6639c7-902a-1167-8193-5327d0ae03b3,100,TRIGGER,,1116,bruser_agel007,False,PUBLIC
71171ee8-f477-44cf-acc4-889f927801c5,BOT,0,PVSyst_TriggerBot_03.2026.09.02.18.00.10.bruser_agel006,PRIORITY_MEDIUM,,,True,assign,1115,2026-09-02T18:00:11.283333Z,PVSyst_TriggerBot_03,100,c96a7da7-87d7-44d8-85d1-3b53024adb23,,,100007253,DT-1001-7B3NM24,2026-09-03T04:13:25.8864872Z,,,,427701,PVSyst_TriggerBot_03,,TRIGGER,,1115,2026-09-03T04:13:26.035378Z,100,,,"['100005124', '354', '386', '389', '357', '359', '392', '100011533', '382']",False,2026-09-03T04:13:23.9485329Z,COMPLETED,False,0a6639c7-902a-1167-8193-5327d0ae03b3,100,TRIGGER,,1115,bruser_agel006,False,PUBLIC
7bd116cd-596c-4765-9527-4e4e425658a5,BOT,0,PVSyst_TriggerBot_03.2026.09.02.18.00.10.bruser_agel006,PRIORITY_MEDIUM,,,True,assign,1115,2026-09-02T18:00:11.020686Z,PVSyst_TriggerBot_03,100,c0a90a11-262b-4b9c-a58d-adc10745d994,,,100007253,DT-1001-7B3NM24,2026-09-03T04:13:19.9465081Z,,,,427701,PVSyst_TriggerBot_03,,TRIGGER,,1115,2026-09-03T04:13:20.133642Z,100,,,"['100005124', '354', '386', '389', '357', '359', '392', '100011533', '382']",False,2026-09-03T04:13:17.9447967Z,COMPLETED,False,0a6639c7-902a-1167-8193-5327d0ae03b3,100,TRIGGER,,1115,bruser_agel006,False,PUBLIC
870e0607-3acd-46b2-b4df-5d41c972083f,BOT,0,PVSyst_TriggerBot_03.2026.09.02.18.00.10.bruser_agel006,PRIORITY_MEDIUM,,,True,assign,1115,2026-09-02T18:00:10.634866Z,PVSyst_TriggerBot_03,100,62937e98-586a-4a8b-a9ce-d4212a7738a2,,,100007253,DT-1001-7B3NM24,2026-09-03T04:13:13.6499857Z,,,,427701,PVSyst_TriggerBot_03,,TRIGGER,,1115,2026-09-03T04:13:13.803007Z,100,,,"['100005124', '354', '386', '389', '357', '359', '392', '100011533', '382']",False,2026-09-03T04:13:11.7927904Z,COMPLETED,False,0a6639c7-902a-1167-8193-5327d0ae03b3,100,TRIGGER,,1115,bruser_agel006,False,PUBLIC
b58d9d61-443d-45ec-9fa0-c78686596ff5,BOT,0,PVSyst_TriggerBot_03.2026.09.02.18.00.09.bruser_agel006,PRIORITY_MEDIUM,,,True,assign,1115,2026-09-02T18:00:10.366092Z,PVSyst_TriggerBot_03,100,dc5fc7d7-95e7-4c01-8d9f-44ea41d7fe6a,,,100007253,DT-1001-7B3NM24,2026-09-03T04:13:08.0309225Z,,,,427701,PVSyst_TriggerBot_03,,TRIGGER,,1115,2026-09-03T04:13:08.172799Z,100,,,"['100005124', '354', '386', '389', '357', '359', '392', '100011533', '382']",False,2026-09-03T04:13:05.9603645Z,COMPLETED,False,0a6639c7-902a-1167-8193-5327d0ae03b3,100,TRIGGER,,1115,bruser_agel006,False,PUBLIC
2410fbbe-0c33-43f5-b19b-3973389b6aa2,BOT,0,PVSyst_TriggerBot.2026.09.02.13.56.22.bruser_agel007,PRIORITY_MEDIUM,,,True,runTask,1116,2026-09-02T13:56:23.086323Z,PVSyst_TriggerBot,100,5faefa4e-d6be-456b-8271-c8a783893cb9,,,100013828,DT-1001-G62J7W3,2026-09-03T04:13:05.2707554Z,,,,427692,PVSyst_TriggerBot,,TRIGGER,,1116,2026-09-03T04:13:14.605897Z,100,,,"['100005124', '354', '386', '389', '357', '359', '392', '100011533', '382']",False,2026-09-03T04:12:44.5638631Z,COMPLETED,False,0a6639c7-902a-1167-8193-5327d0ae03b3,100,TRIGGER,,1116,bruser_agel007,False,PUBLIC
2a4e79eb-5d9d-48ce-866b-e649e24cde20,BOT,0,PVSyst_TriggerBot_03.2026.09.02.18.00.09.bruser_agel006,PRIORITY_MEDIUM,,,True,assign,1115,2026-09-02T18:00:10.08172Z,PVSyst_TriggerBot_03,100,84953593-77b2-47bf-ab6a-c797b6535dac,,,100007253,DT-1001-7B3NM24,2026-09-03T04:13:02.2324554Z,,,,427701,PVSyst_TriggerBot_03,,TRIGGER,,1115,2026-09-03T04:13:02.37452Z,100,,,"['100005124', '354', '386', '389', '357', '359', '392', '100011533', '382']",False,2026-09-03T04:13:00.096778Z,COMPLETED,False,0a6639c7-902a-1167-8193-5327d0ae03b3,100,TRIGGER,,1115,bruser_agel006,False,PUBLIC
eed4f51f-5eb9-4348-8bb8-becb8d35c30f,BOT,0,PVSyst_TriggerBot_03.2026.09.02.18.00.09.bruser_agel006,PRIORITY_MEDIUM,,,True,assign,1115,2026-09-02T18:00:09.798299Z,PVSyst_TriggerBot_03,100,cd0c35ec-39cb-4f95-bf49-37631b56ba17,,,100007253,DT-1001-7B3NM24,2026-09-03T04:12:56.332566Z,,,,427701,PVSyst_TriggerBot_03,,TRIGGER,,1115,2026-09-03T04:12:56.496852Z,100,,,"['100005124', '354', '386', '389', '357', '359', '392', '100011533', '382']",False,2026-09-03T04:12:54.0413251Z,COMPLETED,False,0a6639c7-902a-1167-8193-5327d0ae03b3,100,TRIGGER,,1115,bruser_agel006,False,PUBLIC
d4d6085e-cc07-4914-b2d7-d10b14a7ad23,BOT,0,PVSyst_TriggerBot_03.2026.09.02.18.00.09.bruser_agel006,PRIORITY_MEDIUM,,,True,assign,1115,2026-09-02T18:00:09.524981Z,PVSyst_TriggerBot_03,100,b1c81860-03da-45ae-8146-bc1b4209b552,,,100007253,DT-1001-7B3NM24,2026-09-03T04:12:50.204536Z,,,,427701,PVSyst_TriggerBot_03,,TRIGGER,,1115,2026-09-03T04:12:50.361902Z,100,,,"['100005124', '354', '386', '389', '357', '359', '392', '100011533', '382']",False,2026-09-03T04:12:48.0581813Z,COMPLETED,False,0a6639c7-902a-1167-8193-5327d0ae03b3,100,TRIGGER,,1115,bruser_agel006,False,PUBLIC
89992378-bbff-4827-878c-ae57342cf4e3,BOT,0,PVSyst_TriggerBot_03.2026.09.02.18.00.08.bruser_agel006,PRIORITY_MEDIUM,,,True,assign,1115,2026-09-02T18:00:09.208394Z,PVSyst_TriggerBot_03,100,9c78912b-3200-4bad-8189-af8386220906,,,100007253,DT-1001-7B3NM24,2026-09-03T04:12:44.1758704Z,,,,427701,PVSyst_TriggerBot_03,,TRIGGER,,1115,2026-09-03T04:12:44.312739Z,100,,,"['100005124', '354', '386', '389', '357', '359', '392', '100011533', '382']",False,2026-09-03T04:12:42.0383413Z,COMPLETED,False,0a6639c7-902a-1167-8193-5327d0ae03b3,100,TRIGGER,,1115,bruser_agel006,False,PUBLIC
8cdbb8a6-735f-4d25-8ec4-8fa36348ef3b,BOT,0,PVSyst_TriggerBot.2026.09.02.13.56.22.bruser_agel007,PRIORITY_MEDIUM,,,True,runTask,1116,2026-09-02T13:56:22.717292Z,PVSyst_TriggerBot,100,e7572856-02ec-43f1-a72a-11b1822abee9,,,100013828,DT-1001-G62J7W3,2026-09-03T04:12:40.4439729Z,,,,427692,PVSyst_TriggerBot,,TRIGGER,,1116,2026-09-03T04:12:49.786944Z,100,,,"['100005124', '354', '386', '389', '357', '359', '392', '100011533', '382']",False,2026-09-03T04:12:20.7115255Z,COMPLETED,False,0a6639c7-902a-1167-8193-5327d0ae03b3,100,TRIGGER,,1116,bruser_agel007,False,PUBLIC
be8d4994-6f6b-4cd9-a64f-f5b2f291c5ce,BOT,0,PVSyst_TriggerBot_03.2026.09.02.18.00.08.bruser_agel006,PRIORITY_MEDIUM,,,True,assign,1115,2026-09-02T18:00:08.711942Z,PVSyst_TriggerBot_03,100,26d394cb-6578-46ff-838c-b4a803d5ade6,,,100007253,DT-1001-7B3NM24,2026-09-03T04:12:38.2071535Z,,,,427701,PVSyst_TriggerBot_03,,TRIGGER,,1115,2026-09-03T04:12:38.348534Z,100,,,"['100005124', '354', '386', '389', '357', '359', '392', '100011533', '382']",False,2026-09-03T04:12:35.9088106Z,COMPLETED,False,0a6639c7-902a-1167-8193-5327d0ae03b3,100,TRIGGER,,1115,bruser_agel006,False,PUBLIC
9c4b0106-5dc0-4c72-9bd5-bab3c7479e80,BOT,0,PVSyst_TriggerBot_03.2026.09.02.18.00.07.bruser_agel006,PRIORITY_MEDIUM,,,True,assign,1115,2026-09-02T18:00:08.413751Z,PVSyst_TriggerBot_03,100,0072e5a7-4ddc-4af8-8cc2-c081891dc29f,,,100007253,DT-1001-7B3NM24,2026-09-03T04:12:32.0002834Z,,,,427701,PVSyst_TriggerBot_03,,TRIGGER,,1115,2026-09-03T04:12:32.14157Z,100,,,"['100005124', '354', '386', '389', '357', '359', '392', '100011533', '382']",False,2026-09-03T04:12:30.0351561Z,COMPLETED,False,0a6639c7-902a-1167-8193-5327d0ae03b3,100,TRIGGER,,1115,bruser_agel006,False,PUBLIC
eec42bfb-1208-41ef-91a7-8e4b6fbc02ce,BOT,0,PVSyst_TriggerBot_03.2026.09.02.18.00.07.bruser_agel006,PRIORITY_MEDIUM,,,True,assign,1115,2026-09-02T18:00:08.09152Z,PVSyst_TriggerBot_03,100,3013ef99-8d5d-4a0f-aa21-9753547d4937,,,100007253,DT-1001-7B3NM24,2026-09-03T04:12:26.3252185Z,,,,427701,PVSyst_TriggerBot_03,,TRIGGER,,1115,2026-09-03T04:12:26.457754Z,100,,,"['100005124', '354', '386', '389', '357', '359', '392', '100011533', '382']",False,2026-09-03T04:12:23.9901044Z,COMPLETED,False,0a6639c7-902a-1167-8193-5327d0ae03b3,100,TRIGGER,,1115,bruser_agel006,False,PUBLIC
40a32501-99bc-4f3a-b827-a81d3088cca9,BOT,0,PVSyst_TriggerBot_03.2026.09.02.18.00.07.bruser_agel006,PRIORITY_MEDIUM,,,True,assign,1115,2026-09-02T18:00:07.564096Z,PVSyst_TriggerBot_03,100,29d199b5-6d8f-496e-9c02-4fc56fa1ccc6,,,100007253,DT-1001-7B3NM24,2026-09-03T04:12:20.077893Z,,,,427701,PVSyst_TriggerBot_03,,TRIGGER,,1115,2026-09-03T04:12:20.211027Z,100,,,"['100005124', '354', '386', '389', '357', '359', '392', '100011533', '382']",False,2026-09-03T04:12:17.9773646Z,COMPLETED,False,0a6639c7-902a-1167-8193-5327d0ae03b3,100,TRIGGER,,1115,bruser_agel006,False,PUBLIC
866249eb-dadd-4f27-b4bb-1d20126445fb,BOT,0,PVSyst_TriggerBot.2026.09.02.13.56.21.bruser_agel007,PRIORITY_MEDIUM,,,True,runTask,1116,2026-09-02T13:56:22.398691Z,PVSyst_TriggerBot,100,24df4548-ab1b-4db4-921f-8c96bb958335,,,100013828,DT-1001-G62J7W3,2026-09-03T04:12:17.0293997Z,,,,427692,PVSyst_TriggerBot,,TRIGGER,,1116,2026-09-03T04:12:26.368272Z,100,,,"['100005124', '354', '386', '389', '357', '359', '392', '100011533', '382']",False,2026-09-03T04:11:58.5747632Z,COMPLETED,False,0a6639c7-902a-1167-8193-5327d0ae03b3,100,TRIGGER,,1116,bruser_agel007,False,PUBLIC
2c2b9448-d1b2-4167-9913-a4ecdbb6188c,BOT,0,PVSyst_TriggerBot_03.2026.09.02.18.00.06.bruser_agel006,PRIORITY_MEDIUM,,,True,assign,1115,2026-09-02T18:00:07.275632Z,PVSyst_TriggerBot_03,100,d5b51d2c-3bd2-495b-99cd-fca80d3a7133,,,100007253,DT-1001-7B3NM24,2026-09-03T04:12:13.9765301Z,,,,427701,PVSyst_TriggerBot_03,,TRIGGER,,1115,2026-09-03T04:12:14.131994Z,100,,,"['100005124', '354', '386', '389', '357', '359', '392', '100011533', '382']",False,2026-09-03T04:12:12.0006709Z,COMPLETED,False,0a6639c7-902a-1167-8193-5327d0ae03b3,100,TRIGGER,,1115,bruser_agel006,False,PUBLIC
fc432f36-83de-486d-afec-0d9f8279c307,BOT,0,PVSyst_TriggerBot_03.2026.09.02.18.00.06.bruser_agel006,PRIORITY_MEDIUM,,,True,assign,1115,2026-09-02T18:00:06.960768Z,PVSyst_TriggerBot_03,100,7ae57d73-31f1-4964-9f36-6c7ac46c6e6a,,,100007253,DT-1001-7B3NM24,2026-09-03T04:12:06.7162954Z,,,,427701,PVSyst_TriggerBot_03,,TRIGGER,,1115,2026-09-03T04:12:06.855352Z,100,,,"['100005124', '354', '386', '389', '357', '359', '392', '100011533', '382']",False,2026-09-03T04:12:04.3797539Z,COMPLETED,False,0a6639c7-902a-1167-8193-5327d0ae03b3,100,TRIGGER,,1115,bruser_agel006,False,PUBLIC
f31b8671-8d82-470a-83a7-c5674d680ad4,BOT,0,PVSyst_TriggerBot_03.2026.09.02.18.00.05.bruser_agel006,PRIORITY_MEDIUM,,,True,assign,1115,2026-09-02T18:00:06.534408Z,PVSyst_TriggerBot_03,100,92538f0d-4dfd-4049-8c12-03414dbc6f85,,,100007253,DT-1001-7B3NM24,2026-09-03T04:11:58.6301312Z,,,,427701,PVSyst_TriggerBot_03,,TRIGGER,,1115,2026-09-03T04:11:58.77489Z,100,,,"['100005124', '354', '386', '389', '357', '359', '392', '100011533', '382']",False,2026-09-03T04:11:56.1132535Z,COMPLETED,False,0a6639c7-902a-1167-8193-5327d0ae03b3,100,TRIGGER,,1115,bruser_agel006,False,PUBLIC
9d66d00f-250e-42a0-8529-afdeedeaa553,BOT,0,PVSyst_TriggerBot.2026.09.02.13.56.21.bruser_agel007,PRIORITY_MEDIUM,,,True,runTask,1116,2026-09-02T13:56:22.121078Z,PVSyst_TriggerBot,100,b3fe78d6-1a73-4036-a5c5-ea0280f8c5b6,,,100013828,DT-1001-G62J7W3,2026-09-03T04:11:54.0910953Z,,,,427692,PVSyst_TriggerBot,,TRIGGER,,1116,2026-09-03T04:12:03.43011Z,100,,,"['100005124', '354', '386', '389', '357', '359', '392', '100011533', '382']",False,2026-09-03T04:11:36.6121277Z,COMPLETED,False,0a6639c7-902a-1167-8193-5327d0ae03b3,100,TRIGGER,,1116,bruser_agel007,False,PUBLIC
e301e87b-485b-4164-ae76-e6e12ae115a1,BOT,0,PVSyst_TriggerBot_03.2026.09.02.18.00.05.bruser_agel006,PRIORITY_MEDIUM,,,True,messageBox,1115,2026-09-02T18:00:06.127647Z,PVSyst_TriggerBot_03,100,c5da7413-f9e6-4d61-9412-d5b734fa707a,,,100007253,DT-1001-7B3NM24,2026-09-03T04:11:47.6289188Z,,,,427701,PVSyst_TriggerBot_03,,TRIGGER,,1115,2026-09-03T04:11:47.901862Z,100,,,"['100005124', '354', '386', '389', '357', '359', '392', '100011533', '382']",False,2026-09-02T18:00:10.2419882Z,COMPLETED,False,0a6639c7-902a-1167-8193-5327d0ae03b3,100,TRIGGER,,1115,bruser_agel006,False,PUBLIC
2115af49-59b0-414d-8b54-26e1b191705c,BOT,0,PVSyst_TriggerBot.2026.09.02.13.56.21.bruser_agel007,PRIORITY_MEDIUM,,,True,runTask,1116,2026-09-02T13:56:21.873267Z,PVSyst_TriggerBot,100,4faa645a-fb0a-4ec6-b34f-4b26052d7e2e,,,100013828,DT-1001-G62J7W3,2026-09-03T04:11:33.2665296Z,,,,427692,PVSyst_TriggerBot,,TRIGGER,,1116,2026-09-03T04:11:42.618004Z,100,,,"['100005124', '354', '386', '389', '357', '359', '392', '100011533', '382']",False,2026-09-03T04:11:13.3183464Z,COMPLETED,False,0a6639c7-902a-1167-8193-5327d0ae03b3,100,TRIGGER,,1116,bruser_agel007,False,PUBLIC
306fdcf4-1b38-4310-9e7c-fcbdb3ec6880,BOT,0,PVSyst_TriggerBot.2026.09.02.13.56.20.bruser_agel007,PRIORITY_MEDIUM,,,True,deleteFiles,1116,2026-09-02T13:56:21.493113Z,PVSyst_TriggerBot,67,a38332ae-4824-4c8b-b0ad-6bd04c80659b,,,100013828,DT-1001-G62J7W3,2026-09-03T04:11:05.5831159Z,ba.bot.execution.error,"This may be due to the following reason:

    Unable to delete the file(s) 'D:\OneDrive - Adani\Bots\AUC002_PVSystAutomation\RPATrigger\Botrunner01\Process\Khavda_A4.csv' because they are being used by another process. Try after sometime.

","There was a problem at line 67
",427692,PVSyst_TriggerBot,,TRIGGER,"There was a problem at line 67
 This may be due to the following reason:

Unable to delete the file(s) 'D:\OneDrive - Adani\Bots\AUC002_PVSystAutomation\RPATrigger\Botrunner01\Process\Khavda_A4.csv' because they are being used by another process. Try after sometime.

 To continue, edit the bot and fix the error. Then, try again.


If you continue to see this message, please contact your system administrator.",1116,2026-09-03T04:11:14.948716Z,67,,,"['100005124', '354', '386', '389', '357', '359', '392', '100011533', '382']",False,2026-09-03T03:54:03.5041626Z,RUN_FAILED,False,0a6639c7-902a-1167-8193-5327d0ae03b3,100,TRIGGER,,1116,bruser_agel007,False,PUBLIC
e416739c-fe45-4237-ac49-4f4b175f2bf1,BOT,35188,AGEL084_Extract_YINTRATE_Dump,PRIORITY_MEDIUM,,,True,runApp,1135,2026-09-03T04:00:02.072264Z,AGEL084_Extract_YINTRATE_Dump,81,fb48f347-6efb-497f-a3bf-d98c2266d77f,,,852,gcp10wbtrpap05,2026-09-03T04:04:50.1882901Z,,,,539044,AGEL084_Extract_YINTRATE_Dump,,SCHEDULED,,1135,2026-09-03T04:04:50.313641Z,100,,,"['100005124', '386', '354', '389', '357', '359', '392', '393', '100011533', '382']",False,2026-09-03T04:03:31.7908689Z,COMPLETED,False,0a6639c7-902a-1167-8193-5327d0ae03b3,81,SCHEDULED,,1114,bruser_agel005,False,PUBLIC
62a7d0c9-9fab-4e0e-b0fb-987aecde112e,BOT,35345,AGEL099_SE16N_Dump to GCS_Main.25.08.08.18.49.22.devuser_agel005,PRIORITY_MEDIUM,,,True,clear,1136,2026-09-03T02:20:00.824608Z,02 MAKT Dump Download,28,eaf2a6ff-0941-4e62-a6ef-24cf65310c36,,,857,gcp10wbtrpap03,2026-09-03T04:03:56.6872768Z,ba.bot.execution.force.stop,,Forcefully closed the bot execution due to user stopping it.,574738,AGEL099_SE16N_Dump to GCS_Main,,SCHEDULED,Forcefully closed the bot execution due to user stopping it.,1133,2026-09-03T04:03:56.730604Z,61,,,"['100005124', '354', '386', '357', '389', '359', '392', '393', '100011533', '382']",False,2026-09-03T03:10:07.3349651Z,RUN_ABORTED,False,0a6639c7-902a-1167-8193-5327d0ae03b3,57,SCHEDULED,,1112,bruser_agel003,False,PUBLIC
a97e9f9b-ec48-49ec-9a6a-f667374dc6d6,BOT,34811,AUC096_ANIL_ClosingStock_Main,PRIORITY_MEDIUM,,,True,runTask,1135,2026-09-03T03:45:01.488011Z,AUC096_ANIL_ClosingStock_Main,120,7bbbcdb0-74de-4517-8cd4-9942a6fad103,,,852,gcp10wbtrpap05,2026-09-03T04:03:08.7127459Z,,,,413247,AUC096_ANIL_ClosingStock_Main,,SCHEDULED,,1135,2026-09-03T04:03:08.839929Z,100,,,"['100005124', '386', '354', '356', '357', '389', '359', '100011533', '382']",False,2026-09-03T03:45:16.2983097Z,COMPLETED,False,0a6639c7-902a-1167-8193-5327d0ae03b3,120,SCHEDULED,,1114,bruser_agel005,False,PUBLIC
c2c7dcce-632c-430c-a35f-28aba771af15,BOT,0,PVSyst_TriggerBot.2026.09.02.13.56.20.bruser_agel007,PRIORITY_MEDIUM,,,True,runTask,1116,2026-09-02T13:56:21.344205Z,PVSyst_TriggerBot,100,20af983c-7bf8-4332-849e-24907f3ee69b,,,100013828,DT-1001-G62J7W3,2026-09-03T03:53:57.2774868Z,,,,427692,PVSyst_TriggerBot,,TRIGGER,,1116,2026-09-03T03:54:06.613028Z,100,,,"['100005124', '354', '386', '389', '357', '359', '392', '100011533', '382']",False,2026-09-03T03:35:34.6626422Z,COMPLETED,False,0a6639c7-902a-1167-8193-5327d0ae03b3,100,TRIGGER,,1116,bruser_agel007,False,PUBLIC
206832c1-fd46-4b9b-a2b1-c23be4bbced2,BOT,100010005,AGEL141_ME2J_Raw_Data_MasterTask copy(1).26.04.29.16.13.19.devuser_agel002,PRIORITY_MEDIUM,,,True,delay,1133,2026-09-03T02:00:01.830974Z,Data_Download,29,67293703-86c0-40c5-ae87-fa6e4a763d58,,,830,gcp10wbtrpap02,2026-09-03T03:53:22.480314Z,ba.bot.execution.force.stop,,Forcefully closed the bot execution due to user stopping it.,101329061,AGEL141_ME2J_Raw_Data_MasterTask copy(1),,SCHEDULED,Forcefully closed the bot execution due to user stopping it.,1133,2026-09-03T03:53:22.517337Z,62,,,"['100005124', '354', '386', '389', '357', '359', '392', '393', '100011533', '382']",False,2026-09-03T02:00:10.8810852Z,RUN_ABORTED,False,0a6639c7-902a-1167-8193-5327d0ae03b3,49,SCHEDULED,,1110,bruser_agel001,False,PUBLIC
cb37be2f-9d21-4b22-a699-6b45f5c214d2,BOT,0,PVSyst_TriggerBot.2026.09.02.13.56.20.bruser_agel007,PRIORITY_MEDIUM,,,True,runTask,1116,2026-09-02T13:56:21.035147Z,PVSyst_TriggerBot,100,d05fe58b-518d-410d-a0af-42561afccd8d,,,100013828,DT-1001-G62J7W3,2026-09-03T03:35:31.0919193Z,,,,427692,PVSyst_TriggerBot,,TRIGGER,,1116,2026-09-03T03:35:40.435188Z,100,,,"['100005124', '354', '386', '389', '357', '359', '392', '100011533', '382']",False,2026-09-03T03:17:07.1970047Z,COMPLETED,False,0a6639c7-902a-1167-8193-5327d0ae03b3,100,TRIGGER,,1116,bruser_agel007,False,PUBLIC
9eb58684-befc-4e92-8a5c-0b5cd034d156,BOT,35343,AGEL085_CRM_Order_Invoice_Data,PRIORITY_MEDIUM,,,True,stopTask,1135,2026-09-03T03:20:00.683486Z,AGEL085_CRM_Order_Invoice_Data,143,3902b1ef-b237-4e76-a94a-d8e2ac948062,,,852,gcp10wbtrpap05,2026-09-03T03:20:54.0027921Z,,,,556475,AGEL085_CRM_Order_Invoice_Data,,SCHEDULED,,1135,2026-09-03T03:20:54.122595Z,100,,,"['100005124', '354', '386', '357', '389', '359', '392', '393', '100011533', '382']",False,2026-09-03T03:20:13.6297777Z,COMPLETED,False,0a6639c7-902a-1167-8193-5327d0ae03b3,143,SCHEDULED,,1114,bruser_agel005,False,PUBLIC
f376a59a-c476-4a9a-9049-6028732d93cd,BOT,0,PVSyst_TriggerBot.2026.09.02.13.56.20.bruser_agel007,PRIORITY_MEDIUM,,,True,runTask,1116,2026-09-02T13:56:20.665228Z,PVSyst_TriggerBot,100,df5666de-f8d1-4190-90b6-322a600ed85f,,,100013828,DT-1001-G62J7W3,2026-09-03T03:16:59.9778655Z,,,,427692,PVSyst_TriggerBot,,TRIGGER,,1116,2026-09-03T03:17:09.291975Z,100,,,"['100005124', '354', '386', '389', '357', '359', '392', '100011533', '382']",False,2026-09-03T02:57:59.1767039Z,COMPLETED,False,0a6639c7-902a-1167-8193-5327d0ae03b3,100,TRIGGER,,1116,bruser_agel007,False,PUBLIC
50a8caee-ca0f-4945-b1b2-082dab2be78e,BOT,34726,AUC168_AGEL_MB51_RAW_DATA_New,PRIORITY_MEDIUM,,,True,selectRadioOption,1135,2026-09-03T01:55:00.799318Z,AUC168_AGEL_MB51_RAW_DATA_New,115,1ed1960f-16fc-4884-82a5-3b710831c1a7,,,857,gcp10wbtrpap03,2026-09-03T03:09:55.5507824Z,ba.bot.execution.force.stop,,Forcefully closed the bot execution due to user stopping it.,428604,AUC168_AGEL_MB51_RAW_DATA_New,,SCHEDULED,Forcefully closed the bot execution due to user stopping it.,1133,2026-09-03T03:09:55.60652Z,56,,,"['100005124', '386', '354', '389', '357', '359', '100011533', '382']",False,2026-09-03T01:55:15.1028752Z,RUN_ABORTED,False,0a6639c7-902a-1167-8193-5327d0ae03b3,287,SCHEDULED,,1112,bruser_agel003,False,PUBLIC
ddfb6d52-e77c-4d50-b47a-b047b576edbb,BOT,35497,AGEL111_Invoice Tracking and GRN Process,PRIORITY_MEDIUM,,,True,if,1134,2026-09-03T03:00:01.794816Z,AGEL111_Invoice Tracking and GRN Process,28,d2136bcd-3abb-4d8a-984b-3231ef5cbf5e,,,1061,gcp10wbtrpap01,2026-09-03T03:04:31.583695Z,,,,621726,AGEL111_Invoice Tracking and GRN Process,,SCHEDULED,,1134,2026-09-03T03:04:31.738038Z,100,,,"['100005124', '354', '386', '357', '389', '359', '392', '393', '100011533', '382']",False,2026-09-03T03:00:18.3811827Z,COMPLETED,False,0a6639c7-902a-1167-8193-5327d0ae03b3,28,SCHEDULED,,1111,bruser_agel002,False,PUBLIC
bd388291-7e02-485b-ab9d-bec8d8c6c9a1,BOT,0,PVSyst_TriggerBot.2026.09.02.13.56.19.bruser_agel007,PRIORITY_MEDIUM,,,True,runTask,1116,2026-09-02T13:56:20.445159Z,PVSyst_TriggerBot,100,1f163ea2-4071-43de-aca0-5ec41c31f9b0,,,100013828,DT-1001-G62J7W3,2026-09-03T02:57:52.5323714Z,,,,427692,PVSyst_TriggerBot,,TRIGGER,,1116,2026-09-03T02:58:01.826882Z,100,,,"['100005124', '354', '386', '389', '357', '359', '392', '100011533', '382']",False,2026-09-03T02:39:26.9322211Z,COMPLETED,False,0a6639c7-902a-1167-8193-5327d0ae03b3,100,TRIGGER,,1116,bruser_agel007,False,PUBLIC
6067189f-402d-4611-bcf2-b74f3e1319bc,BOT,100012348,ANIL028_zsa003N_G_Dump,PRIORITY_MEDIUM,,,True,messageBox,1135,2026-09-03T02:30:03.656849Z,ANIL028_zsa003N_G_Dump,60,6d4055ea-7564-4e2c-aa62-141cb054a266,,,852,gcp10wbtrpap05,2026-09-03T02:52:57.6993503Z,,,,101763950,ANIL028_zsa003N_G_Dump,,SCHEDULED,,1135,2026-09-03T02:52:57.799989Z,100,,,"['100005124', '354', '386', '356', '357', '389', '359', '100011533', '382']",False,2026-09-03T02:52:16.3067459Z,COMPLETED,False,0a6639c7-902a-1167-8193-5327d0ae03b3,60,SCHEDULED,,1114,bruser_agel005,False,PUBLIC
bd4e6dff-95f2-41b0-bd39-493c1b600b52,BOT,34703,AUC172_DowntimeSecurityPatch&VAOpen_MasterBot,PRIORITY_MEDIUM,,,True,loop.commands.start,1135,2026-09-03T02:30:03.351079Z,AUC172_DowntimeSecurityPatch&VAOpen_MasterBot,50,92c4f052-27b6-4f94-9e12-aef9736eb73c,,,852,gcp10wbtrpap05,2026-09-03T02:52:04.192501Z,,,,423407,AUC172_DowntimeSecurityPatch&VAOpen_MasterBot,,SCHEDULED,,1135,2026-09-03T02:52:04.300019Z,100,,,"['100005124', '354', '386', '389', '357', '359', '100011533', '382']",False,2026-09-03T02:51:56.909351Z,COMPLETED,False,0a6639c7-902a-1167-8193-5327d0ae03b3,50,SCHEDULED,,1114,bruser_agel005,False,PUBLIC
100a1d11-2a5e-4578-bc8f-5b924e61eacf,BOT,35429,ANIL008_MCX_Data_Extraction_MainTask,PRIORITY_MEDIUM,,,True,SendMailV2,1135,2026-09-03T02:30:03.001445Z,ANIL008_MCX_Data_Extraction_MainTask,60,d9379eae-73c3-4d81-9449-15097077d3b7,,,852,gcp10wbtrpap05,2026-09-03T02:51:40.1265843Z,ba.bot.execution.error,"This may be due to the following reason:

    Invalid argument supplied to 'list', index '0' is invalid or out of bound.

Location: ANIL008_MCX_Data_Extraction_MainTask (line 60)

","There was a problem at line 60
",604508,ANIL008_MCX_Data_Extraction_MainTask,,SCHEDULED,"There was a problem at line 60
 This may be due to the following reason:

Invalid argument supplied to 'list', index '0' is invalid or out of bound.

Location: ANIL008_MCX_Data_Extraction_MainTask (line 60)

 To continue, edit the bot and fix the error. Then, try again.


If you continue to see this message, please contact your system administrator.",1135,2026-09-03T02:51:40.248264Z,100,,,"['100005124', '386', '354', '356', '357', '389', '359', '100011533', '382']",False,2026-09-03T02:50:20.0363639Z,RUN_FAILED,False,0a6639c7-902a-1167-8193-5327d0ae03b3,60,SCHEDULED,,1114,bruser_agel005,False,PUBLIC
637d853d-66e1-4e21-ba81-9767bb3b4cbd,BOT,100012806,ANIL029_ZVMS_Report,PRIORITY_MEDIUM,,,True,messageBox,1135,2026-09-03T02:30:01.596102Z,ANIL029_ZVMS_Report,103,771a0dbb-4139-4c99-a608-5fe3c4ba9494,,,852,gcp10wbtrpap05,2026-09-03T02:49:58.4259512Z,,,,101830732,ANIL029_ZVMS_Report,,SCHEDULED,,1135,2026-09-03T02:49:58.567673Z,100,,,"['100005124', '354', '386', '356', '357', '389', '359', '100011533', '382']",False,2026-09-03T02:47:51.9660794Z,COMPLETED,False,0a6639c7-902a-1167-8193-5327d0ae03b3,103,SCHEDULED,,1114,bruser_agel005,False,PUBLIC
e2bb10eb-cfeb-4013-9b06-bf6a232c50a2,BOT,35430,ANIL009_NSEIndia_Data_Extraction,PRIORITY_MEDIUM,,,True,SendMailV2,1135,2026-09-03T02:30:01.448185Z,ANIL009_NSEIndia_Data_Extraction,89,6b290465-2d62-4230-a958-22690d6ed7f7,,,852,gcp10wbtrpap05,2026-09-03T02:47:37.2902827Z,,,,604470,ANIL009_NSEIndia_Data_Extraction,,SCHEDULED,,1135,2026-09-03T02:47:37.411374Z,100,,,"['100005124', '354', '386', '356', '357', '389', '359', '100011533', '382']",False,2026-09-03T02:46:32.2991001Z,COMPLETED,False,0a6639c7-902a-1167-8193-5327d0ae03b3,89,SCHEDULED,,1114,bruser_agel005,False,PUBLIC
637ce756-b970-4296-a11c-88a447aa531e,BOT,35072,AUC112_AGEL_Movement_Wise_Materials_Trackin_Master.25.04.09.10.40.04.devuser_agel005,PRIORITY_MEDIUM,,,True,runApp,1136,2026-09-03T02:20:00.975341Z,AUC112_AGEL_Movement_Wise_Materials_Trackin_Master,66,4610b05f-6118-4ad8-81a0-4220191e69d6,,,852,gcp10wbtrpap05,2026-09-03T02:46:18.7942608Z,,,,411996,AUC112_AGEL_Movement_Wise_Materials_Trackin_Master,,SCHEDULED,,1136,2026-09-03T02:46:18.944386Z,100,,,"['100005124', '386', '354', '389', '357', '359', '100011533', '382']",False,2026-09-03T02:38:20.8033724Z,COMPLETED,False,0a6639c7-902a-1167-8193-5327d0ae03b3,66,SCHEDULED,,1114,bruser_agel005,False,PUBLIC
07e27d7b-7cfc-44bd-b0b6-07d06f5e8932,BOT,0,PVSyst_TriggerBot.2026.09.02.13.56.19.bruser_agel007,PRIORITY_MEDIUM,,,True,runTask,1116,2026-09-02T13:56:19.990039Z,PVSyst_TriggerBot,100,05ffff69-e54e-470d-86f2-8e99ce174fe2,,,100013828,DT-1001-G62J7W3,2026-09-03T02:39:22.3699941Z,,,,427692,PVSyst_TriggerBot,,TRIGGER,,1116,2026-09-03T02:39:31.652544Z,100,,,"['100005124', '354', '386', '389', '357', '359', '392', '100011533', '382']",False,2026-09-03T02:20:20.7785415Z,COMPLETED,False,0a6639c7-902a-1167-8193-5327d0ae03b3,100,TRIGGER,,1116,bruser_agel007,False,PUBLIC
de187434-9aaa-4717-a158-1f0d17a2c850,BOT,35075,AUC148_AGEL_Scrap_Sales_Report_Master.25.04.09.10.44.29.devuser_agel005,PRIORITY_MEDIUM,,,True,runApp,1136,2026-09-03T02:15:02.742507Z,AUC148_AGEL_Scrap_Sales_Report_Master,59,58a5906f-6953-44fe-8029-aa02412b4ec5,,,852,gcp10wbtrpap05,2026-09-03T02:38:02.6665947Z,,,,413266,AUC148_AGEL_Scrap_Sales_Report_Master,,SCHEDULED,,1136,2026-09-03T02:38:02.82666Z,100,,,"['100005124', '386', '354', '389', '357', '359', '100011533', '382']",False,2026-09-03T02:34:43.8497732Z,COMPLETED,False,0a6639c7-902a-1167-8193-5327d0ae03b3,59,SCHEDULED,,1114,bruser_agel005,False,PUBLIC
8da09624-9453-45f7-80ed-3a8ee64e797c,BOT,35071,AUC147_AGEL_Open_GRN_Report_Master.25.04.09.10.36.14.devuser_agel005,PRIORITY_MEDIUM,,,True,runApp,1136,2026-09-03T02:10:00.793468Z,AUC147_AGEL_Open_GRN_Report_Master,66,b49d71a6-d97b-46ff-91a4-84cede73b1ff,,,852,gcp10wbtrpap05,2026-09-03T02:34:30.9113371Z,,,,421985,AUC147_AGEL_Open_GRN_Report_Master,,SCHEDULED,,1136,2026-09-03T02:34:31.03419Z,100,,,"['100005124', '386', '354', '357', '389', '359', '100011533', '382']",False,2026-09-03T02:30:56.9519999Z,COMPLETED,False,0a6639c7-902a-1167-8193-5327d0ae03b3,66,SCHEDULED,,1114,bruser_agel005,False,PUBLIC
2baa3d2d-5779-4508-acf6-6cd2a53f03e1,BOT,0,ANIL022_SM37,PRIORITY_MEDIUM,,,True,loop.commands.start,1135,2026-09-03T02:08:37.649405Z,ANIL022_SM37,111,dec3fbf3-c06a-4e3a-abe7-94ce32abe1f5,,,852,gcp10wbtrpap05,2026-09-03T02:30:38.9753868Z,,,,100567115,ANIL022_SM37,,RUN_NOW,,1135,2026-09-03T02:30:39.348064Z,100,,,"['100005124', '386', '354', '356', '357', '389', '359', '100011533', '382']",False,2026-09-03T02:08:51.2118704Z,COMPLETED,False,0a6639c7-902a-1167-8193-5327d0ae03b3,111,RUN_NOW,,1114,bruser_agel005,False,PUBLIC
cfacbaff-5f21-4809-96f7-283f81bb98f8,BOT,0,PVSyst_TriggerBot.2026.09.02.13.56.19.bruser_agel007,PRIORITY_MEDIUM,,,True,runTask,1116,2026-09-02T13:56:19.661552Z,PVSyst_TriggerBot,100,c8797603-e47e-4d23-9c37-15bdd18abffc,,,100013828,DT-1001-G62J7W3,2026-09-03T02:20:15.9009832Z,,,,427692,PVSyst_TriggerBot,,TRIGGER,,1116,2026-09-03T02:20:25.177963Z,100,,,"['100005124', '354', '386', '389', '357', '359', '392', '100011533', '382']",False,2026-09-03T02:01:52.8153697Z,COMPLETED,False,0a6639c7-902a-1167-8193-5327d0ae03b3,100,TRIGGER,,1116,bruser_agel007,False,PUBLIC
82324682-ad6e-47f0-92eb-d14104213bde,BOT,0,PVSyst_TriggerBot.2026.09.02.13.56.18.bruser_agel007,PRIORITY_MEDIUM,,,True,runTask,1116,2026-09-02T13:56:19.364854Z,PVSyst_TriggerBot,100,915f4332-1709-4ff2-8739-7e1a0f705994,,,100013828,DT-1001-G62J7W3,2026-09-03T02:01:48.5063056Z,,,,427692,PVSyst_TriggerBot,,TRIGGER,,1116,2026-09-03T02:01:57.747215Z,100,,,"['100005124', '354', '386', '389', '357', '359', '392', '100011533', '382']",False,2026-09-03T01:43:24.8039968Z,COMPLETED,False,0a6639c7-902a-1167-8193-5327d0ae03b3,100,TRIGGER,,1116,bruser_agel007,False,PUBLIC
37995211-e414-44ae-ae14-a6d99cb79ce0,BOT,0,PVSyst_TriggerBot.2026.09.02.13.56.18.bruser_agel007,PRIORITY_MEDIUM,,,True,runTask,1116,2026-09-02T13:56:19.07229Z,PVSyst_TriggerBot,100,7da48cbb-ae36-4797-8594-acdd0eb9bc0f,,,100013828,DT-1001-G62J7W3,2026-09-03T01:43:19.6049775Z,,,,427692,PVSyst_TriggerBot,,TRIGGER,,1116,2026-09-03T01:43:28.837397Z,100,,,"['100005124', '354', '386', '389', '357', '359', '392', '100011533', '382']",False,2026-09-03T01:24:53.1656929Z,COMPLETED,False,0a6639c7-902a-1167-8193-5327d0ae03b3,100,TRIGGER,,1116,bruser_agel007,False,PUBLIC
920704df-fe1e-4c7d-81ba-f132b7dc591b,BOT,35443,ANIL012_PXIL_Data_Extraction,PRIORITY_MEDIUM,,,True,SendMailV2,1135,2026-09-03T01:30:02.38106Z,ANIL012_PXIL_Data_Extraction,54,16d62350-1729-4901-92c1-a75973f0c6a3,,,852,gcp10wbtrpap05,2026-09-03T01:31:48.3502131Z,,,,606833,ANIL012_PXIL_Data_Extraction,,SCHEDULED,,1135,2026-09-03T01:31:48.462656Z,100,,,"['100005124', '386', '354', '356', '389', '357', '359', '100011533', '382']",False,2026-09-03T01:30:15.8853945Z,COMPLETED,False,0a6639c7-902a-1167-8193-5327d0ae03b3,54,SCHEDULED,,1114,bruser_agel005,False,PUBLIC
c3b381e2-3230-41f9-8ca8-d7efb0a16ac7,BOT,0,PVSyst_TriggerBot.2026.09.02.13.56.18.bruser_agel007,PRIORITY_MEDIUM,,,True,runTask,1116,2026-09-02T13:56:18.799286Z,PVSyst_TriggerBot,100,66cfd8cc-54ae-4773-9b6a-ecc08a21ed51,,,100013828,DT-1001-G62J7W3,2026-09-03T01:24:46.5054976Z,,,,427692,PVSyst_TriggerBot,,TRIGGER,,1116,2026-09-03T01:24:55.733728Z,100,,,"['100005124', '354', '386', '389', '357', '359', '392', '100011533', '382']",False,2026-09-03T01:05:47.064197Z,COMPLETED,False,0a6639c7-902a-1167-8193-5327d0ae03b3,100,TRIGGER,,1116,bruser_agel007,False,PUBLIC
4e025624-6735-406d-9246-65e63ddfbec4,BOT,35367,ANIL002_MB51_Dump_Extract,PRIORITY_MEDIUM,,,True,SendMailV2,1135,2026-09-03T01:00:01.174773Z,ANIL002_MB51_Dump_Extract,159,f26aa2f3-c1ca-40bb-8af4-2c67ba3a9f98,,,830,gcp10wbtrpap02,2026-09-03T01:23:42.4257582Z,,,,579066,ANIL002_MB51_Dump_Extract,,SCHEDULED,,1135,2026-09-03T01:23:42.574182Z,100,,,"['100005124', '386', '354', '356', '389', '357', '359', '100011533', '382']",False,2026-09-03T01:00:10.2990028Z,COMPLETED,False,0a6639c7-902a-1167-8193-5327d0ae03b3,159,SCHEDULED,,1110,bruser_agel001,False,PUBLIC
d773433f-54ad-46c9-b777-257e53f39d2f,BOT,34686,AGEL025_ZIAGE_MaterialAgeingReport_MasterBot,PRIORITY_MEDIUM,,,True,SendMailV2,1135,2026-09-03T01:10:00.688456Z,AGEL025_ZIAGE_MaterialAgeingReport_MasterBot,84,0fc24c86-95f9-4e5b-9a0f-7cf5cc219ab4,,,852,gcp10wbtrpap05,2026-09-03T01:14:57.4654775Z,,,,420468,AGEL025_ZIAGE_MaterialAgeingReport_MasterBot,,SCHEDULED,,1135,2026-09-03T01:14:57.6104Z,100,,,"['100005124', '354', '386', '389', '357', '359', '100011533', '382']",False,2026-09-03T01:10:13.0374251Z,COMPLETED,False,0a6639c7-902a-1167-8193-5327d0ae03b3,84,SCHEDULED,,1114,bruser_agel005,False,PUBLIC
1b98adca-3f6c-4a25-ab8b-36996c213047,BOT,0,PVSyst_TriggerBot.2026.09.02.13.56.17.bruser_agel007,PRIORITY_MEDIUM,,,True,runTask,1116,2026-09-02T13:56:18.590011Z,PVSyst_TriggerBot,100,f2ce0a42-5d3d-4fc8-999b-594bdd68a082,,,100013828,DT-1001-G62J7W3,2026-09-03T01:05:42.6585221Z,,,,427692,PVSyst_TriggerBot,,TRIGGER,,1116,2026-09-03T01:05:51.856193Z,100,,,"['100005124', '354', '386', '389', '357', '359', '392', '100011533', '382']",False,2026-09-03T00:47:13.077144Z,COMPLETED,False,0a6639c7-902a-1167-8193-5327d0ae03b3,100,TRIGGER,,1116,bruser_agel007,False,PUBLIC
55db3b39-acbb-4533-8aef-0996dfe1eac3,BOT,34767,AUC145_AGEL_Main_InventoryList,PRIORITY_MEDIUM,,,True,runTask,1115,2026-09-03T01:00:01.250902Z,AUC145_AGEL_Main_InventoryList,143,245e0a4d-d89f-46fd-bba7-5ff994f32b79,,,1061,gcp10wbtrpap01,2026-09-03T01:04:08.7250755Z,,,,415336,AUC145_AGEL_Main_InventoryList,,SCHEDULED,,1115,2026-09-03T01:04:08.84473Z,100,,,"['100005124', '386', '354', '357', '389', '359', '392', '100011533', '382']",False,2026-09-03T01:00:16.7466817Z,COMPLETED,False,0a6639c7-902a-1167-8193-5327d0ae03b3,143,SCHEDULED,,1111,bruser_agel002,False,PUBLIC
8ad844b8-38dd-4b71-a591-9694ebe0725e,BOT,0,PVSyst_TriggerBot.2026.09.02.13.56.17.bruser_agel007,PRIORITY_MEDIUM,,,True,runTask,1116,2026-09-02T13:56:18.222724Z,PVSyst_TriggerBot,100,ff4657cc-161e-4dc5-b997-0a56657beee2,,,100013828,DT-1001-G62J7W3,2026-09-03T00:47:09.2577776Z,,,,427692,PVSyst_TriggerBot,,TRIGGER,,1116,2026-09-03T00:47:18.4543Z,100,,,"['100005124', '354', '386', '389', '357', '359', '392', '100011533', '382']",False,2026-09-03T00:28:07.2881Z,COMPLETED,False,0a6639c7-902a-1167-8193-5327d0ae03b3,100,TRIGGER,,1116,bruser_agel007,False,PUBLIC
69721ab8-b6b2-4f0b-a7bb-afc985cae6aa,BOT,0,ANIL022_SM37.26.09.03.06.00.49.devuser_agel002,PRIORITY_MEDIUM,,,True,RunScript,1133,2026-09-03T00:31:04.748795Z,ANIL022_SM37,34,178d2781-487f-4dab-a6d4-185a9575f45a,,,852,gcp10wbtrpap05,2026-09-03T00:33:11.9912221Z,ba.bot.execution.force.stop,,Forcefully closed the bot execution due to user stopping it.,100567115,ANIL022_SM37,,RUN_NOW,Forcefully closed the bot execution due to user stopping it.,1133,2026-09-03T00:33:12.04686Z,32,,,"['100005124', '386', '354', '356', '357', '389', '359', '100011533', '382']",False,2026-09-03T00:32:32.414101Z,RUN_ABORTED,False,0a6639c7-902a-1167-8193-5327d0ae03b3,111,RUN_NOW,,1114,bruser_agel005,False,PUBLIC
10b99a18-ab08-438d-b3d5-5ed09cd85f8d,BOT,100012806,ANIL029_ZVMS_Report,PRIORITY_MEDIUM,,,True,messageBox,1135,2026-09-03T00:30:02.192239Z,ANIL029_ZVMS_Report,103,4e6880c0-5771-4dd9-ba69-d960283bad10,,,852,gcp10wbtrpap05,2026-09-03T00:32:13.0366509Z,,,,101830732,ANIL029_ZVMS_Report,,SCHEDULED,,1135,2026-09-03T00:32:13.159662Z,100,,,"['100005124', '354', '386', '356', '357', '389', '359', '100011533', '382']",False,2026-09-03T00:30:15.7007708Z,COMPLETED,False,0a6639c7-902a-1167-8193-5327d0ae03b3,103,SCHEDULED,,1114,bruser_agel005,False,PUBLIC
33af8922-5f5f-4270-bff7-03a989c14b13,BOT,34722,AUC136_AGEL_Abnormal_PD_MasterBot,PRIORITY_MEDIUM,,,True,catch,1135,2026-09-03T00:30:01.993766Z,R1_Notification_Download,46,dc6a48ea-77e5-4ce6-bdbd-db16929ab448,,,857,gcp10wbtrpap03,2026-09-03T00:30:34.1328393Z,ba.bot.execution.error,"This may be due to the following reason:

    A user cancelled running the bot. You can run it again.

Location: R1_Notification_Download (line 46)

","There was a problem at line 46
",429692,AUC136_AGEL_Abnormal_PD_MasterBot,,SCHEDULED,"There was a problem at line 46
 This may be due to the following reason:

A user cancelled running the bot. You can run it again.

Location: R1_Notification_Download (line 46)

 To continue, edit the bot and fix the error. Then, try again.


If you continue to see this message, please contact your system administrator.",1133,2026-09-03T00:30:34.259714Z,97,,,"['100005124', '386', '354', '357', '389', '359', '100011533', '382']",False,2026-09-03T00:30:14.780309Z,RUN_ABORTED,False,0a6639c7-902a-1167-8193-5327d0ae03b3,47,SCHEDULED,,1112,bruser_agel003,False,PUBLIC
2b81e9d0-2e8f-45f2-a9bb-d7c911149991,BOT,0,PVSyst_TriggerBot.2026.09.02.13.56.16.bruser_agel007,PRIORITY_MEDIUM,,,True,runTask,1116,2026-09-02T13:56:17.529183Z,PVSyst_TriggerBot,100,30282fa5-568f-4693-a9b9-f38a1670ca20,,,100013828,DT-1001-G62J7W3,2026-09-03T00:28:02.9430987Z,,,,427692,PVSyst_TriggerBot,,TRIGGER,,1116,2026-09-03T00:28:12.114473Z,100,,,"['100005124', '354', '386', '389', '357', '359', '392', '100011533', '382']",False,2026-09-02T22:38:43.5225444Z,COMPLETED,False,0a6639c7-902a-1167-8193-5327d0ae03b3,100,TRIGGER,,1116,bruser_agel007,False,PUBLIC
b8eb2057-01fe-452b-bdc1-45c64ad04799,BOT,34766,AUC87_AGEL_POList_Main,PRIORITY_MEDIUM,,,True,Comment,1115,2026-09-02T23:30:03.01285Z,AUC87_AGEL_POList_Main,215,cbc16f6a-61f6-4c2e-81a9-fea3de7d0bbc,,,1061,gcp10wbtrpap01,2026-09-03T00:18:49.5633729Z,,,,428514,AUC87_AGEL_POList_Main,,SCHEDULED,,1115,2026-09-03T00:18:49.711093Z,100,,,"['100005124', '354', '386', '357', '389', '359', '392', '100011533', '382']",False,2026-09-02T23:30:16.3905498Z,COMPLETED,False,0a6639c7-902a-1167-8193-5327d0ae03b3,215,SCHEDULED,,1111,bruser_agel002,False,PUBLIC
35f5637a-7275-412e-a9e7-ec6fbf8489d5,BOT,100010825,AGEL032_MB52_InventoryDashboard copy_Updated.26.05.24.03.04.13.devuser_agel002,PRIORITY_MEDIUM,,,True,runApp,1133,2026-09-03T00:00:01.771512Z,AGEL032_MB52_InventoryDashboard copy_Updated,98,09cc3d80-10c8-47fb-b1d9-a34a5230b8fe,,,852,gcp10wbtrpap05,2026-09-03T00:11:12.4259105Z,,,,101526603,AGEL032_MB52_InventoryDashboard copy_Updated,,SCHEDULED,,1133,2026-09-03T00:11:12.597244Z,100,,,"['100005124', '386', '354', '357', '389', '359', '100011533', '382']",False,2026-09-03T00:08:40.3668678Z,COMPLETED,False,0a6639c7-902a-1167-8193-5327d0ae03b3,98,SCHEDULED,,1114,bruser_agel005,False,PUBLIC
6bf4c219-8419-4a0a-9422-b2b5e58689f8,BOT,34721,AUC135_AGEL_Abnomal_BDV_PPM_Report_Notification_01,PRIORITY_MEDIUM,,,True,stopTask,1135,2026-09-03T00:10:00.754199Z,AUC135_AGEL_Abnomal_BDV_PPM_Report_Notification_01,32,10eef096-f22f-4cf3-9691-587daf1800e6,,,857,gcp10wbtrpap03,2026-09-03T00:11:06.013796Z,,,,429677,AUC135_AGEL_Abnomal_BDV_PPM_Report_Notification_01,,SCHEDULED,,1135,2026-09-03T00:11:06.163426Z,100,,,"['100005124', '354', '386', '357', '389', '359', '100011533', '382']",False,2026-09-03T00:10:14.4513334Z,COMPLETED,False,0a6639c7-902a-1167-8193-5327d0ae03b3,32,SCHEDULED,,1112,bruser_agel003,False,PUBLIC
ae8bd54f-db49-44c2-a1d6-d6a2b5c184a7,BOT,34777,AGEL031_MB51_InventoryDashboard,PRIORITY_MEDIUM,,,True,runApp,1133,2026-09-02T23:30:02.007324Z,AGEL031_MB51_InventoryDashboard,161,0da3105f-6e34-4852-b0f9-52ecc4834d11,,,852,gcp10wbtrpap05,2026-09-03T00:08:22.6310516Z,,,,440511,AGEL031_MB51_InventoryDashboard,,SCHEDULED,,1133,2026-09-03T00:08:22.752126Z,100,,,"['100005124', '354', '386', '357', '389', '359', '100011533', '382']",False,2026-09-02T23:58:15.5302544Z,COMPLETED,False,0a6639c7-902a-1167-8193-5327d0ae03b3,161,SCHEDULED,,1114,bruser_agel005,False,PUBLIC
35a0ef54-10a3-4841-98b4-e6c0d1a524d1,BOT,34720,AUC134_AGEL_DGACritical_MasterBot,PRIORITY_MEDIUM,,,True,stopTask,1135,2026-09-03T00:00:01.584084Z,AUC134_AGEL_DGACritical_MasterBot,34,276dc5dd-3b79-4229-849f-1e50d1b97af7,,,857,gcp10wbtrpap03,2026-09-03T00:01:02.9579256Z,,,,415344,AUC134_AGEL_DGACritical_MasterBot,,SCHEDULED,,1135,2026-09-03T00:01:03.083284Z,100,,,"['100005124', '354', '386', '357', '389', '359', '100011533', '382']",False,2026-09-03T00:00:15.0209407Z,COMPLETED,False,0a6639c7-902a-1167-8193-5327d0ae03b3,34,SCHEDULED,,1112,bruser_agel003,False,PUBLIC
b26ad133-df34-44f7-915f-b6975714afac,BOT,100006440,ANIL011_Sales_Exchange,PRIORITY_MEDIUM,,,True,SendMailV2,1135,2026-09-02T22:45:00.960451Z,ANIL011_Sales_Exchange,59,7f66adf0-6421-4ecb-8468-f4a1df8ee902,,,852,gcp10wbtrpap05,2026-09-02T23:57:53.0850016Z,,,,100570228,ANIL011_Sales_Exchange,,SCHEDULED,,1135,2026-09-02T23:57:53.201605Z,100,,,"['100005124', '386', '354', '356', '357', '389', '359', '100011533', '382']",False,2026-09-02T23:57:01.5581654Z,COMPLETED,False,0a6639c7-902a-1167-8193-5327d0ae03b3,59,SCHEDULED,,1114,bruser_agel005,False,PUBLIC
20bdeaad-97e2-49c6-9984-cea13057bf58,BOT,100006437,ANIL010_Sales_Report,PRIORITY_MEDIUM,,,True,SendMailV2,1135,2026-09-02T22:30:01.70386Z,ANIL010_Sales_Report,106,b2470cb2-6f2e-4325-a57e-91acd6cfa927,,,852,gcp10wbtrpap05,2026-09-02T23:56:49.008848Z,,,,594031,ANIL010_Sales_Report,,SCHEDULED,,1135,2026-09-02T23:56:49.135574Z,100,,,"['100005124', '354', '386', '356', '357', '389', '359', '100011533', '382']",False,2026-09-02T23:54:33.8307115Z,COMPLETED,False,0a6639c7-902a-1167-8193-5327d0ae03b3,106,SCHEDULED,,1114,bruser_agel005,False,PUBLIC
edfc7c3d-a529-4526-86da-3d05777b29c6,BOT,100012348,ANIL028_zsa003N_G_Dump,PRIORITY_MEDIUM,,,True,messageBox,1135,2026-09-02T22:30:01.369517Z,ANIL028_zsa003N_G_Dump,60,483a72b2-194c-41db-8cee-e016720a917c,,,852,gcp10wbtrpap05,2026-09-02T23:54:14.0025755Z,,,,101763950,ANIL028_zsa003N_G_Dump,,SCHEDULED,,1135,2026-09-02T23:54:14.099535Z,100,,,"['100005124', '354', '386', '356', '357', '389', '359', '100011533', '382']",False,2026-09-02T23:53:27.4913759Z,COMPLETED,False,0a6639c7-902a-1167-8193-5327d0ae03b3,60,SCHEDULED,,1114,bruser_agel005,False,PUBLIC
4c830e87-387e-4f1e-9531-523b8eb1d23b,BOT,34703,AUC172_DowntimeSecurityPatch&VAOpen_MasterBot,PRIORITY_MEDIUM,,,True,loop.commands.start,1135,2026-09-02T22:30:01.438918Z,AUC172_DowntimeSecurityPatch&VAOpen_MasterBot,50,4bcb03d7-e343-48e5-92a6-d26c40b6b5ca,,,852,gcp10wbtrpap05,2026-09-02T23:53:15.6100393Z,,,,423407,AUC172_DowntimeSecurityPatch&VAOpen_MasterBot,,SCHEDULED,,1135,2026-09-02T23:53:15.702932Z,100,,,"['100005124', '354', '386', '389', '357', '359', '100011533', '382']",False,2026-09-02T23:53:08.4288827Z,COMPLETED,False,0a6639c7-902a-1167-8193-5327d0ae03b3,50,SCHEDULED,,1114,bruser_agel005,False,PUBLIC
614a2f92-b469-4332-a48b-598e2a8a4c5a,BOT,100012806,ANIL029_ZVMS_Report,PRIORITY_MEDIUM,,,True,messageBox,1135,2026-09-02T22:30:01.227792Z,ANIL029_ZVMS_Report,103,d08dbe43-d2f1-4a10-8f7f-c0a613e5f60c,,,852,gcp10wbtrpap05,2026-09-02T23:52:53.1857181Z,,,,101830732,ANIL029_ZVMS_Report,,SCHEDULED,,1135,2026-09-02T23:52:53.336791Z,100,,,"['100005124', '354', '386', '356', '357', '389', '359', '100011533', '382']",False,2026-09-02T23:50:43.5412836Z,COMPLETED,False,0a6639c7-902a-1167-8193-5327d0ae03b3,103,SCHEDULED,,1114,bruser_agel005,False,PUBLIC
52848017-c726-4d10-8cf1-5e6ccbe4d46b,BOT,34749,AUC114_AGEL_EquipmentList_IH08_PMD,PRIORITY_MEDIUM,,,True,runApp,1135,2026-09-02T22:00:01.35767Z,AUC114_AGEL_EquipmentList_IH08_PMD,316,11958f3d-24cf-4792-8f96-2f8d430b8e02,,,852,gcp10wbtrpap05,2026-09-02T23:50:25.5076027Z,,,,431148,AUC114_AGEL_EquipmentList_IH08_PMD,,SCHEDULED,,1135,2026-09-02T23:50:25.633604Z,100,,,"['100005124', '354', '386', '357', '389', '359', '100011533', '382']",False,2026-09-02T23:39:48.3326314Z,COMPLETED,False,0a6639c7-902a-1167-8193-5327d0ae03b3,316,SCHEDULED,,1114,bruser_agel005,False,PUBLIC
3504c1dd-8342-456c-abb9-c1266ea1989a,BOT,100001348,AGEL033_ME2M_InventoryDashboard MasterTask,PRIORITY_MEDIUM,,,True,finally,1132,2026-09-02T21:30:01.88899Z,AGEL033_ME2M_InventoryDashboard MasterTask,128,9970cf19-3b95-4245-b545-e0f79678a398,,,852,gcp10wbtrpap05,2026-09-02T23:39:31.069479Z,,,,605314,AGEL033_ME2M_InventoryDashboard MasterTask,,SCHEDULED,,1132,2026-09-02T23:39:31.236341Z,100,,,"['100005124', '354', '386', '389', '357', '359', '100011533', '382']",False,2026-09-02T23:10:41.4082069Z,COMPLETED,False,0a6639c7-902a-1167-8193-5327d0ae03b3,128,SCHEDULED,,1114,bruser_agel005,False,PUBLIC
a2037e21-5f6a-431a-b456-78f4196ac7ec,BOT,35476,AUC174_AGEL_Main_GL2PendingPayment.25.11.02.07.10.44.devuser_agel005,PRIORITY_MEDIUM,,,True,delay,1136,2026-09-02T23:30:02.799904Z,AUC174_AGEL_Main_GL2PendingPayment,59,28b639fe-f3c2-4d15-83fc-143ff87d0f62,,,830,gcp10wbtrpap02,2026-09-02T23:33:48.8582848Z,,,,411341,AUC174_AGEL_Main_GL2PendingPayment,,SCHEDULED,,1136,2026-09-02T23:33:48.999893Z,100,,,"['100005124', '386', '354', '357', '389', '359', '100011533', '382']",False,2026-09-02T23:30:13.5976561Z,COMPLETED,False,0a6639c7-902a-1167-8193-5327d0ae03b3,59,SCHEDULED,,1110,bruser_agel001,False,PUBLIC
2b39dc81-fcda-4d1f-870b-fcbda353b939,BOT,34718,AUC128_AGEL_DGA_AlarmHigh_MasterBot,PRIORITY_MEDIUM,,,True,stopTask,1135,2026-09-02T23:30:01.565837Z,AUC128_AGEL_DGA_AlarmHigh_MasterBot,32,da0e3eb9-3292-47d8-ba74-09e0f646a339,,,857,gcp10wbtrpap03,2026-09-02T23:31:09.3670935Z,,,,415373,AUC128_AGEL_DGA_AlarmHigh_MasterBot,,SCHEDULED,,1135,2026-09-02T23:31:09.494455Z,100,,,"['100005124', '354', '386', '357', '389', '359', '100011533', '382']",False,2026-09-02T23:30:17.1913236Z,COMPLETED,False,0a6639c7-902a-1167-8193-5327d0ae03b3,32,SCHEDULED,,1112,bruser_agel003,False,PUBLIC
235a86fb-390d-495a-8ae5-1eb05c041635,BOT,35475,AUC161_AGEL_Blade_POList.25.11.02.06.51.45.devuser_agel005,PRIORITY_MEDIUM,,,True,delay,1136,2026-09-02T23:15:00.931455Z,AUC161_AGEL_Blade_POList,116,1db58dbf-006f-467a-ba6d-cf73ed0a48ff,,,1061,gcp10wbtrpap01,2026-09-02T23:20:59.2048281Z,,,,415319,AUC161_AGEL_Blade_POList,,SCHEDULED,,1136,2026-09-02T23:20:59.332905Z,100,,,"['100005124', '354', '386', '357', '389', '359', '100011533', '382']",False,2026-09-02T23:15:15.3353323Z,COMPLETED,False,0a6639c7-902a-1167-8193-5327d0ae03b3,116,SCHEDULED,,1111,bruser_agel002,False,PUBLIC
6ff91cfb-a9e0-4585-aba0-d41fde9d0beb,BOT,100001347,AGEL112 ZMMI072 & ZMATMRP Dump Report,PRIORITY_MEDIUM,,,True,SendMailV2,1132,2026-09-02T21:00:01.927647Z,AGEL112 ZMMI072 & ZMATMRP Dump Report MasterTask,129,85f26e6a-ddf6-4277-9d98-b37e31ec01a5,,,852,gcp10wbtrpap05,2026-09-02T23:10:22.980012Z,,,,100007382,AGEL112 ZMMI072 & ZMATMRP Dump Report MasterTask,,SCHEDULED,,1132,2026-09-02T23:10:23.161794Z,100,,,"['100005124', '386', '354', '389', '357', '359', '392', '393', '100011533', '382']",False,2026-09-02T21:08:13.2709759Z,COMPLETED,False,0a6639c7-902a-1167-8193-5327d0ae03b3,129,SCHEDULED,,1114,bruser_agel005,False,PUBLIC
7b54ded7-9f68-4c07-a49c-63b02c0b1249,BOT,35474,AUC160_AGEL_Blade_InventoryList.25.11.02.06.50.24.devuser_agel005,PRIORITY_MEDIUM,,,True,delay,1136,2026-09-02T23:00:01.711539Z,AUC160_AGEL_Blade_InventoryList,134,6ef39663-891b-482c-b03b-ea88968e077e,,,1061,gcp10wbtrpap01,2026-09-02T23:04:01.4083711Z,,,,414129,AUC160_AGEL_Blade_InventoryList,,SCHEDULED,,1136,2026-09-02T23:04:01.564748Z,100,,,"['100005124', '354', '386', '357', '389', '359', '100011533', '382']",False,2026-09-02T23:00:16.3142544Z,COMPLETED,False,0a6639c7-902a-1167-8193-5327d0ae03b3,134,SCHEDULED,,1111,bruser_agel002,False,PUBLIC
5e826638-678c-4d5e-bf4a-6c7bad5afbeb,BOT,0,PVSyst_TriggerBot.2026.09.02.13.56.16.bruser_agel007,PRIORITY_MEDIUM,,,True,runTask,1116,2026-09-02T13:56:17.198585Z,PVSyst_TriggerBot,100,970bbdf7-f6c0-4ca2-a230-86d4af14260f,,,100013828,DT-1001-G62J7W3,2026-09-02T22:38:34.883944Z,,,,427692,PVSyst_TriggerBot,,TRIGGER,,1116,2026-09-02T22:38:43.988293Z,100,,,"['100005124', '354', '386', '389', '357', '359', '392', '100011533', '382']",False,2026-09-02T13:56:20.0191772Z,COMPLETED,False,0a6639c7-902a-1167-8193-5327d0ae03b3,100,TRIGGER,,1116,bruser_agel007,False,PUBLIC
763ff1c7-ddaf-4ada-8261-6cd0d5126de4,BOT,34717,AUC098_ANIL_RTP_MasterBot,PRIORITY_MEDIUM,,,True,runTask,1135,2026-09-02T22:00:01.813258Z,AUC098_ANIL_RTP_MasterBot,173,e24ee2be-57b1-4e1e-b1e5-4937629e3f3b,,,857,gcp10wbtrpap03,2026-09-02T22:35:37.0786603Z,,,,413752,AUC098_ANIL_RTP_MasterBot,,SCHEDULED,,1135,2026-09-02T22:35:37.220332Z,100,,,"['100005124', '354', '386', '356', '357', '389', '359', '100011533', '382']",False,2026-09-02T22:00:15.8640257Z,COMPLETED,False,0a6639c7-902a-1167-8193-5327d0ae03b3,173,SCHEDULED,,1112,bruser_agel003,False,PUBLIC
2e999b7e-10ff-4357-9f59-ff01120cccd6,BOT,35468,AGEL086 NHDT Inventory Data Mastertask,PRIORITY_MEDIUM,,,True,SendMailV2,1135,2026-09-02T22:30:01.549385Z,AGEL086 NHDT Inventory Data Mastertask,80,a1e6decc-80ca-4f81-9686-2687dc045761,,,1061,gcp10wbtrpap01,2026-09-02T22:31:26.8528186Z,,,,558016,AGEL086 NHDT Inventory Data Mastertask,,SCHEDULED,,1135,2026-09-02T22:31:26.98211Z,100,,,"['100005124', '386', '354', '389', '357', '359', '392', '393', '100011533', '382']",False,2026-09-02T22:30:14.9158557Z,COMPLETED,False,0a6639c7-902a-1167-8193-5327d0ae03b3,80,SCHEDULED,,1111,bruser_agel002,False,PUBLIC
a990f173-20e4-40da-88f0-ee3b82330924,BOT,100011104,AGEL137_BESS_Inventory_MIS_MAIN.26.05.28.11.57.40.devuser_agel005,PRIORITY_MEDIUM,,,True,SendMailV2,1136,2026-09-02T22:15:00.956507Z,AGEL137_BESS_Inventory_MIS_MAIN,78,25f54a23-adc7-4996-a605-2a6f8bcd7d5b,,,1061,gcp10wbtrpap01,2026-09-02T22:20:55.1177668Z,,,,101341062,AGEL137_BESS_Inventory_MIS_MAIN,,SCHEDULED,,1136,2026-09-02T22:20:55.259319Z,100,,,"['100005124', '386', '354', '357', '389', '359', '392', '393', '100011533', '382']",False,2026-09-02T22:15:16.9167753Z,COMPLETED,False,0a6639c7-902a-1167-8193-5327d0ae03b3,78,SCHEDULED,,1111,bruser_agel002,False,PUBLIC
0438edb5-b956-43b2-8661-7c6883edc5a7,BOT,35200,AGEL082 MB52 Stock Report Master Task.25.05.26.13.42.07.devuser_agel001,PRIORITY_MEDIUM,,,True,deleteFiles,1132,2026-09-02T21:30:02.398191Z,AGEL082 MB52 Stock Report Master Task,108,6770450a-1524-4c70-81e7-c38f7868fbd0,,,857,gcp10wbtrpap03,2026-09-02T21:32:29.9776249Z,,,,536354,AGEL082 MB52 Stock Report Master Task,,SCHEDULED,,1132,2026-09-02T21:32:30.091656Z,100,,,"['100005124', '354', '386', '357', '389', '359', '392', '393', '100011533', '382']",False,2026-09-02T21:30:14.6134755Z,COMPLETED,False,0a6639c7-902a-1167-8193-5327d0ae03b3,108,SCHEDULED,,1112,bruser_agel003,False,PUBLIC
ca565996-4207-48e8-b9ee-ce56eefb4256,BOT,34716,AUC130_AGEL_Inventory_Report_ZMMIM072,PRIORITY_MEDIUM,,,True,messageBox,1135,2026-09-02T21:15:01.060074Z,AUC130_AGEL_Inventory_Report_ZMMIM072,130,44381a8b-a372-4c43-96ec-28f3c7e52924,,,857,gcp10wbtrpap03,2026-09-02T21:22:16.0936956Z,,,,415957,AUC130_AGEL_Inventory_Report_ZMMIM072,,SCHEDULED,,1135,2026-09-02T21:22:16.501924Z,100,,,"['100005124', '386', '354', '357', '389', '359', '100011533', '382']",False,2026-09-02T21:15:14.9234639Z,COMPLETED,False,0a6639c7-902a-1167-8193-5327d0ae03b3,130,SCHEDULED,,1112,bruser_agel003,False,PUBLIC
4e9db459-e5df-49f7-80a3-734b415aa9fa,BOT,100006727,AGEL136_Cement_BO_SE16N_Email Remainder.26.02.24.18.48.12.devuser_agel003,PRIORITY_MEDIUM,,,True,SendMailV2,1134,2026-09-02T21:15:00.902158Z,AGEL136_Cement_BO_SE16N_Email Remainder,1,e099af7b-da5b-4e86-aeab-fc590e21ecf8,,,1059,gcp10wbtrpap04,2026-09-02T21:15:18.1319645Z,,,,100749352,AGEL136_Cement_BO_SE16N_Email Remainder,,SCHEDULED,,1134,2026-09-02T21:15:18.228648Z,100,,,"['100005124', '386', '354', '357', '389', '359', '392', '393', '100011533', '382']",False,2026-09-02T21:15:16.2984501Z,COMPLETED,False,0a6639c7-902a-1167-8193-5327d0ae03b3,1,SCHEDULED,,1113,bruser_agel004,False,PUBLIC
2937cc5d-b463-49ad-99a1-ee671fb70d3e,BOT,34750,AGEL003_TaskList_ZPMPM029_PMD_MasterBot,PRIORITY_MEDIUM,,,True,runApp,1135,2026-09-02T21:00:01.279309Z,AGEL003_TaskList_ZPMPM029_PMD_MasterBot,97,85417bd3-6515-4e75-811c-2e652df6b77b,,,852,gcp10wbtrpap05,2026-09-02T21:08:00.1884423Z,,,,431119,AGEL003_TaskList_ZPMPM029_PMD_MasterBot,,SCHEDULED,,1135,2026-09-02T21:08:00.320297Z,100,,,"['100005124', '386', '354', '389', '357', '359', '100011533', '382']",False,2026-09-02T21:01:52.4805381Z,COMPLETED,False,0a6639c7-902a-1167-8193-5327d0ae03b3,97,SCHEDULED,,1114,bruser_agel005,False,PUBLIC
6d0bd134-f7de-4d9f-9376-fe235cba2bcb,BOT,100012806,ANIL029_ZVMS_Report,PRIORITY_MEDIUM,,,True,messageBox,1135,2026-09-02T20:30:02.272609Z,ANIL029_ZVMS_Report,103,5edfa52b-1c34-4841-85e1-64a3950bc1b5,,,852,gcp10wbtrpap05,2026-09-02T21:01:37.6973388Z,,,,101830732,ANIL029_ZVMS_Report,,SCHEDULED,,1135,2026-09-02T21:01:37.848621Z,100,,,"['100005124', '354', '386', '356', '357', '389', '359', '100011533', '382']",False,2026-09-02T20:59:34.5225541Z,COMPLETED,False,0a6639c7-902a-1167-8193-5327d0ae03b3,103,SCHEDULED,,1114,bruser_agel005,False,PUBLIC
699afa6b-2b61-4662-b386-4e5da7359dfc,BOT,34703,AUC172_DowntimeSecurityPatch&VAOpen_MasterBot,PRIORITY_MEDIUM,,,True,loop.commands.start,1135,2026-09-02T20:30:02.113243Z,AUC172_DowntimeSecurityPatch&VAOpen_MasterBot,50,47f5d12d-e196-43e1-8cdc-0292e143c56e,,,852,gcp10wbtrpap05,2026-09-02T20:59:22.1578491Z,,,,423407,AUC172_DowntimeSecurityPatch&VAOpen_MasterBot,,SCHEDULED,,1135,2026-09-02T20:59:22.253162Z,100,,,"['100005124', '354', '386', '389', '357', '359', '100011533', '382']",False,2026-09-02T20:59:14.9883901Z,COMPLETED,False,0a6639c7-902a-1167-8193-5327d0ae03b3,50,SCHEDULED,,1114,bruser_agel005,False,PUBLIC
8a5141a9-999e-43bf-927d-15a1ed135619,BOT,100012348,ANIL028_zsa003N_G_Dump,PRIORITY_MEDIUM,,,True,messageBox,1135,2026-09-02T20:30:01.944095Z,ANIL028_zsa003N_G_Dump,60,82681659-22d4-46e7-8abe-806b1b24a556,,,852,gcp10wbtrpap05,2026-09-02T20:58:52.7360676Z,,,,101763950,ANIL028_zsa003N_G_Dump,,SCHEDULED,,1135,2026-09-02T20:58:52.858196Z,100,,,"['100005124', '354', '386', '356', '357', '389', '359', '100011533', '382']",False,2026-09-02T20:58:12.0035556Z,COMPLETED,False,0a6639c7-902a-1167-8193-5327d0ae03b3,60,SCHEDULED,,1114,bruser_agel005,False,PUBLIC
83b55528-f0e2-48f4-b163-c32f248e2df2,BOT,34854,AGEL030_MaintenancePlant_IP24_PMD,PRIORITY_MEDIUM,,,True,runApp,1134,2026-09-02T20:00:01.439682Z,AGEL030_MaintenancePlant_IP24_PMD,297,e5ed1bb3-647a-47bb-a25e-0ca611a0327a,,,852,gcp10wbtrpap05,2026-09-02T20:57:48.0773367Z,,,,452873,AGEL030_MaintenancePlant_IP24_PMD,,SCHEDULED,,1134,2026-09-02T20:57:48.220717Z,100,,,"['100005124', '386', '354', '357', '389', '359', '100011533', '382']",False,2026-09-02T20:00:15.4053152Z,COMPLETED,False,0a6639c7-902a-1167-8193-5327d0ae03b3,297,SCHEDULED,,1114,bruser_agel005,False,PUBLIC
591f9bd6-b66f-4a88-8579-03d59721369a,BOT,35441,AUC008_VendorReadytoPay_Main.25.10.09.23.42.22.devuser_agel005,PRIORITY_HIGH,,,True,runTask,1136,2026-09-02T18:30:02.930794Z,AUC008_VendorReadytoPay_Main,319,a075a945-2950-4252-a5bb-f6901761d37a,,,1061,gcp10wbtrpap01,2026-09-02T20:46:15.5479096Z,,,,412890,AUC008_VendorReadytoPay_Main,,SCHEDULED,,1136,2026-09-02T20:46:15.693293Z,100,,,"['100005124', '386', '354', '389', '357', '359', '100011533', '382']",False,2026-09-02T18:30:18.4407751Z,COMPLETED,False,0a6639c7-902a-1167-8193-5327d0ae03b3,319,SCHEDULED,,1111,bruser_agel002,False,PUBLIC
21409b9c-aea3-4679-9ba4-9eac21e4bdee,BOT,35478,AUC183_DebtProfile_Dump_Main.25.11.02.07.14.46.devuser_agel005,PRIORITY_MEDIUM,,,True,runTask,1136,2026-09-02T19:30:02.151486Z,AUC183_DebtProfile_Dump_Main,178,4885730c-2287-4b33-a1a3-cd2bad50adb2,,,830,gcp10wbtrpap02,2026-09-02T20:40:09.728405Z,,,,412186,AUC183_DebtProfile_Dump_Main,,SCHEDULED,,1136,2026-09-02T20:40:09.851263Z,100,,,"['100005124', '386', '354', '357', '389', '359', '392', '100011533', '382']",False,2026-09-02T19:30:12.5646179Z,COMPLETED,False,0a6639c7-902a-1167-8193-5327d0ae03b3,178,SCHEDULED,,1110,bruser_agel001,False,PUBLIC
154b30a0-610b-4fda-883b-0db743bc7505,BOT,35070,AUC103_ANIL_MISReport_Main,PRIORITY_MEDIUM,,,True,runTask,1135,2026-09-02T20:15:01.078238Z,AUC103_ANIL_MISReport_Main,90,11c51eaa-fa54-45b8-824a-51c1f17b14cd,,,857,gcp10wbtrpap03,2026-09-02T20:32:56.1074511Z,,,,415141,AUC103_ANIL_MISReport_Main,,SCHEDULED,,1135,2026-09-02T20:32:56.244331Z,100,,,"['100005124', '354', '386', '356', '357', '389', '359', '100011533', '382']",False,2026-09-02T20:15:15.5314026Z,COMPLETED,False,0a6639c7-902a-1167-8193-5327d0ae03b3,90,SCHEDULED,,1112,bruser_agel003,False,PUBLIC
1919efb3-490a-4c34-8fd6-b4b67327562c,BOT,34714,AUC118_ANIL_OpexPRPO_Report_Main,PRIORITY_MEDIUM,,,True,delay,1135,2026-09-02T20:00:01.579976Z,AUC118_ANIL_OpexPRPO_Report_Main,121,42194b7b-055a-4d13-8bf9-d3668b03cf5c,,,857,gcp10wbtrpap03,2026-09-02T20:07:52.2458875Z,,,,418364,AUC118_ANIL_OpexPRPO_Report_Main,,SCHEDULED,,1135,2026-09-02T20:07:52.379104Z,100,,,"['100005124', '354', '386', '356', '389', '357', '359', '100011533', '382']",False,2026-09-02T20:00:14.321817Z,COMPLETED,False,0a6639c7-902a-1167-8193-5327d0ae03b3,121,SCHEDULED,,1112,bruser_agel003,False,PUBLIC
e67efaa6-15e4-40e1-9aef-c7e99ed8c287,BOT,100005921,ANIL022_SM37,PRIORITY_MEDIUM,,,True,catch,1135,2026-09-02T19:30:01.800294Z,ANIL022_SM37,109,2813449c-9a01-45c2-ab62-618288ad95a3,,,852,gcp10wbtrpap05,2026-09-02T19:51:13.6951327Z,ba.bot.execution.error,"This may be due to the following reason:

    A user cancelled running the bot. You can run it again.

Location: ANIL022_SM37 (line 109)

","There was a problem at line 109
",100567115,ANIL022_SM37,,SCHEDULED,"There was a problem at line 109
 This may be due to the following reason:

A user cancelled running the bot. You can run it again.

Location: ANIL022_SM37 (line 109)

 To continue, edit the bot and fix the error. Then, try again.


If you continue to see this message, please contact your system administrator.",1133,2026-09-02T19:51:13.772037Z,98,,,"['100005124', '386', '354', '356', '357', '389', '359', '100011533', '382']",False,2026-09-02T19:30:16.3725963Z,RUN_ABORTED,False,0a6639c7-902a-1167-8193-5327d0ae03b3,111,SCHEDULED,,1114,bruser_agel005,False,PUBLIC
ebad8db4-0783-4512-81bf-5865146a8364,BOT,34713,AUC116_ANIL_PRPO_Report_Main,PRIORITY_MEDIUM,,,True,runTask,1135,2026-09-02T19:40:00.77987Z,AUC116_ANIL_PRPO_Report_Main,110,e74bebd3-a9ed-483f-9a5c-a0e54ddcc90d,,,857,gcp10wbtrpap03,2026-09-02T19:42:45.5346883Z,,,,413789,AUC116_ANIL_PRPO_Report_Main,,SCHEDULED,,1135,2026-09-02T19:42:45.682952Z,100,,,"['100005124', '354', '386', '356', '357', '389', '359', '100011533', '382']",False,2026-09-02T19:40:14.3130835Z,COMPLETED,False,0a6639c7-902a-1167-8193-5327d0ae03b3,110,SCHEDULED,,1112,bruser_agel003,False,PUBLIC
80a41d34-f908-402f-a088-c6c4728b9f6d,BOT,34709,AGEL015_Renewable_Birthday_Wishes,PRIORITY_MEDIUM,,,True,loop.commands.start,1135,2026-09-02T19:10:00.58638Z,AGEL015_Renewable_Birthday_Wishes,191,90da7f37-66bc-4cb5-860a-6379edcfe427,,,857,gcp10wbtrpap03,2026-09-02T19:10:39.8999961Z,,,,422747,AGEL015_Renewable_Birthday_Wishes,,SCHEDULED,,1135,2026-09-02T19:10:40.024944Z,100,,,"['100005124', '354', '386', '389', '357', '359', '100011533', '382']",False,2026-09-02T19:10:13.9204885Z,COMPLETED,False,0a6639c7-902a-1167-8193-5327d0ae03b3,191,SCHEDULED,,1112,bruser_agel003,False,PUBLIC
f357a0dc-b3c9-4a76-8aff-95f9bfe5f351,BOT,100001217,ANIL021_WareHouse_Dispatch_Sales,PRIORITY_MEDIUM,,,True,SendMailV2,1135,2026-09-02T18:35:00.716263Z,ANIL021_WareHouse_Dispatch_Sales,77,0c32eca3-d3ff-4bd0-8aa3-bfc802d8ca5d,,,830,gcp10wbtrpap02,2026-09-02T18:36:22.8138137Z,,,,100092553,ANIL021_WareHouse_Dispatch_Sales,,SCHEDULED,,1135,2026-09-02T18:36:22.951718Z,100,,,"['100005124', '354', '386', '356', '389', '357', '359', '100011533', '382']",False,2026-09-02T18:35:09.6561152Z,COMPLETED,False,0a6639c7-902a-1167-8193-5327d0ae03b3,77,SCHEDULED,,1110,bruser_agel001,False,PUBLIC
c274e7ae-ac0b-4cfe-9cd4-a0eb99d5438e,BOT,100012348,ANIL028_zsa003N_G_Dump,PRIORITY_MEDIUM,,,True,SendMailV2,1135,2026-09-02T18:30:02.320758Z,ANIL028_zsa003N_G_Dump,60,e7571c3e-487d-418e-9e4c-e2350de8d9c5,,,852,gcp10wbtrpap05,2026-09-02T18:33:29.7620269Z,,,,101763950,ANIL028_zsa003N_G_Dump,,SCHEDULED,,1135,2026-09-02T18:33:29.999074Z,100,,,"['100005124', '354', '386', '356', '357', '389', '359', '100011533', '382']",False,2026-09-02T18:33:05.305972Z,COMPLETED,False,0a6639c7-902a-1167-8193-5327d0ae03b3,60,SCHEDULED,,1114,bruser_agel005,False,PUBLIC
52d27d4d-3c58-47f7-9c91-08a1edab2109,BOT,100012806,ANIL029_ZVMS_Report,PRIORITY_MEDIUM,,,True,messageBox,1135,2026-09-02T18:30:01.55663Z,ANIL029_ZVMS_Report,103,08e0e52d-0ae1-49f4-842c-e47c6aa60cb4,,,852,gcp10wbtrpap05,2026-09-02T18:32:44.597522Z,,,,101830732,ANIL029_ZVMS_Report,,SCHEDULED,,1135,2026-09-02T18:32:44.764362Z,100,,,"['100005124', '354', '386', '356', '357', '389', '359', '100011533', '382']",False,2026-09-02T18:30:39.1088111Z,COMPLETED,False,0a6639c7-902a-1167-8193-5327d0ae03b3,103,SCHEDULED,,1114,bruser_agel005,False,PUBLIC
9e244de5-8a4b-441b-ac2e-3acd0b94198f,BOT,100001169,ANIL020_Sales_Dispatch,PRIORITY_MEDIUM,,,True,SendMailV2,1135,2026-09-02T18:30:02.050848Z,ANIL020_Sales_Dispatch,103,79baa412-a7bf-4f64-a6c6-650b79d7cedd,,,830,gcp10wbtrpap02,2026-09-02T18:31:48.829012Z,,,,100054393,ANIL020_Sales_Dispatch,,SCHEDULED,,1135,2026-09-02T18:31:48.968566Z,100,,,"['100005124', '386', '354', '356', '357', '389', '359', '100011533', '382']",False,2026-09-02T18:30:11.0658563Z,COMPLETED,False,0a6639c7-902a-1167-8193-5327d0ae03b3,103,SCHEDULED,,1110,bruser_agel001,False,PUBLIC
05636edc-e6c0-400d-ac54-ce7ad4d69085,BOT,34703,AUC172_DowntimeSecurityPatch&VAOpen_MasterBot,PRIORITY_MEDIUM,,,True,loop.commands.start,1135,2026-09-02T18:30:01.289073Z,AUC172_DowntimeSecurityPatch&VAOpen_MasterBot,50,d61d89cf-6e19-4a6c-8776-523bcbd63e09,,,852,gcp10wbtrpap05,2026-09-02T18:30:23.8153767Z,,,,423407,AUC172_DowntimeSecurityPatch&VAOpen_MasterBot,,SCHEDULED,,1135,2026-09-02T18:30:23.908822Z,100,,,"['100005124', '354', '386', '389', '357', '359', '100011533', '382']",False,2026-09-02T18:30:16.4892149Z,COMPLETED,False,0a6639c7-902a-1167-8193-5327d0ae03b3,50,SCHEDULED,,1114,bruser_agel005,False,PUBLIC
