id,activityType,automationId,automationName,automationPriority,botLabel,callbackInfo,canManage,command,createdBy,createdOn,currentBotName,currentLine,deploymentId,description,deviceHostType,deviceId,deviceName,endDateTime,error_code,error_details,error_message,fileId,fileName,filePath,initiationType,message,modifiedBy,modifiedOn,progress,queueId,queueName,rolesWithAccess,runElevated,startDateTime,status,systemBot,tenantUuid,totalLines,type,userGroupName,userId,userName,usingRdp,workspaceType
822b9eec-c8d5-49d3-a2cd-2b12f9df62ad_d6907c5c0989a105,BOT,34706,AGEL013_Merit_Order_Summary_ALLIndia_Digital,PRIORITY_MEDIUM,,,True,if,1135,2026-08-03T18:00:01.891893Z,AGEL013_Merit_Order_Summary_ALLIndia_Digital,74,6e4a8253-45f4-41a3-8483-0d024612c3eb,,,857,gcp10wbtrpap03,2026-08-03T18:00:17.5138617Z,,,,429475,AGEL013_Merit_Order_Summary_ALLIndia_Digital,,SCHEDULED,,1135,2026-08-03T18:00:17.620206Z,100,,,"['100005124', '386', '354', '357', '389', '359', '100011533', '382']",False,2026-08-03T18:00:15.6286173Z,COMPLETED,False,0a6639c7-902a-1167-8193-5327d0ae03b3,74,SCHEDULED,,1112,bruser_agel003,False,PUBLIC
00018177-04e2-4dbc-8488-6ef4cc9b3687_bc443be0357c5d98,BOT,35056,AGEL055_Monitory_Analyze,PRIORITY_MEDIUM,,,True,runApp,1133,2026-08-03T17:40:01.347198Z,AGEL055_Monitory_Analyze,211,0a3136a8-df53-4c9b-b28b-23e5b822ffd8,,,852,gcp10wbtrpap05,2026-08-03T17:44:06.1961041Z,,,,516153,AGEL055_Monitory_Analyze,,SCHEDULED,,1133,2026-08-03T17:44:06.310233Z,100,,,"['100005124', '386', '354', '389', '357', '359', '392', '393', '100011533', '382']",False,2026-08-03T17:40:15.6629866Z,COMPLETED,False,0a6639c7-902a-1167-8193-5327d0ae03b3,211,SCHEDULED,,1114,bruser_agel005,False,PUBLIC
04a9ee85-9ba1-4a5a-8d6d-bb2c23aee956_26e6da80f578489c,BOT,35442,ANIL012_PXIL_RTM_Data_Extraction,PRIORITY_MEDIUM,,,True,SendMailV2,1135,2026-08-03T17:30:02.249483Z,ANIL012_PXIL_RTM_Data_Extraction,47,ed3b6157-af2c-4f01-9954-a894c29ecd7c,,,852,gcp10wbtrpap05,2026-08-03T17:31:04.9469864Z,,,,606875,ANIL012_PXIL_RTM_Data_Extraction,,SCHEDULED,,1135,2026-08-03T17:31:05.123911Z,100,,,"['100005124', '386', '354', '356', '389', '357', '359', '100011533', '382']",False,2026-08-03T17:30:16.9059753Z,COMPLETED,False,0a6639c7-902a-1167-8193-5327d0ae03b3,47,SCHEDULED,,1114,bruser_agel005,False,PUBLIC
a7674827-7653-4e32-850f-f3a81142b2d2_1c2e7a43f16bc956,BOT,34705,AGEL013_Merit_Order_Summary_ALLIndia_Digital,PRIORITY_MEDIUM,,,True,if,1135,2026-08-03T17:00:03.215979Z,AGEL013_Merit_Order_Summary_ALLIndia_Digital,74,5ebaddad-0ae5-4fb9-81d9-e118f0ac0906,,,857,gcp10wbtrpap03,2026-08-03T17:03:45.611875Z,,,,429475,AGEL013_Merit_Order_Summary_ALLIndia_Digital,,SCHEDULED,,1135,2026-08-03T17:03:45.710255Z,100,,,"['100005124', '386', '354', '357', '389', '359', '100011533', '382']",False,2026-08-03T17:03:44.0044709Z,COMPLETED,False,0a6639c7-902a-1167-8193-5327d0ae03b3,74,SCHEDULED,,1112,bruser_agel003,False,PUBLIC
82dd1d3f-4bae-41de-93fe-d438e524dcec_216a18bb767b0073,BOT,35382,AGEL059_ERCG_Fatehgarh_Email_Notification.25.08.25.22.30.15.devuser_agel002,PRIORITY_MEDIUM,,,True,if,1133,2026-08-03T17:00:02.104428Z,AGEL059_ERCG_Fatehgarh_Email_Notification,50,f090a086-2fc9-4a94-88ec-8bfcd3bad494,,,857,gcp10wbtrpap03,2026-08-03T17:03:28.1226634Z,,,,558520,AGEL059_ERCG_Fatehgarh_Email_Notification,,SCHEDULED,,1133,2026-08-03T17:03:28.548188Z,100,,,"['100005124', '354', '386', '357', '389', '359', '392', '393', '100011533', '382']",False,2026-08-03T17:00:12.502301Z,COMPLETED,False,0a6639c7-902a-1167-8193-5327d0ae03b3,50,SCHEDULED,,1112,bruser_agel003,False,PUBLIC
be633a2f-05d2-41e4-a0a8-eff84ebc5504_8c6357a34fa69380,BOT,100012348,ANIL028_zsa003N_G_Dump,PRIORITY_MEDIUM,,,True,messageBox,1135,2026-08-03T16:45:02.607293Z,ANIL028_zsa003N_G_Dump,60,d52a2631-5d62-4ad0-b3ba-956df9ac4533,,,852,gcp10wbtrpap05,2026-08-03T16:48:16.9521581Z,,,,101763950,ANIL028_zsa003N_G_Dump,,SCHEDULED,,1135,2026-08-03T16:48:17.086556Z,100,,,"['100005124', '354', '386', '356', '357', '389', '359', '100011533', '382']",False,2026-08-03T16:47:23.1533264Z,COMPLETED,False,0a6639c7-902a-1167-8193-5327d0ae03b3,60,SCHEDULED,,1114,bruser_agel005,False,PUBLIC
3e3ac533-6737-4e09-86da-a6aaa32b525c_d545bfa650a8d69d,BOT,100012806,ANIL029_ZVMS_Report,PRIORITY_MEDIUM,,,True,messageBox,1135,2026-08-03T16:45:02.36072Z,ANIL029_ZVMS_Report,103,27a88bbb-8020-4ced-975f-5f254a3a7778,,,852,gcp10wbtrpap05,2026-08-03T16:47:04.054712Z,,,,101830732,ANIL029_ZVMS_Report,,SCHEDULED,,1135,2026-08-03T16:47:04.203491Z,100,,,"['100005124', '354', '386', '356', '357', '389', '359', '100011533', '382']",False,2026-08-03T16:45:16.5498995Z,COMPLETED,False,0a6639c7-902a-1167-8193-5327d0ae03b3,103,SCHEDULED,,1114,bruser_agel005,False,PUBLIC
9418f777-811c-4b80-9113-f4c74745a9cb_dfb6bff778a80c96,BOT,34703,AUC172_DowntimeSecurityPatch&VAOpen_MasterBot,PRIORITY_MEDIUM,,,True,loop.commands.start,1135,2026-08-03T16:30:03.981563Z,AUC172_DowntimeSecurityPatch&VAOpen_MasterBot,50,81776c6a-f4b9-4d6d-b955-a68d3fbe3e5a,,,852,gcp10wbtrpap05,2026-08-03T16:31:32.2684832Z,,,,423407,AUC172_DowntimeSecurityPatch&VAOpen_MasterBot,,SCHEDULED,,1135,2026-08-03T16:31:32.395876Z,100,,,"['100005124', '354', '386', '389', '357', '359', '100011533', '382']",False,2026-08-03T16:31:24.6254355Z,COMPLETED,False,0a6639c7-902a-1167-8193-5327d0ae03b3,50,SCHEDULED,,1114,bruser_agel005,False,PUBLIC
ee677744-dd35-4ee0-bb5d-4d3089bce388_a4adc829eda3560f,BOT,35442,ANIL012_PXIL_RTM_Data_Extraction,PRIORITY_MEDIUM,,,True,SendMailV2,1135,2026-08-03T16:30:01.777509Z,ANIL012_PXIL_RTM_Data_Extraction,47,38fee37c-10e8-4426-9c5f-8457bba675ff,,,852,gcp10wbtrpap05,2026-08-03T16:31:08.782747Z,,,,606875,ANIL012_PXIL_RTM_Data_Extraction,,SCHEDULED,,1135,2026-08-03T16:31:08.925609Z,100,,,"['100005124', '386', '354', '356', '389', '357', '359', '100011533', '382']",False,2026-08-03T16:30:19.3344437Z,COMPLETED,False,0a6639c7-902a-1167-8193-5327d0ae03b3,47,SCHEDULED,,1114,bruser_agel005,False,PUBLIC
4b49eeea-1e90-4b69-9dcf-d9be4b531c4a_83ada0754a80303f,BOT,35451,AGEL075_Hybrid_AVC_Punch_MainTask.25.10.15.05.22.05.devuser_agel005,PRIORITY_MEDIUM,,,True,runApp,1136,2026-08-03T15:54:00.875968Z,AGEL075_Hybrid_AVC_Punch_MainTask,89,14e8a726-da9f-4210-a4e2-4d00d5da2432,,,1059,gcp10wbtrpap04,2026-08-03T15:59:29.1085756Z,,,,535089,AGEL075_Hybrid_AVC_Punch_MainTask,,SCHEDULED,,1136,2026-08-03T15:59:29.23663Z,100,,,"['100005124', '386', '354', '357', '389', '359', '392', '393', '100011533', '382']",False,2026-08-03T15:54:14.1219546Z,COMPLETED,False,0a6639c7-902a-1167-8193-5327d0ae03b3,89,SCHEDULED,,1113,bruser_agel004,False,PUBLIC
7af594d1-86da-4ff5-a5e1-c94242393594_dde53140154a57fe,BOT,35451,AGEL075_Hybrid_AVC_Punch_MainTask.25.10.15.05.22.05.devuser_agel005,PRIORITY_MEDIUM,,,True,runApp,1136,2026-08-03T15:39:00.811418Z,AGEL075_Hybrid_AVC_Punch_MainTask,89,919d3741-9e5f-4800-a514-03f86e93c60b,,,1059,gcp10wbtrpap04,2026-08-03T15:44:28.9694335Z,,,,535089,AGEL075_Hybrid_AVC_Punch_MainTask,,SCHEDULED,,1136,2026-08-03T15:44:29.141114Z,100,,,"['100005124', '386', '354', '357', '389', '359', '392', '393', '100011533', '382']",False,2026-08-03T15:39:13.7874766Z,COMPLETED,False,0a6639c7-902a-1167-8193-5327d0ae03b3,89,SCHEDULED,,1113,bruser_agel004,False,PUBLIC
66f62157-5d7c-4ac8-9504-b8f2cf01cbdd_5ec8b5ccfd897c9c,BOT,35442,ANIL012_PXIL_RTM_Data_Extraction,PRIORITY_MEDIUM,,,True,SendMailV2,1135,2026-08-03T15:30:02.884509Z,ANIL012_PXIL_RTM_Data_Extraction,47,9cbb1b11-f507-46fc-b628-3f7e3603465a,,,852,gcp10wbtrpap05,2026-08-03T15:34:07.2895216Z,,,,606875,ANIL012_PXIL_RTM_Data_Extraction,,SCHEDULED,,1135,2026-08-03T15:34:07.475567Z,100,,,"['100005124', '354', '386', '356', '389', '357', '359', '100011533', '382']",False,2026-08-03T15:33:11.0370984Z,COMPLETED,False,0a6639c7-902a-1167-8193-5327d0ae03b3,47,SCHEDULED,,1114,bruser_agel005,False,PUBLIC
b9f40264-4566-4434-884c-fc51486034f4_58dc49da59c62d2e,BOT,35060,AGEL053_UP_Final_Schedule_Notification,PRIORITY_MEDIUM,,,True,createFolder,1133,2026-08-03T15:30:02.315505Z,AGEL053_UP_Final_Schedule_Notification,150,7e2f5f15-ff0f-427a-9ebf-2686c0fc0eeb,,,852,gcp10wbtrpap05,2026-08-03T15:32:55.385752Z,,,,516676,AGEL053_UP_Final_Schedule_Notification,,SCHEDULED,,1133,2026-08-03T15:32:55.567262Z,100,,,"['100005124', '386', '354', '389', '357', '359', '392', '393', '100011533', '382']",False,2026-08-03T15:30:13.6861193Z,COMPLETED,False,0a6639c7-902a-1167-8193-5327d0ae03b3,150,SCHEDULED,,1114,bruser_agel005,False,PUBLIC
07644e72-1b24-4d4c-9cf8-aaa78236c29a_ebd52f2fa5459d28,BOT,35451,AGEL075_Hybrid_AVC_Punch_MainTask.25.10.15.05.22.05.devuser_agel005,PRIORITY_MEDIUM,,,True,runApp,1136,2026-08-03T15:24:00.998852Z,AGEL075_Hybrid_AVC_Punch_MainTask,89,f1df8337-a974-439a-bdab-51a10099af13,,,1059,gcp10wbtrpap04,2026-08-03T15:29:28.8820485Z,,,,535089,AGEL075_Hybrid_AVC_Punch_MainTask,,SCHEDULED,,1136,2026-08-03T15:29:29.031896Z,100,,,"['100005124', '386', '354', '357', '389', '359', '392', '393', '100011533', '382']",False,2026-08-03T15:24:14.0443216Z,COMPLETED,False,0a6639c7-902a-1167-8193-5327d0ae03b3,89,SCHEDULED,,1113,bruser_agel004,False,PUBLIC
287aed2f-0d72-4dfc-a00b-6cc76634fb54_f1cad4ef9e9b55e5,BOT,0,AGEL013_Merit_Order_Summary_ALLIndia_Digital.26.08.03.20.54.44.devuser_agel002,PRIORITY_MEDIUM,,,True,SendMailV2,1133,2026-08-03T15:24:55.492397Z,AGEL013_Merit_Order_Summary_ALLIndia_Digital,74,227ad8ef-9869-4c58-81e6-082b0b2a6f4b,,,857,gcp10wbtrpap03,2026-08-03T15:25:58.6454174Z,,,,429475,AGEL013_Merit_Order_Summary_ALLIndia_Digital,,RUN_NOW,,1133,2026-08-03T15:25:58.931867Z,100,,,"['100005124', '386', '354', '357', '389', '359', '100011533', '382']",False,2026-08-03T15:25:02.534598Z,COMPLETED,False,0a6639c7-902a-1167-8193-5327d0ae03b3,74,RUN_NOW,,1112,bruser_agel003,False,PUBLIC
c6173b11-0bab-4234-84ca-11016a7abea3_2aeade9769e19256,BOT,0,AGEL013_Merit_Order_Summary_ALLIndia_Digital.26.08.03.20.44.24.devuser_agel002,PRIORITY_MEDIUM,,,True,waitForWindow,1133,2026-08-03T15:14:37.203222Z,AGEL013_Merit_Order_Summary_ALLIndia_Digital,37,62e3b00a-3ac7-4e26-a4c8-a623c90d0bd7,,,857,gcp10wbtrpap03,2026-08-03T15:23:56.1430246Z,ba.bot.execution.force.stop,,Forcefully closed the bot execution due to user stopping it.,429475,AGEL013_Merit_Order_Summary_ALLIndia_Digital,,RUN_NOW,Forcefully closed the bot execution due to user stopping it.,1133,2026-08-03T15:23:56.195519Z,41,,,"['100005124', '386', '354', '357', '389', '359', '100011533', '382']",False,2026-08-03T15:14:47.0817863Z,RUN_ABORTED,False,0a6639c7-902a-1167-8193-5327d0ae03b3,74,RUN_NOW,,1112,bruser_agel003,False,PUBLIC
25993c98-bcf2-4a44-bf52-b5634f7c660d_92c4decb92b0300c,BOT,0,AGEL050_Daily_Schedule_Notification_to_Plants.26.08.03.20.41.29.devuser_agel002,PRIORITY_MEDIUM,,,True,deleteFiles,1133,2026-08-03T15:11:41.833462Z,AGEL050_Daily_Schedule_Notification_to_Plants,124,2e9aaed1-cac9-4cce-9710-341f56403013,,,852,gcp10wbtrpap05,2026-08-03T15:21:30.2626173Z,,,,484310,AGEL050_Daily_Schedule_Notification_to_Plants,,RUN_NOW,,1133,2026-08-03T15:21:30.439465Z,100,,,"['100005124', '354', '386', '357', '389', '359', '393', '100011533', '382']",False,2026-08-03T15:11:49.820435Z,COMPLETED,False,0a6639c7-902a-1167-8193-5327d0ae03b3,124,RUN_NOW,,1114,bruser_agel005,False,PUBLIC
97ff85ab-cd94-4344-a077-6bd5aee360ce_b6a8fd044fea2706,BOT,35451,AGEL075_Hybrid_AVC_Punch_MainTask.25.10.15.05.22.05.devuser_agel005,PRIORITY_MEDIUM,,,True,runApp,1136,2026-08-03T15:09:00.954095Z,AGEL075_Hybrid_AVC_Punch_MainTask,89,e4a75c5f-029c-4a38-86d7-a6d2c205765d,,,1059,gcp10wbtrpap04,2026-08-03T15:14:28.1520684Z,,,,535089,AGEL075_Hybrid_AVC_Punch_MainTask,,SCHEDULED,,1136,2026-08-03T15:14:28.328572Z,100,,,"['100005124', '386', '354', '357', '389', '359', '392', '393', '100011533', '382']",False,2026-08-03T15:09:13.9247235Z,COMPLETED,False,0a6639c7-902a-1167-8193-5327d0ae03b3,89,SCHEDULED,,1113,bruser_agel004,False,PUBLIC
479c327f-14fc-4e06-a2fc-1eb10c5eae5e_b46d4e0caaa20eb1,BOT,34704,AGEL013_Merit_Order_Summary_ALLIndia_Digital,PRIORITY_MEDIUM,,,True,SendMailV2,1135,2026-08-03T15:00:02.143584Z,AGEL013_Merit_Order_Summary_ALLIndia_Digital,74,eeb4fe6b-7a99-4df1-809b-90dd66fff119,,,857,gcp10wbtrpap03,2026-08-03T15:00:50.8625857Z,,,,429475,AGEL013_Merit_Order_Summary_ALLIndia_Digital,,SCHEDULED,,1135,2026-08-03T15:00:51.05607Z,100,,,"['100005124', '386', '354', '357', '389', '359', '100011533', '382']",False,2026-08-03T15:00:17.1335773Z,COMPLETED,False,0a6639c7-902a-1167-8193-5327d0ae03b3,74,SCHEDULED,,1112,bruser_agel003,False,PUBLIC
15a58a3f-c60c-479f-83c8-8335b28db616_f178238ee7881e83,BOT,35451,AGEL075_Hybrid_AVC_Punch_MainTask.25.10.15.05.22.05.devuser_agel005,PRIORITY_MEDIUM,,,True,runApp,1136,2026-08-03T14:54:00.735214Z,AGEL075_Hybrid_AVC_Punch_MainTask,89,ca36afea-b909-48fa-9daf-cfcae7a10cc5,,,1059,gcp10wbtrpap04,2026-08-03T14:59:28.4816993Z,,,,535089,AGEL075_Hybrid_AVC_Punch_MainTask,,SCHEDULED,,1136,2026-08-03T14:59:28.631156Z,100,,,"['100005124', '386', '354', '357', '389', '359', '392', '393', '100011533', '382']",False,2026-08-03T14:54:13.1459393Z,COMPLETED,False,0a6639c7-902a-1167-8193-5327d0ae03b3,89,SCHEDULED,,1113,bruser_agel004,False,PUBLIC
5de8b394-04ff-4d53-a527-f1b9d4019ac2_6fb22167814cbf9a,BOT,100012806,ANIL029_ZVMS_Report,PRIORITY_MEDIUM,,,True,messageBox,1135,2026-08-03T14:45:02.489999Z,ANIL029_ZVMS_Report,103,9ec05ede-9689-4ffb-9d70-af6318709d45,,,852,gcp10wbtrpap05,2026-08-03T14:48:36.410743Z,,,,101830732,ANIL029_ZVMS_Report,,SCHEDULED,,1135,2026-08-03T14:48:36.560302Z,100,,,"['100005124', '354', '386', '356', '357', '389', '359', '100011533', '382']",False,2026-08-03T14:46:35.2774981Z,COMPLETED,False,0a6639c7-902a-1167-8193-5327d0ae03b3,103,SCHEDULED,,1114,bruser_agel005,False,PUBLIC
ebfcfed3-6549-4e71-8b16-860daf6f3cc0_62785e3014544c9a,BOT,100012348,ANIL028_zsa003N_G_Dump,PRIORITY_MEDIUM,,,True,messageBox,1135,2026-08-03T14:45:01.966579Z,ANIL028_zsa003N_G_Dump,60,b4b593b3-f6f5-4aad-ac8a-bf59242d2e3f,,,852,gcp10wbtrpap05,2026-08-03T14:46:18.5255705Z,,,,101763950,ANIL028_zsa003N_G_Dump,,SCHEDULED,,1135,2026-08-03T14:46:18.670707Z,100,,,"['100005124', '354', '386', '356', '357', '389', '359', '100011533', '382']",False,2026-08-03T14:45:16.7433699Z,COMPLETED,False,0a6639c7-902a-1167-8193-5327d0ae03b3,60,SCHEDULED,,1114,bruser_agel005,False,PUBLIC
ef63ad7a-cf85-4e40-af4b-9f4ecf6ffa47_1c2e94fdd81b0049,BOT,35451,AGEL075_Hybrid_AVC_Punch_MainTask.25.10.15.05.22.05.devuser_agel005,PRIORITY_MEDIUM,,,True,runApp,1136,2026-08-03T14:39:00.788673Z,AGEL075_Hybrid_AVC_Punch_MainTask,89,8856d511-48df-4bd1-84f6-b70707c4a3ad,,,1059,gcp10wbtrpap04,2026-08-03T14:44:28.9319051Z,,,,535089,AGEL075_Hybrid_AVC_Punch_MainTask,,SCHEDULED,,1136,2026-08-03T14:44:29.095092Z,100,,,"['100005124', '386', '354', '357', '389', '359', '392', '393', '100011533', '382']",False,2026-08-03T14:39:14.0263255Z,COMPLETED,False,0a6639c7-902a-1167-8193-5327d0ae03b3,89,SCHEDULED,,1113,bruser_agel004,False,PUBLIC
cefeda3f-786b-49e9-b70f-db4cf15d5ead_47b2bed8c983124e,BOT,34703,AUC172_DowntimeSecurityPatch&VAOpen_MasterBot,PRIORITY_MEDIUM,,,True,loop.commands.start,1135,2026-08-03T14:30:05.598412Z,AUC172_DowntimeSecurityPatch&VAOpen_MasterBot,50,6722937b-d104-4e23-a50c-7092143fe8ce,,,852,gcp10wbtrpap05,2026-08-03T14:34:58.4048446Z,,,,423407,AUC172_DowntimeSecurityPatch&VAOpen_MasterBot,,SCHEDULED,,1135,2026-08-03T14:34:58.817372Z,100,,,"['100005124', '354', '386', '389', '357', '359', '100011533', '382']",False,2026-08-03T14:34:50.8125449Z,COMPLETED,False,0a6639c7-902a-1167-8193-5327d0ae03b3,50,SCHEDULED,,1114,bruser_agel005,False,PUBLIC
f071f85d-9b0e-4620-b88b-f25396491bdb_f3ef8465edba6651,BOT,35430,ANIL009_NSEIndia_Data_Extraction,PRIORITY_MEDIUM,,,True,SendMailV2,1135,2026-08-03T14:30:04.838364Z,ANIL009_NSEIndia_Data_Extraction,89,fdb0f97e-2348-4c24-8ced-14516ddb812c,,,852,gcp10wbtrpap05,2026-08-03T14:34:25.4561466Z,,,,604470,ANIL009_NSEIndia_Data_Extraction,,SCHEDULED,,1135,2026-08-03T14:34:25.622708Z,100,,,"['100005124', '354', '386', '356', '357', '389', '359', '100011533', '382']",False,2026-08-03T14:33:12.7917441Z,COMPLETED,False,0a6639c7-902a-1167-8193-5327d0ae03b3,89,SCHEDULED,,1114,bruser_agel005,False,PUBLIC
5f8a0500-c5ca-4de6-b0db-50a3a35d0846_2ed1816a6e7c6429,BOT,35429,ANIL008_MCX_Data_Extraction_MainTask,PRIORITY_MEDIUM,,,True,SendMailV2,1135,2026-08-03T14:30:04.690742Z,ANIL008_MCX_Data_Extraction_MainTask,60,b64696d9-3e38-4a15-b7a5-cc2f033ef618,,,852,gcp10wbtrpap05,2026-08-03T14:32:48.1345942Z,ba.bot.execution.error,"This may be due to the following reason:

    Invalid argument supplied to 'list', index '0' is invalid or out of bound.

Location: ANIL008_MCX_Data_Extraction_MainTask (line 60)

","There was a problem at line 60
",604508,ANIL008_MCX_Data_Extraction_MainTask,,SCHEDULED,"There was a problem at line 60
 This may be due to the following reason:

Invalid argument supplied to 'list', index '0' is invalid or out of bound.

Location: ANIL008_MCX_Data_Extraction_MainTask (line 60)

 To continue, edit the bot and fix the error. Then, try again.


If you continue to see this message, please contact your system administrator.",1135,2026-08-03T14:32:48.310301Z,100,,,"['100005124', '386', '354', '356', '389', '357', '359', '100011533', '382']",False,2026-08-03T14:31:24.4163417Z,RUN_FAILED,False,0a6639c7-902a-1167-8193-5327d0ae03b3,60,SCHEDULED,,1114,bruser_agel005,False,PUBLIC
74da17ba-3080-4747-a990-e2c209069982_235e75d9ab713203,BOT,35477,AUC174_AGEL_Send_Mail.25.11.02.07.13.03.devuser_agel005,PRIORITY_MEDIUM,,,True,delay,1136,2026-08-03T14:30:04.677389Z,AUC174_AGEL_Send_Mail,57,aacb70ae-10b3-472c-bb07-17b3c19ed67d,,,830,gcp10wbtrpap02,2026-08-03T14:31:17.3043766Z,,,,429711,AUC174_AGEL_Send_Mail,,SCHEDULED,,1136,2026-08-03T14:31:17.473972Z,100,,,"['100005124', '354', '386', '357', '389', '359', '100011533', '382']",False,2026-08-03T14:30:12.106155Z,COMPLETED,False,0a6639c7-902a-1167-8193-5327d0ae03b3,57,SCHEDULED,,1110,bruser_agel001,False,PUBLIC
3994c002-fb92-4bcc-b460-3d51f088c25f_e362e269e9a04f44,BOT,35442,ANIL012_PXIL_RTM_Data_Extraction,PRIORITY_MEDIUM,,,True,SendMailV2,1135,2026-08-03T14:30:01.785251Z,ANIL012_PXIL_RTM_Data_Extraction,47,0830a6f4-170f-4938-b604-8fd816d83a91,,,852,gcp10wbtrpap05,2026-08-03T14:31:09.0619462Z,,,,606875,ANIL012_PXIL_RTM_Data_Extraction,,SCHEDULED,,1135,2026-08-03T14:31:09.219004Z,100,,,"['100005124', '354', '386', '356', '389', '357', '359', '100011533', '382']",False,2026-08-03T14:30:19.1732412Z,COMPLETED,False,0a6639c7-902a-1167-8193-5327d0ae03b3,47,SCHEDULED,,1114,bruser_agel005,False,PUBLIC
402dc5cd-ee0e-4455-995e-aeae06447b66_7055a8763ff05e12,BOT,35451,AGEL075_Hybrid_AVC_Punch_MainTask.25.10.15.05.22.05.devuser_agel005,PRIORITY_MEDIUM,,,True,runApp,1136,2026-08-03T14:24:00.785109Z,AGEL075_Hybrid_AVC_Punch_MainTask,89,f900e6a9-1602-472a-9545-38bea1b311b6,,,1059,gcp10wbtrpap04,2026-08-03T14:29:26.467075Z,,,,535089,AGEL075_Hybrid_AVC_Punch_MainTask,,SCHEDULED,,1136,2026-08-03T14:29:26.630833Z,100,,,"['100005124', '386', '354', '357', '389', '359', '392', '393', '100011533', '382']",False,2026-08-03T14:24:12.0922613Z,COMPLETED,False,0a6639c7-902a-1167-8193-5327d0ae03b3,89,SCHEDULED,,1113,bruser_agel004,False,PUBLIC
1ee0087b-3732-4742-9296-87f5262ccca7_26848da0169f23ea,BOT,0,PVSyst_TriggerBot.2026.08.03.14.20.31.bruser_agel007,PRIORITY_MEDIUM,,,True,runTask,1116,2026-08-03T14:20:32.518519Z,PVSyst_TriggerBot,100,a9bdc6d6-4391-4039-b458-c00eaab7c6e4,,,100008487,DT-1001-G62J7W3,2026-08-03T14:29:16.1533512Z,,,,427692,PVSyst_TriggerBot,,TRIGGER,,1116,2026-08-03T14:29:15.685303Z,100,,,"['100005124', '354', '386', '389', '357', '359', '392', '100011533', '382']",False,2026-08-03T14:20:39.7143187Z,COMPLETED,False,0a6639c7-902a-1167-8193-5327d0ae03b3,100,TRIGGER,,1116,bruser_agel007,False,PUBLIC
a4ca1828-46a0-4904-9d53-8f1329f7bfa7_1eea01efdcadc12d,BOT,35451,AGEL075_Hybrid_AVC_Punch_MainTask.25.10.15.05.22.05.devuser_agel005,PRIORITY_MEDIUM,,,True,runApp,1136,2026-08-03T14:09:00.782217Z,AGEL075_Hybrid_AVC_Punch_MainTask,89,831385ed-ab76-4bb4-aeee-b88cc9b21edd,,,1059,gcp10wbtrpap04,2026-08-03T14:14:29.9734386Z,,,,535089,AGEL075_Hybrid_AVC_Punch_MainTask,,SCHEDULED,,1136,2026-08-03T14:14:30.179152Z,100,,,"['100005124', '386', '354', '357', '389', '359', '392', '393', '100011533', '382']",False,2026-08-03T14:09:14.1596095Z,COMPLETED,False,0a6639c7-902a-1167-8193-5327d0ae03b3,89,SCHEDULED,,1113,bruser_agel004,False,PUBLIC
8865a0f5-1721-45a2-a4b8-5882af71d667_06780fff970ab8fd,BOT,35451,AGEL075_Hybrid_AVC_Punch_MainTask.25.10.15.05.22.05.devuser_agel005,PRIORITY_MEDIUM,,,True,runApp,1136,2026-08-03T13:54:00.982362Z,AGEL075_Hybrid_AVC_Punch_MainTask,89,490a73b9-530f-4818-82c9-b3989abf596e,,,1059,gcp10wbtrpap04,2026-08-03T13:59:29.9831823Z,,,,535089,AGEL075_Hybrid_AVC_Punch_MainTask,,SCHEDULED,,1136,2026-08-03T13:59:30.10429Z,100,,,"['100005124', '386', '354', '357', '389', '359', '392', '393', '100011533', '382']",False,2026-08-03T13:54:15.0956358Z,COMPLETED,False,0a6639c7-902a-1167-8193-5327d0ae03b3,89,SCHEDULED,,1113,bruser_agel004,False,PUBLIC
99513a8c-1f24-43ba-a517-db44bb3e3170_2013f298ceef5c73,BOT,35451,AGEL075_Hybrid_AVC_Punch_MainTask.25.10.15.05.22.05.devuser_agel005,PRIORITY_MEDIUM,,,True,runApp,1136,2026-08-03T13:39:00.82883Z,AGEL075_Hybrid_AVC_Punch_MainTask,89,d95883b2-143e-4cde-9c2b-2652b7d0dff5,,,1059,gcp10wbtrpap04,2026-08-03T13:44:27.9323787Z,,,,535089,AGEL075_Hybrid_AVC_Punch_MainTask,,SCHEDULED,,1136,2026-08-03T13:44:28.047599Z,100,,,"['100005124', '386', '354', '357', '389', '359', '392', '393', '100011533', '382']",False,2026-08-03T13:39:13.8100141Z,COMPLETED,False,0a6639c7-902a-1167-8193-5327d0ae03b3,89,SCHEDULED,,1113,bruser_agel004,False,PUBLIC
85b92e5b-5a6d-408a-b7a2-4b268bac7eff_b9b68ce98a06ca86,BOT,100012349,ANIL026_zmmsez08_Dump,PRIORITY_MEDIUM,,,True,loop.commands.start,1135,2026-08-03T13:30:05.267017Z,ANIL026_zmmsez08_Dump,85,13fa3336-023c-4e5f-b1bc-1157aa9297ac,,,852,gcp10wbtrpap05,2026-08-03T13:39:05.4209335Z,,,,101761378,ANIL026_zmmsez08_Dump,,SCHEDULED,,1135,2026-08-03T13:39:05.997441Z,100,,,"['100005124', '354', '386', '356', '357', '389', '359', '100011533', '382']",False,2026-08-03T13:31:23.286897Z,COMPLETED,False,0a6639c7-902a-1167-8193-5327d0ae03b3,85,SCHEDULED,,1114,bruser_agel005,False,PUBLIC
a7b7ce60-bf69-41d7-9f8e-a0dc2d08d608_47d39638923a8b28,BOT,35442,ANIL012_PXIL_RTM_Data_Extraction,PRIORITY_MEDIUM,,,True,SendMailV2,1135,2026-08-03T13:30:01.848111Z,ANIL012_PXIL_RTM_Data_Extraction,47,07ccf99b-e8ff-462a-bc42-c85171128c12,,,852,gcp10wbtrpap05,2026-08-03T13:31:04.3015508Z,,,,606875,ANIL012_PXIL_RTM_Data_Extraction,,SCHEDULED,,1135,2026-08-03T13:31:04.461683Z,100,,,"['100005124', '386', '354', '356', '389', '357', '359', '100011533', '382']",False,2026-08-03T13:30:15.1018606Z,COMPLETED,False,0a6639c7-902a-1167-8193-5327d0ae03b3,47,SCHEDULED,,1114,bruser_agel005,False,PUBLIC
8af7cf17-ecda-499f-97e2-8749498d108c_ac300d43cde3787b,BOT,35434,AUC119_AGEL_MasterBot.25.10.09.12.49.24.devuser_agel003,PRIORITY_MEDIUM,,,True,stopTask,1134,2026-08-03T13:30:02.462472Z,AUC119_AGEL_MasterBot,9,75185e5e-374c-4236-b683-a744b0b75d89,,,1061,gcp10wbtrpap01,2026-08-03T13:30:19.3620166Z,,,,411366,AUC119_AGEL_MasterBot,,SCHEDULED,,1134,2026-08-03T13:30:19.492516Z,100,,,"['100005124', '386', '354', '387', '389', '357', '359', '100011533', '382']",False,2026-08-03T13:30:17.4670325Z,COMPLETED,False,0a6639c7-902a-1167-8193-5327d0ae03b3,9,SCHEDULED,,1111,bruser_agel002,False,PUBLIC
9f23b42c-6d60-40cf-9087-d845dcb915d0_3f8ec4af6fe5b4d5,BOT,35451,AGEL075_Hybrid_AVC_Punch_MainTask.25.10.15.05.22.05.devuser_agel005,PRIORITY_MEDIUM,,,True,runApp,1136,2026-08-03T13:24:00.997921Z,AGEL075_Hybrid_AVC_Punch_MainTask,89,3e6ced85-687a-4a2e-b2b8-02256e1f6e80,,,1059,gcp10wbtrpap04,2026-08-03T13:29:30.0183311Z,,,,535089,AGEL075_Hybrid_AVC_Punch_MainTask,,SCHEDULED,,1136,2026-08-03T13:29:30.163761Z,100,,,"['100005124', '386', '354', '357', '389', '359', '392', '393', '100011533', '382']",False,2026-08-03T13:24:14.2704655Z,COMPLETED,False,0a6639c7-902a-1167-8193-5327d0ae03b3,89,SCHEDULED,,1113,bruser_agel004,False,PUBLIC
939c20c1-1b50-4aa8-a24d-b8e5391e33ce_c26eca26e1341a32,BOT,35451,AGEL075_Hybrid_AVC_Punch_MainTask.25.10.15.05.22.05.devuser_agel005,PRIORITY_MEDIUM,,,True,runApp,1136,2026-08-03T13:09:00.842055Z,AGEL075_Hybrid_AVC_Punch_MainTask,89,89220c30-4d22-4a73-91bd-a6676d36359f,,,1059,gcp10wbtrpap04,2026-08-03T13:14:29.3205743Z,,,,535089,AGEL075_Hybrid_AVC_Punch_MainTask,,SCHEDULED,,1136,2026-08-03T13:14:29.475172Z,100,,,"['100005124', '386', '354', '357', '389', '359', '392', '393', '100011533', '382']",False,2026-08-03T13:09:14.2728166Z,COMPLETED,False,0a6639c7-902a-1167-8193-5327d0ae03b3,89,SCHEDULED,,1113,bruser_agel004,False,PUBLIC
b018cb71-49f5-4603-bdd3-1c253bed275e_64d349b50eb14506,BOT,0,AGEL050_Daily_Schedule_Notification_to_Plants.26.08.03.18.38.59.devuser_agel002,PRIORITY_MEDIUM,,,True,SendMailV2,1133,2026-08-03T13:09:16.511296Z,AGEL050_Daily_Schedule_Notification_to_Plants,124,fd46dca8-abfe-4b3b-b8aa-f92c72dd2456,,,852,gcp10wbtrpap05,2026-08-03T13:09:56.0581065Z,,,,484310,AGEL050_Daily_Schedule_Notification_to_Plants,,RUN_NOW,,1133,2026-08-03T13:09:56.199118Z,100,,,"['100005124', '354', '386', '357', '389', '359', '393', '100011533', '382']",False,2026-08-03T13:09:24.186028Z,COMPLETED,False,0a6639c7-902a-1167-8193-5327d0ae03b3,124,RUN_NOW,,1114,bruser_agel005,False,PUBLIC
0e582f29-9979-4597-8130-05ea5a2b28cb_6f96368aa6d18439,BOT,0,AGEL050_Daily_Schedule_Notification_to_Plants.26.08.03.18.32.38.devuser_agel002,PRIORITY_MEDIUM,,,True,SendMailV2,1133,2026-08-03T13:02:48.961464Z,AGEL050_Daily_Schedule_Notification_to_Plants,124,40ec64d8-34ed-4119-8d9b-545ae9834eac,,,852,gcp10wbtrpap05,2026-08-03T13:03:31.3564317Z,,,,484310,AGEL050_Daily_Schedule_Notification_to_Plants,,RUN_NOW,,1133,2026-08-03T13:03:31.493871Z,100,,,"['100005124', '354', '386', '357', '389', '359', '393', '100011533', '382']",False,2026-08-03T13:02:57.6846175Z,COMPLETED,False,0a6639c7-902a-1167-8193-5327d0ae03b3,124,RUN_NOW,,1114,bruser_agel005,False,PUBLIC
ead86ad9-faae-40e9-8132-56d44001e0a1_f151ac9de6c030c0,BOT,0,AGEL050_Daily_Schedule_Notification_to_Plants.26.08.03.18.30.10.devuser_agel002,PRIORITY_MEDIUM,,,True,SendMailV2,1133,2026-08-03T13:00:19.826527Z,AGEL050_Daily_Schedule_Notification_to_Plants,124,f03a1926-aad8-4632-b1ca-9668ecedeab9,,,852,gcp10wbtrpap05,2026-08-03T13:01:37.1709912Z,,,,484310,AGEL050_Daily_Schedule_Notification_to_Plants,,RUN_NOW,,1133,2026-08-03T13:01:37.311288Z,100,,,"['100005124', '354', '386', '357', '389', '359', '393', '100011533', '382']",False,2026-08-03T13:01:03.4957108Z,COMPLETED,False,0a6639c7-902a-1167-8193-5327d0ae03b3,124,RUN_NOW,,1114,bruser_agel005,False,PUBLIC
cd1657fe-73d1-426f-9a92-0f9b97823a58_6550dc915219d052,BOT,0,ANIL014_ZPODTL_Dump_Extract.26.08.03.18.24.46.devuser_agel002,PRIORITY_MEDIUM,,,True,SendMailV2,1133,2026-08-03T12:54:55.935068Z,ANIL014_ZPODTL_Dump_Extract,76,f3b43b3a-08ad-4a19-ad53-af2a14a06bc4,,,852,gcp10wbtrpap05,2026-08-03T13:00:55.1436623Z,,,,606415,ANIL014_ZPODTL_Dump_Extract,,RUN_NOW,,1133,2026-08-03T13:00:55.295131Z,100,,,"['100005124', '386', '354', '356', '357', '389', '359', '100011533', '382']",False,2026-08-03T12:55:05.3303282Z,COMPLETED,False,0a6639c7-902a-1167-8193-5327d0ae03b3,76,RUN_NOW,,1114,bruser_agel005,False,PUBLIC
bc6cd118-b4f1-4fbe-92ef-aa3a76208b5d_ad0de45254be27b9,BOT,35451,AGEL075_Hybrid_AVC_Punch_MainTask.25.10.15.05.22.05.devuser_agel005,PRIORITY_MEDIUM,,,True,runApp,1136,2026-08-03T12:54:00.911222Z,AGEL075_Hybrid_AVC_Punch_MainTask,89,e228ddc3-72ad-42bb-99a9-97f7c4d0feac,,,1059,gcp10wbtrpap04,2026-08-03T12:59:29.0963446Z,,,,535089,AGEL075_Hybrid_AVC_Punch_MainTask,,SCHEDULED,,1136,2026-08-03T12:59:29.249127Z,100,,,"['100005124', '386', '354', '357', '389', '359', '392', '393', '100011533', '382']",False,2026-08-03T12:54:14.0320859Z,COMPLETED,False,0a6639c7-902a-1167-8193-5327d0ae03b3,89,SCHEDULED,,1113,bruser_agel004,False,PUBLIC
35196dcf-2bb8-4d9d-b805-371c166a97b2_4b658e0fb0866a7a,BOT,100012806,ANIL029_ZVMS_Report,PRIORITY_MEDIUM,,,True,messageBox,1135,2026-08-03T12:45:02.191245Z,ANIL029_ZVMS_Report,103,37dc4a6f-dd27-40c8-afe2-0880ee990214,,,852,gcp10wbtrpap05,2026-08-03T12:48:15.6705911Z,,,,101830732,ANIL029_ZVMS_Report,,SCHEDULED,,1135,2026-08-03T12:48:15.840687Z,100,,,"['100005124', '354', '386', '356', '357', '389', '359', '100011533', '382']",False,2026-08-03T12:46:25.5353978Z,COMPLETED,False,0a6639c7-902a-1167-8193-5327d0ae03b3,103,SCHEDULED,,1114,bruser_agel005,False,PUBLIC
adc63276-1897-4d4f-bd85-487663470b71_e37138af36d0843e,BOT,100012348,ANIL028_zsa003N_G_Dump,PRIORITY_MEDIUM,,,True,messageBox,1135,2026-08-03T12:45:01.770094Z,ANIL028_zsa003N_G_Dump,60,f2335b44-5264-4227-b9ac-ca37f1438765,,,852,gcp10wbtrpap05,2026-08-03T12:46:10.6877457Z,,,,101763950,ANIL028_zsa003N_G_Dump,,SCHEDULED,,1135,2026-08-03T12:46:10.833198Z,100,,,"['100005124', '354', '386', '356', '357', '389', '359', '100011533', '382']",False,2026-08-03T12:45:18.4143184Z,COMPLETED,False,0a6639c7-902a-1167-8193-5327d0ae03b3,60,SCHEDULED,,1114,bruser_agel005,False,PUBLIC
fed8ccb2-c56b-4738-b847-7e8bb824be9f_74471bef35da3a42,BOT,35451,AGEL075_Hybrid_AVC_Punch_MainTask.25.10.15.05.22.05.devuser_agel005,PRIORITY_MEDIUM,,,True,runApp,1136,2026-08-03T12:39:00.817464Z,AGEL075_Hybrid_AVC_Punch_MainTask,89,1b6c32f1-4fa3-45a4-8a8c-505359c23666,,,1059,gcp10wbtrpap04,2026-08-03T12:44:31.3379874Z,,,,535089,AGEL075_Hybrid_AVC_Punch_MainTask,,SCHEDULED,,1136,2026-08-03T12:44:31.457719Z,100,,,"['100005124', '386', '354', '357', '389', '359', '392', '393', '100011533', '382']",False,2026-08-03T12:39:16.0032162Z,COMPLETED,False,0a6639c7-902a-1167-8193-5327d0ae03b3,89,SCHEDULED,,1113,bruser_agel004,False,PUBLIC
48a18e16-3fa3-460c-bb54-3e406ef40ad2_f2d1bcf07d486ca9,BOT,100012349,ANIL026_zmmsez08_Dump,PRIORITY_MEDIUM,,,True,,1135,2026-08-03T12:30:05.902411Z,ANIL026_zmmsez08_Dump,0,fb5f9d6a-039b-4744-81fd-872bcd2baeb4,,,852,gcp10wbtrpap05,2026-08-03T12:30:13.2507881Z,ba.user.rdp.session.exceed.error,"This may be due to multiple reasons. To continue, please

Make sure you logout from sessions that are not required at the moment.
Then, try to run the bot again.


If you continue to see this message, please contact your system administrator.",Unable to perform rdp for the user as we have exceeded the maximum session count,101761378,ANIL026_zmmsez08_Dump,,SCHEDULED,"Unable to perform rdp for the user as we have exceeded the maximum session count. This may be due to multiple reasons. To continue, please

Make sure you logout from sessions that are not required at the moment.
Then, try to run the bot again.


If you continue to see this message, please contact your system administrator.",1135,2026-08-03T12:30:13.334684Z,0,,,"['100005124', '354', '386', '356', '357', '389', '359', '100011533', '382']",False,2026-08-03T12:30:13.2507881Z,DEPLOY_FAILED,False,0a6639c7-902a-1167-8193-5327d0ae03b3,0,SCHEDULED,,1114,bruser_agel005,False,PUBLIC
a07d3945-0c1e-45c3-8e7c-379d4f81eb1f_f3a05e6349bc8496,BOT,34703,AUC172_DowntimeSecurityPatch&VAOpen_MasterBot,PRIORITY_MEDIUM,,,True,,1135,2026-08-03T12:30:05.259086Z,AUC172_DowntimeSecurityPatch&VAOpen_MasterBot,0,77f9a8b4-6f7e-4120-9b00-d338abad5b11,,,852,gcp10wbtrpap05,2026-08-03T12:30:11.8098794Z,ba.user.rdp.session.exceed.error,"This may be due to multiple reasons. To continue, please

Make sure you logout from sessions that are not required at the moment.
Then, try to run the bot again.


If you continue to see this message, please contact your system administrator.",Unable to perform rdp for the user as we have exceeded the maximum session count,423407,AUC172_DowntimeSecurityPatch&VAOpen_MasterBot,,SCHEDULED,"Unable to perform rdp for the user as we have exceeded the maximum session count. This may be due to multiple reasons. To continue, please

Make sure you logout from sessions that are not required at the moment.
Then, try to run the bot again.


If you continue to see this message, please contact your system administrator.",1135,2026-08-03T12:30:11.913599Z,0,,,"['100005124', '354', '386', '389', '357', '359', '100011533', '382']",False,2026-08-03T12:30:11.8098794Z,DEPLOY_FAILED,False,0a6639c7-902a-1167-8193-5327d0ae03b3,0,SCHEDULED,,1114,bruser_agel005,False,PUBLIC
4dedc493-4908-4e60-a3d9-d228cd3d3373_51d33e91e410e803,BOT,35429,ANIL008_MCX_Data_Extraction_MainTask,PRIORITY_MEDIUM,,,True,,1135,2026-08-03T12:30:05.158238Z,ANIL008_MCX_Data_Extraction_MainTask,0,f6b0e48e-427d-459a-93db-2091ea2b3726,,,852,gcp10wbtrpap05,2026-08-03T12:30:08.7652568Z,ba.user.rdp.session.exceed.error,"This may be due to multiple reasons. To continue, please

Make sure you logout from sessions that are not required at the moment.
Then, try to run the bot again.


If you continue to see this message, please contact your system administrator.",Unable to perform rdp for the user as we have exceeded the maximum session count,604508,ANIL008_MCX_Data_Extraction_MainTask,,SCHEDULED,"Unable to perform rdp for the user as we have exceeded the maximum session count. This may be due to multiple reasons. To continue, please

Make sure you logout from sessions that are not required at the moment.
Then, try to run the bot again.


If you continue to see this message, please contact your system administrator.",1135,2026-08-03T12:30:08.84499Z,0,,,"['100005124', '386', '354', '356', '389', '357', '359', '100011533', '382']",False,2026-08-03T12:30:08.7652568Z,DEPLOY_FAILED,False,0a6639c7-902a-1167-8193-5327d0ae03b3,0,SCHEDULED,,1114,bruser_agel005,False,PUBLIC
92585907-22d0-42c4-ae93-1cbd7a550232_a4ac41bb721a6732,BOT,35430,ANIL009_NSEIndia_Data_Extraction,PRIORITY_MEDIUM,,,True,,1135,2026-08-03T12:30:04.530114Z,ANIL009_NSEIndia_Data_Extraction,0,92391419-d681-4247-9061-8deede4aed4b,,,852,gcp10wbtrpap05,2026-08-03T12:30:05.5296027Z,ba.user.rdp.session.exceed.error,"This may be due to multiple reasons. To continue, please

Make sure you logout from sessions that are not required at the moment.
Then, try to run the bot again.


If you continue to see this message, please contact your system administrator.",Unable to perform rdp for the user as we have exceeded the maximum session count,604470,ANIL009_NSEIndia_Data_Extraction,,SCHEDULED,"Unable to perform rdp for the user as we have exceeded the maximum session count. This may be due to multiple reasons. To continue, please

Make sure you logout from sessions that are not required at the moment.
Then, try to run the bot again.


If you continue to see this message, please contact your system administrator.",1135,2026-08-03T12:30:05.698984Z,0,,,"['100005124', '354', '386', '356', '357', '389', '359', '100011533', '382']",False,2026-08-03T12:30:05.5296027Z,DEPLOY_FAILED,False,0a6639c7-902a-1167-8193-5327d0ae03b3,0,SCHEDULED,,1114,bruser_agel005,False,PUBLIC
f1e631ae-26da-4c7c-8249-c6a6c8e338b2_3b9c2cc87afa1215,BOT,35442,ANIL012_PXIL_RTM_Data_Extraction,PRIORITY_MEDIUM,,,True,,1135,2026-08-03T12:30:02.972536Z,ANIL012_PXIL_RTM_Data_Extraction,0,344e5c17-e7ec-4524-b4b4-92020e597660,,,852,gcp10wbtrpap05,2026-08-03T12:30:04.0888765Z,ba.user.rdp.session.exceed.error,"This may be due to multiple reasons. To continue, please

Make sure you logout from sessions that are not required at the moment.
Then, try to run the bot again.


If you continue to see this message, please contact your system administrator.",Unable to perform rdp for the user as we have exceeded the maximum session count,606875,ANIL012_PXIL_RTM_Data_Extraction,,SCHEDULED,"Unable to perform rdp for the user as we have exceeded the maximum session count. This may be due to multiple reasons. To continue, please

Make sure you logout from sessions that are not required at the moment.
Then, try to run the bot again.


If you continue to see this message, please contact your system administrator.",1135,2026-08-03T12:30:04.170069Z,0,,,"['100005124', '354', '386', '356', '389', '357', '359', '100011533', '382']",False,2026-08-03T12:30:04.0888765Z,DEPLOY_FAILED,False,0a6639c7-902a-1167-8193-5327d0ae03b3,0,SCHEDULED,,1114,bruser_agel005,False,PUBLIC
c84448ed-a87b-41e4-b76b-639c818f85f9_cc218362fb63eba2,BOT,35451,AGEL075_Hybrid_AVC_Punch_MainTask.25.10.15.05.22.05.devuser_agel005,PRIORITY_MEDIUM,,,True,runApp,1136,2026-08-03T12:24:00.867502Z,AGEL075_Hybrid_AVC_Punch_MainTask,89,7f68f1c5-0c8f-45df-af2f-96de97562d0b,,,1059,gcp10wbtrpap04,2026-08-03T12:29:29.5752409Z,,,,535089,AGEL075_Hybrid_AVC_Punch_MainTask,,SCHEDULED,,1136,2026-08-03T12:29:29.729808Z,100,,,"['100005124', '386', '354', '357', '389', '359', '392', '393', '100011533', '382']",False,2026-08-03T12:24:14.1027203Z,COMPLETED,False,0a6639c7-902a-1167-8193-5327d0ae03b3,89,SCHEDULED,,1113,bruser_agel004,False,PUBLIC
bcbc2d47-8bda-4d02-ae89-563ce76856c0_f85f2cef7829b326,BOT,0,MainBot_AGEL154.26.08.03.17.53.56.devuser_agel002,PRIORITY_MEDIUM,,,True,stopTask,1133,2026-08-03T12:27:55.664643Z,MainBot_AGEL154,40,54107d86-933c-44d4-b0d0-e71397747508,,,830,gcp10wbtrpap02,2026-08-03T12:28:38.0386258Z,,,,102059085,MainBot_AGEL154,,RUN_NOW,,1133,2026-08-03T12:28:38.273186Z,100,,,"['100005124', '354', '386', '389', '357', '359', '392', '393', '100011533', '382']",False,2026-08-03T12:28:05.0967314Z,COMPLETED,False,0a6639c7-902a-1167-8193-5327d0ae03b3,40,RUN_NOW,,1110,bruser_agel001,False,PUBLIC
f2b110f9-5453-41c2-b5b2-781d3c9114e1_b79abc11ead39a93,BOT,35451,AGEL075_Hybrid_AVC_Punch_MainTask.25.10.15.05.22.05.devuser_agel005,PRIORITY_MEDIUM,,,True,runApp,1136,2026-08-03T12:09:00.848486Z,AGEL075_Hybrid_AVC_Punch_MainTask,89,95a52ee4-f76b-45d2-b81b-1a0c2c3859ca,,,1059,gcp10wbtrpap04,2026-08-03T12:14:29.0137031Z,,,,535089,AGEL075_Hybrid_AVC_Punch_MainTask,,SCHEDULED,,1136,2026-08-03T12:14:29.133205Z,100,,,"['100005124', '386', '354', '357', '389', '359', '392', '393', '100011533', '382']",False,2026-08-03T12:09:14.0056149Z,COMPLETED,False,0a6639c7-902a-1167-8193-5327d0ae03b3,89,SCHEDULED,,1113,bruser_agel004,False,PUBLIC
0d2bbeb0-238e-46f0-820d-64bb5c3bf21a_25d66043a6ad86d5,BOT,35451,AGEL075_Hybrid_AVC_Punch_MainTask.25.10.15.05.22.05.devuser_agel005,PRIORITY_MEDIUM,,,True,runApp,1136,2026-08-03T11:54:00.818294Z,AGEL075_Hybrid_AVC_Punch_MainTask,89,ea40171e-3135-41ac-9105-f1489dc4162a,,,1059,gcp10wbtrpap04,2026-08-03T11:59:28.8799125Z,,,,535089,AGEL075_Hybrid_AVC_Punch_MainTask,,SCHEDULED,,1136,2026-08-03T11:59:29.102947Z,100,,,"['100005124', '386', '354', '357', '389', '359', '392', '393', '100011533', '382']",False,2026-08-03T11:54:13.8131599Z,COMPLETED,False,0a6639c7-902a-1167-8193-5327d0ae03b3,89,SCHEDULED,,1113,bruser_agel004,False,PUBLIC
108ebd41-9fa1-4bae-a3d1-c7b1c455e788_83b72a1e30f2d19f,BOT,100012349,ANIL026_zmmsez08_Dump,PRIORITY_MEDIUM,,,True,loop.commands.start,1135,2026-08-03T11:30:05.037021Z,ANIL026_zmmsez08_Dump,85,11482e0e-3867-461e-9233-472d944a7102,,,852,gcp10wbtrpap05,2026-08-03T11:47:30.747034Z,,,,101761378,ANIL026_zmmsez08_Dump,,SCHEDULED,,1135,2026-08-03T11:47:30.93632Z,100,,,"['100005124', '354', '386', '356', '389', '357', '359', '100011533', '382']",False,2026-08-03T11:38:11.3201789Z,COMPLETED,False,0a6639c7-902a-1167-8193-5327d0ae03b3,85,SCHEDULED,,1114,bruser_agel005,False,PUBLIC
c3c489c3-a5a6-4bc2-b565-3aaffbc8e7e7_6996484dfc294c9c,BOT,35451,AGEL075_Hybrid_AVC_Punch_MainTask.25.10.15.05.22.05.devuser_agel005,PRIORITY_MEDIUM,,,True,runApp,1136,2026-08-03T11:39:00.811294Z,AGEL075_Hybrid_AVC_Punch_MainTask,89,c490416f-74df-48d9-ae48-bcbe042f0053,,,1059,gcp10wbtrpap04,2026-08-03T11:44:28.7465968Z,,,,535089,AGEL075_Hybrid_AVC_Punch_MainTask,,SCHEDULED,,1136,2026-08-03T11:44:29.386988Z,100,,,"['100005124', '386', '354', '357', '389', '359', '392', '393', '100011533', '382']",False,2026-08-03T11:39:14.1993849Z,COMPLETED,False,0a6639c7-902a-1167-8193-5327d0ae03b3,89,SCHEDULED,,1113,bruser_agel004,False,PUBLIC
b2604a76-ce04-48da-874c-5c4c42ef1d74_10c66cceef35acf1,BOT,35346,AGEL050_Daily_Schedule_Notification_to_Plants.25.08.08.20.10.41.devuser_agel005,PRIORITY_MEDIUM,,,True,SendMailV2,1136,2026-08-03T11:30:04.585975Z,AGEL050_Daily_Schedule_Notification_to_Plants,124,6b25cc40-3d89-40c1-ba14-0a7e1cc65714,,,852,gcp10wbtrpap05,2026-08-03T11:37:46.9119975Z,,,,484310,AGEL050_Daily_Schedule_Notification_to_Plants,,SCHEDULED,,1136,2026-08-03T11:37:47.050879Z,100,,,"['100005124', '354', '386', '357', '389', '359', '393', '100011533', '382']",False,2026-08-03T11:37:13.5111121Z,COMPLETED,False,0a6639c7-902a-1167-8193-5327d0ae03b3,124,SCHEDULED,,1114,bruser_agel005,False,PUBLIC
14f10d2e-2dd3-4c54-9eb8-80696ace094b_cbe2fe6f9924fd79,BOT,35442,ANIL012_PXIL_RTM_Data_Extraction,PRIORITY_MEDIUM,,,True,SendMailV2,1135,2026-08-03T11:30:01.928036Z,ANIL012_PXIL_RTM_Data_Extraction,47,890f9211-9e7a-40a5-b17a-ce026b6b5ba0,,,852,gcp10wbtrpap05,2026-08-03T11:36:58.1000297Z,,,,606875,ANIL012_PXIL_RTM_Data_Extraction,,SCHEDULED,,1135,2026-08-03T11:36:58.251229Z,100,,,"['100005124', '354', '386', '356', '389', '357', '359', '100011533', '382']",False,2026-08-03T11:36:05.5072617Z,COMPLETED,False,0a6639c7-902a-1167-8193-5327d0ae03b3,47,SCHEDULED,,1114,bruser_agel005,False,PUBLIC
71f0e018-2232-4dde-9a3c-69a4a2106bf7_2b6abab2004dd52d,BOT,100002046,ANIL015_ME2N_Dump,PRIORITY_MEDIUM,,,True,SendMailV2,1135,2026-08-03T11:15:01.829737Z,ANIL015_ME2N_Dump,206,0cf3da2d-7c2f-4f77-bbe5-923a97ba18ae,,,852,gcp10wbtrpap05,2026-08-03T11:35:48.7206302Z,,,,618052,ANIL015_ME2N_Dump,,SCHEDULED,,1135,2026-08-03T11:35:48.895037Z,100,,,"['100005124', '386', '354', '356', '389', '357', '359', '100011533', '382']",False,2026-08-03T11:15:17.2652053Z,COMPLETED,False,0a6639c7-902a-1167-8193-5327d0ae03b3,206,SCHEDULED,,1114,bruser_agel005,False,PUBLIC
83273336-e786-4720-b92b-a853e424d216_fae1d7d37a1e5a9f,BOT,35434,AUC119_AGEL_MasterBot.25.10.09.12.49.24.devuser_agel003,PRIORITY_MEDIUM,,,True,stopTask,1134,2026-08-03T11:30:02.096203Z,AUC119_AGEL_MasterBot,9,0705e152-197d-426f-9d8d-893c6bccbab7,,,1061,gcp10wbtrpap01,2026-08-03T11:30:18.8969873Z,,,,411366,AUC119_AGEL_MasterBot,,SCHEDULED,,1134,2026-08-03T11:30:19.041977Z,100,,,"['100005124', '386', '354', '387', '389', '357', '359', '100011533', '382']",False,2026-08-03T11:30:17.0161382Z,COMPLETED,False,0a6639c7-902a-1167-8193-5327d0ae03b3,9,SCHEDULED,,1111,bruser_agel002,False,PUBLIC
b7f73073-9678-4fb4-9675-57a0909bb75e_eaf76c64d8b8b6ce,BOT,35451,AGEL075_Hybrid_AVC_Punch_MainTask.25.10.15.05.22.05.devuser_agel005,PRIORITY_MEDIUM,,,True,runApp,1136,2026-08-03T11:24:00.811432Z,AGEL075_Hybrid_AVC_Punch_MainTask,89,93ffd0a8-ab87-4cf4-8f4b-e020e244d98e,,,1059,gcp10wbtrpap04,2026-08-03T11:29:31.4238261Z,,,,535089,AGEL075_Hybrid_AVC_Punch_MainTask,,SCHEDULED,,1136,2026-08-03T11:29:31.569513Z,100,,,"['100005124', '386', '354', '357', '389', '359', '392', '393', '100011533', '382']",False,2026-08-03T11:24:14.1505226Z,COMPLETED,False,0a6639c7-902a-1167-8193-5327d0ae03b3,89,SCHEDULED,,1113,bruser_agel004,False,PUBLIC
196cae34-6b68-4108-8f75-36209f53d48d_04a40dc78b23adab,BOT,35451,AGEL075_Hybrid_AVC_Punch_MainTask.25.10.15.05.22.05.devuser_agel005,PRIORITY_MEDIUM,,,True,runApp,1136,2026-08-03T11:09:00.863116Z,AGEL075_Hybrid_AVC_Punch_MainTask,89,4a09a31d-689e-49ba-a875-94a89c18e76f,,,1059,gcp10wbtrpap04,2026-08-03T11:14:28.6698764Z,,,,535089,AGEL075_Hybrid_AVC_Punch_MainTask,,SCHEDULED,,1136,2026-08-03T11:14:28.810985Z,100,,,"['100005124', '386', '354', '357', '389', '359', '392', '393', '100011533', '382']",False,2026-08-03T11:09:13.861968Z,COMPLETED,False,0a6639c7-902a-1167-8193-5327d0ae03b3,89,SCHEDULED,,1113,bruser_agel004,False,PUBLIC
06a9aa81-7580-4545-bb2b-a7a14875cfea_767f1f7f5a865c63,BOT,34826,AUC057_AGEL_ContractsClosure_Main,PRIORITY_MEDIUM,,,True,loop.commands.start,1135,2026-08-03T05:45:02.872538Z,AUC057_AGEL_ContractsClosure_Main,110,25806f9b-48dc-479b-b565-f5466b6e04f0,,,830,gcp10wbtrpap02,2026-08-03T11:10:47.008879Z,,,,415418,AUC057_AGEL_ContractsClosure_Main,,SCHEDULED,,1135,2026-08-03T11:10:47.256056Z,100,,,"['100005124', '386', '354', '357', '389', '359', '100011533', '382']",False,2026-08-03T09:03:48.4816767Z,COMPLETED,False,0a6639c7-902a-1167-8193-5327d0ae03b3,110,SCHEDULED,,1110,bruser_agel001,False,PUBLIC
e0495757-224f-4ad4-8f8c-1ebff0ff3389_ba35a665bbc02a89,BOT,100001498,ANIL018_ME2M_Dump,PRIORITY_MEDIUM,,,True,SendMailV2,1135,2026-08-03T11:00:02.202665Z,ANIL018_ME2M_Dump,156,d8ee3c3f-c1b5-4a5b-b46c-024f6c2da84e,,,852,gcp10wbtrpap05,2026-08-03T11:01:42.0487788Z,,,,100001228,ANIL018_ME2M_Dump,,SCHEDULED,,1135,2026-08-03T11:01:42.200165Z,100,,,"['100005124', '354', '386', '356', '389', '357', '359', '100011533', '382']",False,2026-08-03T11:00:54.2660963Z,COMPLETED,False,0a6639c7-902a-1167-8193-5327d0ae03b3,156,SCHEDULED,,1114,bruser_agel005,False,PUBLIC
e15f5223-1ef9-4237-912b-979fb1e73bd1_2edc892ff77561a1,BOT,100012806,ANIL029_ZVMS_Report,PRIORITY_MEDIUM,,,True,messageBox,1135,2026-08-03T10:45:02.222533Z,ANIL029_ZVMS_Report,103,a325a668-5960-42d4-8350-b25e2b4bb66c,,,852,gcp10wbtrpap05,2026-08-03T11:00:35.4160289Z,,,,101830732,ANIL029_ZVMS_Report,,SCHEDULED,,1135,2026-08-03T11:00:35.83516Z,100,,,"['100005124', '354', '386', '356', '357', '389', '359', '100011533', '382']",False,2026-08-03T10:58:29.1695206Z,COMPLETED,False,0a6639c7-902a-1167-8193-5327d0ae03b3,103,SCHEDULED,,1114,bruser_agel005,False,PUBLIC
4a991373-9024-4d7e-8ea7-ff68b568d4c4_843627e6dca61fce,BOT,35451,AGEL075_Hybrid_AVC_Punch_MainTask.25.10.15.05.22.05.devuser_agel005,PRIORITY_MEDIUM,,,True,runApp,1136,2026-08-03T10:54:00.824203Z,AGEL075_Hybrid_AVC_Punch_MainTask,89,ad9976b1-e3f7-4eb9-bc5f-b0618dddd767,,,1059,gcp10wbtrpap04,2026-08-03T10:59:30.0776068Z,,,,535089,AGEL075_Hybrid_AVC_Punch_MainTask,,SCHEDULED,,1136,2026-08-03T10:59:30.202107Z,100,,,"['100005124', '386', '354', '357', '389', '359', '392', '393', '100011533', '382']",False,2026-08-03T10:54:13.9888783Z,COMPLETED,False,0a6639c7-902a-1167-8193-5327d0ae03b3,89,SCHEDULED,,1113,bruser_agel004,False,PUBLIC
68b83765-d7b1-492d-9ce0-11322c1799eb_0fdd8e2068a30ab1,BOT,100012348,ANIL028_zsa003N_G_Dump,PRIORITY_MEDIUM,,,True,messageBox,1135,2026-08-03T10:45:02.084879Z,ANIL028_zsa003N_G_Dump,60,9bcf3e07-6106-40ae-bbe5-8749bad70c8e,,,852,gcp10wbtrpap05,2026-08-03T10:58:14.8951009Z,,,,101763950,ANIL028_zsa003N_G_Dump,,SCHEDULED,,1135,2026-08-03T10:58:15.038803Z,100,,,"['100005124', '354', '386', '356', '357', '389', '359', '100011533', '382']",False,2026-08-03T10:57:24.0352938Z,COMPLETED,False,0a6639c7-902a-1167-8193-5327d0ae03b3,60,SCHEDULED,,1114,bruser_agel005,False,PUBLIC
f8ae2ad0-b870-4a0e-94f4-6cb0bb33c3d7_ed5ed88fb121dd99,BOT,35473,ANIL016_BOM_Data_Extraction,PRIORITY_MEDIUM,,,True,SendMailV2,1135,2026-08-03T10:40:01.244276Z,ANIL016_BOM_Data_Extraction,83,4931d815-b422-4eab-8a46-dc2134727548,,,852,gcp10wbtrpap05,2026-08-03T10:57:04.0713908Z,,,,609832,ANIL016_BOM_Data_Extraction,,SCHEDULED,,1135,2026-08-03T10:57:04.234299Z,100,,,"['100005124', '354', '386', '356', '389', '357', '359', '100011533', '382']",False,2026-08-03T10:45:57.3427233Z,COMPLETED,False,0a6639c7-902a-1167-8193-5327d0ae03b3,83,SCHEDULED,,1114,bruser_agel005,False,PUBLIC
14acdbab-a91a-4cd7-a697-c601a0dee3c0_6ac771bcb62f5f46,BOT,100012349,ANIL026_zmmsez08_Dump,PRIORITY_MEDIUM,,,True,loop.commands.start,1135,2026-08-03T10:30:05.604545Z,ANIL026_zmmsez08_Dump,85,94dd008e-c396-4156-9b43-e1e1986924fa,,,852,gcp10wbtrpap05,2026-08-03T10:45:42.2953616Z,,,,101761378,ANIL026_zmmsez08_Dump,,SCHEDULED,,1135,2026-08-03T10:45:42.445882Z,100,,,"['100005124', '354', '386', '356', '357', '389', '359', '100011533', '382']",False,2026-08-03T10:38:02.1784092Z,COMPLETED,False,0a6639c7-902a-1167-8193-5327d0ae03b3,85,SCHEDULED,,1114,bruser_agel005,False,PUBLIC
da3791ec-d0fe-44e6-a68e-e9599d8297cb_e12713369267e58c,BOT,35451,AGEL075_Hybrid_AVC_Punch_MainTask.25.10.15.05.22.05.devuser_agel005,PRIORITY_MEDIUM,,,True,runApp,1136,2026-08-03T10:39:00.863308Z,AGEL075_Hybrid_AVC_Punch_MainTask,89,bcc68497-e52d-4af4-b54b-a5d1fb376778,,,1059,gcp10wbtrpap04,2026-08-03T10:44:29.8499552Z,,,,535089,AGEL075_Hybrid_AVC_Punch_MainTask,,SCHEDULED,,1136,2026-08-03T10:44:29.981334Z,100,,,"['100005124', '386', '354', '357', '389', '359', '392', '393', '100011533', '382']",False,2026-08-03T10:39:14.0791559Z,COMPLETED,False,0a6639c7-902a-1167-8193-5327d0ae03b3,89,SCHEDULED,,1113,bruser_agel004,False,PUBLIC
4d7d969e-321f-4017-95a0-4d31c78af165_8fc0afdba213e0ec,BOT,34703,AUC172_DowntimeSecurityPatch&VAOpen_MasterBot,PRIORITY_MEDIUM,,,True,loop.commands.start,1135,2026-08-03T10:30:05.368319Z,AUC172_DowntimeSecurityPatch&VAOpen_MasterBot,50,731c25cf-cdb9-4168-b96e-74fef60163f5,,,852,gcp10wbtrpap05,2026-08-03T10:37:47.3488712Z,,,,423407,AUC172_DowntimeSecurityPatch&VAOpen_MasterBot,,SCHEDULED,,1135,2026-08-03T10:37:47.498504Z,100,,,"['100005124', '354', '386', '389', '357', '359', '100011533', '382']",False,2026-08-03T10:37:39.9841226Z,COMPLETED,False,0a6639c7-902a-1167-8193-5327d0ae03b3,50,SCHEDULED,,1114,bruser_agel005,False,PUBLIC
3c463dba-3b44-41dd-acfb-7d36ddd7d0ab_7170d3a8a0889b2b,BOT,35430,ANIL009_NSEIndia_Data_Extraction,PRIORITY_MEDIUM,,,True,SendMailV2,1135,2026-08-03T10:30:04.027191Z,ANIL009_NSEIndia_Data_Extraction,89,75c0e4e8-5e3e-4cd5-a3ec-d8197b16d80a,,,852,gcp10wbtrpap05,2026-08-03T10:37:22.1671949Z,,,,604470,ANIL009_NSEIndia_Data_Extraction,,SCHEDULED,,1135,2026-08-03T10:37:22.321015Z,100,,,"['100005124', '354', '386', '356', '357', '389', '359', '100011533', '382']",False,2026-08-03T10:36:10.1218865Z,COMPLETED,False,0a6639c7-902a-1167-8193-5327d0ae03b3,89,SCHEDULED,,1114,bruser_agel005,False,PUBLIC
1dd736b0-becd-47ee-a701-c22e469b0fb3_1b37b4f6403a590e,BOT,35429,ANIL008_MCX_Data_Extraction_MainTask,PRIORITY_MEDIUM,,,True,SendMailV2,1135,2026-08-03T10:30:03.852871Z,ANIL008_MCX_Data_Extraction_MainTask,60,4e699f26-eb64-4285-9648-af522b9ea251,,,852,gcp10wbtrpap05,2026-08-03T10:35:52.9319125Z,ba.bot.execution.error,"This may be due to the following reason:

    Invalid argument supplied to 'list', index '0' is invalid or out of bound.

Location: ANIL008_MCX_Data_Extraction_MainTask (line 60)

","There was a problem at line 60
",604508,ANIL008_MCX_Data_Extraction_MainTask,,SCHEDULED,"There was a problem at line 60
 This may be due to the following reason:

Invalid argument supplied to 'list', index '0' is invalid or out of bound.

Location: ANIL008_MCX_Data_Extraction_MainTask (line 60)

 To continue, edit the bot and fix the error. Then, try again.


If you continue to see this message, please contact your system administrator.",1135,2026-08-03T10:35:53.094312Z,100,,,"['100005124', '386', '354', '356', '357', '389', '359', '100011533', '382']",False,2026-08-03T10:34:31.6233285Z,RUN_FAILED,False,0a6639c7-902a-1167-8193-5327d0ae03b3,60,SCHEDULED,,1114,bruser_agel005,False,PUBLIC
19b345f3-d7b4-426a-814c-748a1275eb2a_24e398862566ffb0,BOT,35442,ANIL012_PXIL_RTM_Data_Extraction,PRIORITY_MEDIUM,,,True,SendMailV2,1135,2026-08-03T10:30:02.107192Z,ANIL012_PXIL_RTM_Data_Extraction,47,5d524ed5-655c-402f-b3c5-07c579ee448c,,,852,gcp10wbtrpap05,2026-08-03T10:34:15.7493136Z,,,,606875,ANIL012_PXIL_RTM_Data_Extraction,,SCHEDULED,,1135,2026-08-03T10:34:15.898271Z,100,,,"['100005124', '386', '354', '356', '389', '357', '359', '100011533', '382']",False,2026-08-03T10:33:26.2668873Z,COMPLETED,False,0a6639c7-902a-1167-8193-5327d0ae03b3,47,SCHEDULED,,1114,bruser_agel005,False,PUBLIC
a94b6998-56b3-4c13-b1d4-72fb989dc8f8_bee818ac43916081,BOT,35436,ANIL014_ZPODTL_Dump_Extract,PRIORITY_MEDIUM,,,True,SendMailV2,1135,2026-08-03T10:30:02.013097Z,ANIL014_ZPODTL_Dump_Extract,76,3cf680d5-9948-4af9-af9b-b417fb4471b6,,,852,gcp10wbtrpap05,2026-08-03T10:33:10.9553733Z,,,,606415,ANIL014_ZPODTL_Dump_Extract,,SCHEDULED,,1135,2026-08-03T10:33:11.10458Z,100,,,"['100005124', '386', '354', '356', '357', '389', '359', '100011533', '382']",False,2026-08-03T10:30:18.4002912Z,COMPLETED,False,0a6639c7-902a-1167-8193-5327d0ae03b3,76,SCHEDULED,,1114,bruser_agel005,False,PUBLIC
11cf3b34-d6be-432e-bdd5-65e9b4dcd5f5_9d99f63b104c88c6,BOT,34707,AGEL014_Renewable_Birthday_Reminder,PRIORITY_MEDIUM,,,True,capture,1135,2026-08-03T10:30:03.811738Z,AGEL014_Renewable_Birthday_Reminder,293,9eb024ad-3056-4527-a72b-f93972b16475,,,857,gcp10wbtrpap03,2026-08-03T10:32:34.91288Z,ba.bot.execution.error,"This may be due to the following reason:

    Unable to perform 'CLICK' action. LINK is unavailable.

Location: AGEL014_Renewable_Birthday_Reminder (line 293)

","There was a problem at line 293
",422474,AGEL014_Renewable_Birthday_Reminder,,SCHEDULED,"There was a problem at line 293
 This may be due to the following reason:

Unable to perform 'CLICK' action. LINK is unavailable.

Location: AGEL014_Renewable_Birthday_Reminder (line 293)

 To continue, edit the bot and fix the error. Then, try again.


If you continue to see this message, please contact your system administrator.",1135,2026-08-03T10:32:35.396966Z,93,,,"['100005124', '354', '386', '357', '389', '359', '100011533', '382']",False,2026-08-03T10:30:17.4378499Z,RUN_FAILED,False,0a6639c7-902a-1167-8193-5327d0ae03b3,314,SCHEDULED,,1112,bruser_agel003,False,PUBLIC
d2c0bda3-1165-498b-9172-4e2bb270b26d_3fadc802041d3533,BOT,35451,AGEL075_Hybrid_AVC_Punch_MainTask.25.10.15.05.22.05.devuser_agel005,PRIORITY_MEDIUM,,,True,runApp,1136,2026-08-03T10:24:00.936837Z,AGEL075_Hybrid_AVC_Punch_MainTask,89,c8d4380d-f74a-4112-abad-79e1c9ad8bb4,,,1059,gcp10wbtrpap04,2026-08-03T10:29:31.883679Z,,,,535089,AGEL075_Hybrid_AVC_Punch_MainTask,,SCHEDULED,,1136,2026-08-03T10:29:32.000154Z,100,,,"['100005124', '386', '354', '357', '389', '359', '392', '393', '100011533', '382']",False,2026-08-03T10:24:15.1782819Z,COMPLETED,False,0a6639c7-902a-1167-8193-5327d0ae03b3,89,SCHEDULED,,1113,bruser_agel004,False,PUBLIC
054e4121-b478-4e89-b5d4-3a3ee0f585fb_48be98b457f069f4,BOT,100002846,ANIL023_Sales_Combined,PRIORITY_MEDIUM,,,True,SendMailV2,1135,2026-08-03T10:15:01.448569Z,ANIL023_Sales_Combined,63,d240bb10-03ee-4ce2-af7c-b44566e7327b,,,852,gcp10wbtrpap05,2026-08-03T10:18:10.1457772Z,,,,100375412,ANIL023_Sales_Combined,,SCHEDULED,,1135,2026-08-03T10:18:10.340476Z,100,,,"['100005124', '354', '386', '356', '357', '389', '359', '100011533', '382']",False,2026-08-03T10:15:17.5551328Z,COMPLETED,False,0a6639c7-902a-1167-8193-5327d0ae03b3,63,SCHEDULED,,1114,bruser_agel005,False,PUBLIC
7de1c11d-b112-4f8f-ab99-479c8e389f13_e5cad3c47909290e,BOT,35451,AGEL075_Hybrid_AVC_Punch_MainTask.25.10.15.05.22.05.devuser_agel005,PRIORITY_MEDIUM,,,True,runApp,1136,2026-08-03T10:09:00.840922Z,AGEL075_Hybrid_AVC_Punch_MainTask,89,b5a66d48-4923-4c44-9bbc-479b01b5c062,,,1059,gcp10wbtrpap04,2026-08-03T10:14:30.1316827Z,,,,535089,AGEL075_Hybrid_AVC_Punch_MainTask,,SCHEDULED,,1136,2026-08-03T10:14:30.270508Z,100,,,"['100005124', '386', '354', '357', '389', '359', '392', '393', '100011533', '382']",False,2026-08-03T10:09:14.0419559Z,COMPLETED,False,0a6639c7-902a-1167-8193-5327d0ae03b3,89,SCHEDULED,,1113,bruser_agel004,False,PUBLIC
8781a9da-ea7b-43ce-90a7-b5928faad5fa_806781576889c1fd,BOT,35451,AGEL075_Hybrid_AVC_Punch_MainTask.25.10.15.05.22.05.devuser_agel005,PRIORITY_MEDIUM,,,True,runApp,1136,2026-08-03T09:54:00.894156Z,AGEL075_Hybrid_AVC_Punch_MainTask,89,356d54f2-e9bb-44a4-96e0-8b71882eacef,,,1059,gcp10wbtrpap04,2026-08-03T09:59:31.9553831Z,,,,535089,AGEL075_Hybrid_AVC_Punch_MainTask,,SCHEDULED,,1136,2026-08-03T09:59:32.089156Z,100,,,"['100005124', '386', '354', '357', '389', '359', '392', '393', '100011533', '382']",False,2026-08-03T09:54:14.2304124Z,COMPLETED,False,0a6639c7-902a-1167-8193-5327d0ae03b3,89,SCHEDULED,,1113,bruser_agel004,False,PUBLIC
951e3e59-4dd8-464f-ac65-03facde3f0c2_6a42b116284c90e6,BOT,35451,AGEL075_Hybrid_AVC_Punch_MainTask.25.10.15.05.22.05.devuser_agel005,PRIORITY_MEDIUM,,,True,runApp,1136,2026-08-03T09:39:00.806204Z,AGEL075_Hybrid_AVC_Punch_MainTask,89,b6ed333d-2737-4240-a90c-2db7eec21e70,,,1059,gcp10wbtrpap04,2026-08-03T09:44:31.0017243Z,,,,535089,AGEL075_Hybrid_AVC_Punch_MainTask,,SCHEDULED,,1136,2026-08-03T09:44:31.163816Z,100,,,"['100005124', '386', '354', '357', '389', '359', '392', '393', '100011533', '382']",False,2026-08-03T09:39:14.0438903Z,COMPLETED,False,0a6639c7-902a-1167-8193-5327d0ae03b3,89,SCHEDULED,,1113,bruser_agel004,False,PUBLIC
e41e725b-c9a7-433b-873b-0a5f8d43ed56_84d3458efbd8a8d0,BOT,100012349,ANIL026_zmmsez08_Dump,PRIORITY_MEDIUM,,,True,loop.commands.start,1135,2026-08-03T09:30:05.038075Z,ANIL026_zmmsez08_Dump,85,5cbf3932-e334-4c57-9d9d-7530872e40dd,,,852,gcp10wbtrpap05,2026-08-03T09:40:32.8189234Z,,,,101761378,ANIL026_zmmsez08_Dump,,SCHEDULED,,1135,2026-08-03T09:40:33.013493Z,100,,,"['100005124', '354', '386', '356', '357', '389', '359', '100011533', '382']",False,2026-08-03T09:31:41.7498723Z,COMPLETED,False,0a6639c7-902a-1167-8193-5327d0ae03b3,85,SCHEDULED,,1114,bruser_agel005,False,PUBLIC
2b7cbf5b-0847-4d2d-bc8d-d5d93489dddd_3457403fdbfbafde,BOT,35442,ANIL012_PXIL_RTM_Data_Extraction,PRIORITY_MEDIUM,,,True,SendMailV2,1135,2026-08-03T09:30:03.200717Z,ANIL012_PXIL_RTM_Data_Extraction,47,4ddede7c-131a-4f27-957e-d6e29e3aefad,,,852,gcp10wbtrpap05,2026-08-03T09:31:19.3250546Z,,,,606875,ANIL012_PXIL_RTM_Data_Extraction,,SCHEDULED,,1135,2026-08-03T09:31:19.460467Z,100,,,"['100005124', '354', '386', '356', '389', '357', '359', '100011533', '382']",False,2026-08-03T09:30:21.6302725Z,COMPLETED,False,0a6639c7-902a-1167-8193-5327d0ae03b3,47,SCHEDULED,,1114,bruser_agel005,False,PUBLIC
7e1b488d-c1be-4dcd-a12e-b79c074cbc96_327db80dd174663c,BOT,35434,AUC119_AGEL_MasterBot.25.10.09.12.49.24.devuser_agel003,PRIORITY_MEDIUM,,,True,stopTask,1134,2026-08-03T09:30:02.842089Z,AUC119_AGEL_MasterBot,9,f1372ebc-52fd-4adc-8d4e-57fb77d5a7f1,,,1061,gcp10wbtrpap01,2026-08-03T09:30:18.842191Z,,,,411366,AUC119_AGEL_MasterBot,,SCHEDULED,,1134,2026-08-03T09:30:19.273918Z,100,,,"['100005124', '386', '354', '387', '389', '357', '359', '100011533', '382']",False,2026-08-03T09:30:17.0482505Z,COMPLETED,False,0a6639c7-902a-1167-8193-5327d0ae03b3,9,SCHEDULED,,1111,bruser_agel002,False,PUBLIC
6abff56a-30ae-44c1-8f87-7c006c586c3e_50a6ee8e944ee9c4,BOT,35451,AGEL075_Hybrid_AVC_Punch_MainTask.25.10.15.05.22.05.devuser_agel005,PRIORITY_MEDIUM,,,True,runApp,1136,2026-08-03T09:24:01.029744Z,AGEL075_Hybrid_AVC_Punch_MainTask,89,076f3be4-a9d4-4bb3-8f08-ca0f0ab4b599,,,1059,gcp10wbtrpap04,2026-08-03T09:29:29.3996442Z,,,,535089,AGEL075_Hybrid_AVC_Punch_MainTask,,SCHEDULED,,1136,2026-08-03T09:29:29.539627Z,100,,,"['100005124', '386', '354', '357', '389', '359', '392', '393', '100011533', '382']",False,2026-08-03T09:24:13.9994423Z,COMPLETED,False,0a6639c7-902a-1167-8193-5327d0ae03b3,89,SCHEDULED,,1113,bruser_agel004,False,PUBLIC
4be2bf00-09b2-49ec-af25-84a432ff726a_5175c3d967650bb4,BOT,100006144,AGEL130_PR-PO & Consumption_Main.26.01.28.15.08.39.devuser_agel005,PRIORITY_MEDIUM,,,True,SendMailV2,1136,2026-08-03T08:45:02.539414Z,AGEL130_PR-PO & Consumption_Main,52,f448b57d-2202-4c05-83ce-778a46bc40ac,,,852,gcp10wbtrpap05,2026-08-03T09:14:56.7279192Z,,,,100474111,AGEL130_PR-PO & Consumption_Main,,SCHEDULED,,1136,2026-08-03T09:14:56.927146Z,100,,,"['100005124', '354', '386', '357', '389', '359', '392', '393', '100011533', '382']",False,2026-08-03T08:50:53.9541647Z,COMPLETED,False,0a6639c7-902a-1167-8193-5327d0ae03b3,52,SCHEDULED,,1114,bruser_agel005,False,PUBLIC
f555c943-51bb-4ab6-9e53-30686919e509_f582e9ab0aca39ad,BOT,35451,AGEL075_Hybrid_AVC_Punch_MainTask.25.10.15.05.22.05.devuser_agel005,PRIORITY_MEDIUM,,,True,runApp,1136,2026-08-03T09:09:00.754005Z,AGEL075_Hybrid_AVC_Punch_MainTask,89,0e368e26-70aa-4e45-8b1e-033fc78fb7f2,,,1059,gcp10wbtrpap04,2026-08-03T09:14:29.1125289Z,,,,535089,AGEL075_Hybrid_AVC_Punch_MainTask,,SCHEDULED,,1136,2026-08-03T09:14:29.26857Z,100,,,"['100005124', '386', '354', '357', '389', '359', '392', '393', '100011533', '382']",False,2026-08-03T09:09:13.8861263Z,COMPLETED,False,0a6639c7-902a-1167-8193-5327d0ae03b3,89,SCHEDULED,,1113,bruser_agel004,False,PUBLIC
e3ae47e9-1dec-453d-be2a-245dd962a919_33dc2755ee6e45a1,BOT,34725,AUC166_MB52_Khavda_Live_Inventry,PRIORITY_MEDIUM,,,True,runApp,1135,2026-08-03T05:45:01.082307Z,AUC166_MB52_Khavda_Live_Inventry,203,7f77f592-35f2-4aed-8990-a915a7404a09,,,857,gcp10wbtrpap03,2026-08-03T09:06:22.2491074Z,,,,425072,AUC166_MB52_Khavda_Live_Inventry,,SCHEDULED,,1135,2026-08-03T09:06:22.483563Z,100,,,"['100005124', '386', '354', '357', '389', '359', '100011533', '382']",False,2026-08-03T09:02:49.5148662Z,COMPLETED,False,0a6639c7-902a-1167-8193-5327d0ae03b3,203,SCHEDULED,,1112,bruser_agel003,False,PUBLIC
07fc088c-e366-4d9b-acd4-d63f6040feb5_b4c151cfea34d1ed,BOT,35435,AUC066_AGEL_NewPR_Main,PRIORITY_MEDIUM,,,True,assign,1135,2026-08-03T03:00:03.478548Z,AUC066_AGEL_NewPR_Main,38,5c4e7cbb-2036-430b-86d6-0d525f3c4b46,,,830,gcp10wbtrpap02,2026-08-03T09:03:40.4469824Z,ba.bot.execution.force.stop,,Forcefully closed the bot execution due to user stopping it.,415984,AUC066_AGEL_NewPR_Main,,SCHEDULED,Forcefully closed the bot execution due to user stopping it.,1136,2026-08-03T09:03:40.540747Z,35,,,"['100005124', '354', '386', '357', '389', '359', '100011533', '382']",False,2026-08-03T08:45:08.7633754Z,RUN_ABORTED,False,0a6639c7-902a-1167-8193-5327d0ae03b3,131,SCHEDULED,,1110,bruser_agel001,False,PUBLIC
3b01f8fc-5452-479b-a78b-a0a15725b905_915bdbce33035098,BOT,34724,AUC165_AGEL_ME2M_Khavda_PO_List,PRIORITY_MEDIUM,,,True,sendVirtualkey,1135,2026-08-03T05:15:01.18007Z,AUC165_AGEL_ME2M_Khavda_PO_List,96,9b1ca801-0095-4aab-8c91-14e6a2027ae1,,,857,gcp10wbtrpap03,2026-08-03T09:02:31.8756987Z,ba.bot.execution.force.stop,,Forcefully closed the bot execution due to user stopping it.,425040,AUC165_AGEL_ME2M_Khavda_PO_List,,SCHEDULED,Forcefully closed the bot execution due to user stopping it.,1136,2026-08-03T09:02:31.94607Z,31,,,"['100005124', '386', '354', '389', '357', '359', '100011533', '382']",False,2026-08-03T08:01:07.1113766Z,RUN_ABORTED,False,0a6639c7-902a-1167-8193-5327d0ae03b3,398,SCHEDULED,,1112,bruser_agel003,False,PUBLIC
adeb9e87-965a-470b-9e5e-fe98cb22eb82_07b006f896ba7794,BOT,35451,AGEL075_Hybrid_AVC_Punch_MainTask.25.10.15.05.22.05.devuser_agel005,PRIORITY_MEDIUM,,,True,runApp,1136,2026-08-03T08:54:00.965504Z,AGEL075_Hybrid_AVC_Punch_MainTask,89,e72888d0-135e-40a1-84ef-efc5dac97cf5,,,1059,gcp10wbtrpap04,2026-08-03T08:59:30.0529162Z,,,,535089,AGEL075_Hybrid_AVC_Punch_MainTask,,SCHEDULED,,1136,2026-08-03T08:59:30.19553Z,100,,,"['100005124', '386', '354', '357', '389', '359', '392', '393', '100011533', '382']",False,2026-08-03T08:54:14.2776942Z,COMPLETED,False,0a6639c7-902a-1167-8193-5327d0ae03b3,89,SCHEDULED,,1113,bruser_agel004,False,PUBLIC
cbbdbb85-93cc-45d2-a6a8-b7097b291dc6_47235e224bab0538,BOT,100012348,ANIL028_zsa003N_G_Dump,PRIORITY_MEDIUM,,,True,messageBox,1135,2026-08-03T08:45:02.418754Z,ANIL028_zsa003N_G_Dump,60,c7729047-bc0b-4033-a15c-3f2c3491e0cd,,,852,gcp10wbtrpap05,2026-08-03T08:50:37.8950861Z,,,,101763950,ANIL028_zsa003N_G_Dump,,SCHEDULED,,1135,2026-08-03T08:50:38.059135Z,100,,,"['100005124', '354', '386', '356', '357', '389', '359', '100011533', '382']",False,2026-08-03T08:49:49.0850491Z,COMPLETED,False,0a6639c7-902a-1167-8193-5327d0ae03b3,60,SCHEDULED,,1114,bruser_agel005,False,PUBLIC
1869366d-6fef-48a4-8b29-cd7f14038850_03c69e30e5f70a2a,BOT,100012806,ANIL029_ZVMS_Report,PRIORITY_MEDIUM,,,True,messageBox,1135,2026-08-03T08:45:01.487312Z,ANIL029_ZVMS_Report,103,522df319-e62d-4f14-887d-1edd71d36928,,,852,gcp10wbtrpap05,2026-08-03T08:49:32.7886769Z,,,,101830732,ANIL029_ZVMS_Report,,SCHEDULED,,1135,2026-08-03T08:49:32.979853Z,100,,,"['100005124', '354', '386', '356', '357', '389', '359', '100011533', '382']",False,2026-08-03T08:47:37.4572768Z,COMPLETED,False,0a6639c7-902a-1167-8193-5327d0ae03b3,103,SCHEDULED,,1114,bruser_agel005,False,PUBLIC
858526bc-4122-421f-bdaa-79165e6b9530_81229bfed6ef3cce,BOT,35190,AGEL083_Extract_YSPOT_Dump,PRIORITY_MEDIUM,,,True,runTask,1135,2026-08-03T08:30:06.198325Z,AGEL083_Extract_YSPOT_Dump,109,0f949379-54c1-4f38-aa5e-fecafa83704b,,,852,gcp10wbtrpap05,2026-08-03T08:47:21.7809318Z,,,,539005,AGEL083_Extract_YSPOT_Dump,,SCHEDULED,,1135,2026-08-03T08:47:21.938659Z,100,,,"['100005124', '386', '354', '389', '357', '359', '392', '393', '100011533', '382']",False,2026-08-03T08:44:05.6984852Z,COMPLETED,False,0a6639c7-902a-1167-8193-5327d0ae03b3,109,SCHEDULED,,1114,bruser_agel005,False,PUBLIC
1e389c14-a88c-40e7-94ed-1c44788eb7a9_42f3e0a54db2d5e5,BOT,34752,AUC048_GLDataExtraction_Main,PRIORITY_HIGH,,,True,runTask,1133,2026-08-03T03:30:04.117643Z,AUC048_GLDataExtraction_Main,139,f80d59ea-f65f-4616-88d1-11179779b1f2,,,830,gcp10wbtrpap02,2026-08-03T08:45:00.7145565Z,,,,420785,AUC048_GLDataExtraction_Main,,SCHEDULED,,1133,2026-08-03T08:45:00.870977Z,100,,,"['100005124', '386', '354', '357', '389', '359', '392', '100011533', '382']",False,2026-08-03T07:38:35.3595949Z,COMPLETED,False,0a6639c7-902a-1167-8193-5327d0ae03b3,139,SCHEDULED,,1110,bruser_agel001,False,PUBLIC
4daf1e04-52e8-441e-9cb5-89beac2d4394_03748a81e6ee1a86,BOT,35451,AGEL075_Hybrid_AVC_Punch_MainTask.25.10.15.05.22.05.devuser_agel005,PRIORITY_MEDIUM,,,True,runApp,1136,2026-08-03T08:39:00.737618Z,AGEL075_Hybrid_AVC_Punch_MainTask,89,68231525-cbc4-4f01-948c-0b435cbd431d,,,1059,gcp10wbtrpap04,2026-08-03T08:44:30.9454649Z,,,,535089,AGEL075_Hybrid_AVC_Punch_MainTask,,SCHEDULED,,1136,2026-08-03T08:44:31.102146Z,100,,,"['100005124', '386', '354', '357', '389', '359', '392', '393', '100011533', '382']",False,2026-08-03T08:39:15.6384806Z,COMPLETED,False,0a6639c7-902a-1167-8193-5327d0ae03b3,89,SCHEDULED,,1113,bruser_agel004,False,PUBLIC
7d07d9a0-5a6b-44c1-af7d-b3048e56fad0_5960afcf0c644c39,BOT,100012349,ANIL026_zmmsez08_Dump,PRIORITY_MEDIUM,,,True,loop.commands.start,1135,2026-08-03T08:30:06.136228Z,ANIL026_zmmsez08_Dump,85,35f6fa4b-be1c-4fdb-8657-e54ebc259ddb,,,852,gcp10wbtrpap05,2026-08-03T08:43:49.7346351Z,,,,101761378,ANIL026_zmmsez08_Dump,,SCHEDULED,,1135,2026-08-03T08:43:49.881732Z,100,,,"['100005124', '354', '386', '356', '357', '389', '359', '100011533', '382']",False,2026-08-03T08:35:10.7060878Z,COMPLETED,False,0a6639c7-902a-1167-8193-5327d0ae03b3,85,SCHEDULED,,1114,bruser_agel005,False,PUBLIC
fc1e3b43-5f0f-465b-8a1d-6e533673bf7c_8efd04d26c6677a9,BOT,34703,AUC172_DowntimeSecurityPatch&VAOpen_MasterBot,PRIORITY_MEDIUM,,,True,loop.commands.start,1135,2026-08-03T08:30:05.173356Z,AUC172_DowntimeSecurityPatch&VAOpen_MasterBot,50,923c9024-7434-457c-97b6-569c2feb1b27,,,852,gcp10wbtrpap05,2026-08-03T08:34:55.6592456Z,,,,423407,AUC172_DowntimeSecurityPatch&VAOpen_MasterBot,,SCHEDULED,,1135,2026-08-03T08:34:55.803727Z,100,,,"['100005124', '354', '386', '389', '357', '359', '100011533', '382']",False,2026-08-03T08:34:47.3535738Z,COMPLETED,False,0a6639c7-902a-1167-8193-5327d0ae03b3,50,SCHEDULED,,1114,bruser_agel005,False,PUBLIC
5232027b-b390-4b24-8d17-207ebeb787ad_5173a170f8ffa59c,BOT,35429,ANIL008_MCX_Data_Extraction_MainTask,PRIORITY_MEDIUM,,,True,SendMailV2,1135,2026-08-03T08:30:04.383713Z,ANIL008_MCX_Data_Extraction_MainTask,60,9edeb928-0772-4096-870b-dc79464c880c,,,852,gcp10wbtrpap05,2026-08-03T08:34:31.4590057Z,ba.bot.execution.error,"This may be due to the following reason:

    Invalid argument supplied to 'list', index '0' is invalid or out of bound.

Location: ANIL008_MCX_Data_Extraction_MainTask (line 60)

","There was a problem at line 60
",604508,ANIL008_MCX_Data_Extraction_MainTask,,SCHEDULED,"There was a problem at line 60
 This may be due to the following reason:

Invalid argument supplied to 'list', index '0' is invalid or out of bound.

Location: ANIL008_MCX_Data_Extraction_MainTask (line 60)

 To continue, edit the bot and fix the error. Then, try again.


If you continue to see this message, please contact your system administrator.",1135,2026-08-03T08:34:31.632785Z,100,,,"['100005124', '386', '354', '356', '357', '389', '359', '100011533', '382']",False,2026-08-03T08:33:08.433175Z,RUN_FAILED,False,0a6639c7-902a-1167-8193-5327d0ae03b3,60,SCHEDULED,,1114,bruser_agel005,False,PUBLIC
2772345f-0f5c-4f39-a94f-f1c6c473238a_fdcad6e5c903e6ed,BOT,35430,ANIL009_NSEIndia_Data_Extraction,PRIORITY_MEDIUM,,,True,SendMailV2,1135,2026-08-03T08:30:04.24613Z,ANIL009_NSEIndia_Data_Extraction,89,8c9f00b8-0367-4e89-b2f6-adb7d67635df,,,852,gcp10wbtrpap05,2026-08-03T08:32:42.7505841Z,,,,604470,ANIL009_NSEIndia_Data_Extraction,,SCHEDULED,,1135,2026-08-03T08:32:42.897816Z,100,,,"['100005124', '354', '386', '356', '357', '389', '359', '100011533', '382']",False,2026-08-03T08:31:29.4356623Z,COMPLETED,False,0a6639c7-902a-1167-8193-5327d0ae03b3,89,SCHEDULED,,1114,bruser_agel005,False,PUBLIC
092dd432-4bc5-4847-bdcc-0090cd92e9ee_8886671681ed6c64,BOT,35442,ANIL012_PXIL_RTM_Data_Extraction,PRIORITY_MEDIUM,,,True,SendMailV2,1135,2026-08-03T08:30:01.724176Z,ANIL012_PXIL_RTM_Data_Extraction,47,a447c446-6a5f-4e56-ac95-ccf2915a9a0c,,,852,gcp10wbtrpap05,2026-08-03T08:31:13.2916307Z,,,,606875,ANIL012_PXIL_RTM_Data_Extraction,,SCHEDULED,,1135,2026-08-03T08:31:13.420819Z,100,,,"['100005124', '354', '386', '356', '389', '357', '359', '100011533', '382']",False,2026-08-03T08:30:20.9156571Z,COMPLETED,False,0a6639c7-902a-1167-8193-5327d0ae03b3,47,SCHEDULED,,1114,bruser_agel005,False,PUBLIC
4f635fda-ec91-46e3-861c-ee0c06e8de03_b14354b7b0d77717,BOT,35451,AGEL075_Hybrid_AVC_Punch_MainTask.25.10.15.05.22.05.devuser_agel005,PRIORITY_MEDIUM,,,True,runApp,1136,2026-08-03T08:24:00.765851Z,AGEL075_Hybrid_AVC_Punch_MainTask,89,fc06057b-6ae4-4c5a-81bb-8bea1c3092b3,,,1059,gcp10wbtrpap04,2026-08-03T08:29:29.2863352Z,,,,535089,AGEL075_Hybrid_AVC_Punch_MainTask,,SCHEDULED,,1136,2026-08-03T08:29:29.416206Z,100,,,"['100005124', '386', '354', '357', '389', '359', '392', '393', '100011533', '382']",False,2026-08-03T08:24:13.964723Z,COMPLETED,False,0a6639c7-902a-1167-8193-5327d0ae03b3,89,SCHEDULED,,1113,bruser_agel004,False,PUBLIC
83685d9b-9ff4-43ba-863a-10b7b8a37d6f_5faa051f613830ef,BOT,35451,AGEL075_Hybrid_AVC_Punch_MainTask.25.10.15.05.22.05.devuser_agel005,PRIORITY_MEDIUM,,,True,runApp,1136,2026-08-03T08:09:00.801185Z,AGEL075_Hybrid_AVC_Punch_MainTask,89,dd2efb0b-0524-4b30-aacd-ed2075aa9686,,,1059,gcp10wbtrpap04,2026-08-03T08:14:31.3331827Z,,,,535089,AGEL075_Hybrid_AVC_Punch_MainTask,,SCHEDULED,,1136,2026-08-03T08:14:31.454633Z,100,,,"['100005124', '386', '354', '357', '389', '359', '392', '393', '100011533', '382']",False,2026-08-03T08:09:15.0706063Z,COMPLETED,False,0a6639c7-902a-1167-8193-5327d0ae03b3,89,SCHEDULED,,1113,bruser_agel004,False,PUBLIC
d47fc214-a798-41c9-930f-6db5a8320d3f_ddbba652c59917de,BOT,34723,AUC164_MB51_Khavda_Mat_Consumption_221_222,PRIORITY_MEDIUM,,,True,runApp,1135,2026-08-03T05:00:03.207115Z,AUC164_MB51_Khavda_Mat_Consumption_221_222,217,5d4ec1aa-5d32-424e-8b3e-c8db7a2c48d5,,,857,gcp10wbtrpap03,2026-08-03T08:00:52.924871Z,,,,413868,AUC164_MB51_Khavda_Mat_Consumption_221_222,,SCHEDULED,,1135,2026-08-03T08:00:53.066936Z,100,,,"['100005124', '386', '354', '357', '389', '359', '100011533', '382']",False,2026-08-03T07:55:00.5778577Z,COMPLETED,False,0a6639c7-902a-1167-8193-5327d0ae03b3,217,SCHEDULED,,1112,bruser_agel003,False,PUBLIC
dd32ec2a-49e5-4f60-985b-4954cb781b07_5370d4462ebec296,BOT,35451,AGEL075_Hybrid_AVC_Punch_MainTask.25.10.15.05.22.05.devuser_agel005,PRIORITY_MEDIUM,,,True,runApp,1136,2026-08-03T07:54:00.917166Z,AGEL075_Hybrid_AVC_Punch_MainTask,89,232adb0e-01ac-45d9-a099-0ed750352e7e,,,1059,gcp10wbtrpap04,2026-08-03T07:59:30.0469721Z,,,,535089,AGEL075_Hybrid_AVC_Punch_MainTask,,SCHEDULED,,1136,2026-08-03T07:59:30.185733Z,100,,,"['100005124', '386', '354', '357', '389', '359', '392', '393', '100011533', '382']",False,2026-08-03T07:54:13.924545Z,COMPLETED,False,0a6639c7-902a-1167-8193-5327d0ae03b3,89,SCHEDULED,,1113,bruser_agel004,False,PUBLIC
7178b586-5240-4b9c-a9b2-ed63ec6d13ac_c7511d2b2a216a05,BOT,34957,AGEL047_RECs_Issued_MainTask,PRIORITY_MEDIUM,,,True,SendMailV2,1135,2026-08-03T04:20:01.403239Z,AGEL047_RECs_Issued_MainTask,85,fd71a965-cf75-4c9f-b1a4-c5ecebd0e21e,,,857,gcp10wbtrpap03,2026-08-03T07:54:40.973398Z,,,,474776,AGEL047_RECs_Issued_MainTask,,SCHEDULED,,1135,2026-08-03T07:54:41.10991Z,100,,,"['100005124', '386', '354', '357', '389', '359', '100011533', '382']",False,2026-08-03T07:52:48.3455275Z,COMPLETED,False,0a6639c7-902a-1167-8193-5327d0ae03b3,85,SCHEDULED,,1112,bruser_agel003,False,PUBLIC
2d1fe3c2-7747-4cc8-b997-23a7a56f3b86_38a8ba9b0b353d6e,BOT,100005963,AGEL135_Open_RGP and Shelf_Life_Expiry_Main.26.02.02.17.40.17.devuser_agel005,PRIORITY_MEDIUM,,,True,runApp,1136,2026-08-03T07:45:01.623463Z,AGEL135_Open_RGP and Shelf_Life_Expiry_Main,73,c602f467-ced4-41a0-aee3-91c9dd4cc4d0,,,852,gcp10wbtrpap05,2026-08-03T07:53:55.4114458Z,,,,100576031,AGEL135_Open_RGP and Shelf_Life_Expiry_Main,,SCHEDULED,,1136,2026-08-03T07:53:55.590179Z,100,,,"['100005124', '386', '354', '357', '389', '359', '392', '393', '100011533', '382']",False,2026-08-03T07:47:42.7637029Z,COMPLETED,False,0a6639c7-902a-1167-8193-5327d0ae03b3,73,SCHEDULED,,1114,bruser_agel005,False,PUBLIC
9d137e99-a8ac-4f13-aff3-e2b4ae388df1_47eac6d929b539eb,BOT,34788,AUC124_AGEL_Open_Reservation_Master.25.01.08.17.01.59.devuser_agel005,PRIORITY_MEDIUM,,,True,runApp,1136,2026-08-03T04:00:02.863191Z,AUC124_AGEL_Open_Reservation_Master,70,92d3d0e7-1295-43a0-b9d2-9be961e47bf8,,,857,gcp10wbtrpap03,2026-08-03T07:52:34.7161497Z,,,,422019,AUC124_AGEL_Open_Reservation_Master,,SCHEDULED,,1136,2026-08-03T07:52:34.859666Z,100,,,"['100005124', '386', '354', '389', '357', '359', '100011533', '382']",False,2026-08-03T07:47:06.2856295Z,COMPLETED,False,0a6639c7-902a-1167-8193-5327d0ae03b3,70,SCHEDULED,,1112,bruser_agel003,False,PUBLIC
7108e761-26c1-460e-a1ed-24b23a20813f_7d761c1a37a9f15e,BOT,100012349,ANIL026_zmmsez08_Dump,PRIORITY_MEDIUM,,,True,loop.commands.start,1135,2026-08-03T07:30:05.052035Z,ANIL026_zmmsez08_Dump,85,152855b3-6038-4604-88e0-b0a898d0b06b,,,852,gcp10wbtrpap05,2026-08-03T07:47:27.1938868Z,,,,101761378,ANIL026_zmmsez08_Dump,,SCHEDULED,,1135,2026-08-03T07:47:27.358196Z,100,,,"['100005124', '354', '386', '356', '357', '389', '359', '100011533', '382']",False,2026-08-03T07:45:08.461016Z,COMPLETED,False,0a6639c7-902a-1167-8193-5327d0ae03b3,85,SCHEDULED,,1114,bruser_agel005,False,PUBLIC
24db8876-64a1-4233-82cd-4c67aa5ebc2e_882ccd164d2b4076,BOT,34812,AGEL020_Operation Inventory Management Data Compli.25.01.17.16.42.28.devuser_agel005,PRIORITY_MEDIUM,,,True,runTask,1136,2026-08-03T04:00:02.679053Z,AGEL020_Operation Inventory Management Data Compli,48,f6a80b61-89ae-46d5-a3e8-fa0b7a2f6921,,,857,gcp10wbtrpap03,2026-08-03T07:46:54.8759643Z,,,,446862,AGEL020_Operation Inventory Management Data Compli,,SCHEDULED,,1136,2026-08-03T07:46:55.046165Z,100,,,"['100005124', '354', '386', '357', '389', '359', '100011533', '382']",False,2026-08-03T07:41:45.1768885Z,COMPLETED,False,0a6639c7-902a-1167-8193-5327d0ae03b3,48,SCHEDULED,,1112,bruser_agel003,False,PUBLIC
029bc865-8b0b-4a39-b6f1-bb3afb868537_7c0c5692f0e4b419,BOT,35442,ANIL012_PXIL_RTM_Data_Extraction,PRIORITY_MEDIUM,,,True,SendMailV2,1135,2026-08-03T07:30:02.255081Z,ANIL012_PXIL_RTM_Data_Extraction,47,fd40e698-925b-4960-9eb8-fedad3ebd7bd,,,852,gcp10wbtrpap05,2026-08-03T07:44:52.851697Z,,,,606875,ANIL012_PXIL_RTM_Data_Extraction,,SCHEDULED,,1135,2026-08-03T07:44:53.014546Z,100,,,"['100005124', '354', '386', '356', '389', '357', '359', '100011533', '382']",False,2026-08-03T07:44:04.2969882Z,COMPLETED,False,0a6639c7-902a-1167-8193-5327d0ae03b3,47,SCHEDULED,,1114,bruser_agel005,False,PUBLIC
ebcce449-2615-484d-99c1-7fbbe325400a_c90d7d7f34d60a3e,BOT,35451,AGEL075_Hybrid_AVC_Punch_MainTask.25.10.15.05.22.05.devuser_agel005,PRIORITY_MEDIUM,,,True,runApp,1136,2026-08-03T07:39:00.792292Z,AGEL075_Hybrid_AVC_Punch_MainTask,89,4f37406f-bd87-4b90-a61d-3fc11f5e5acb,,,1059,gcp10wbtrpap04,2026-08-03T07:44:29.2349303Z,,,,535089,AGEL075_Hybrid_AVC_Punch_MainTask,,SCHEDULED,,1136,2026-08-03T07:44:29.387167Z,100,,,"['100005124', '386', '354', '357', '389', '359', '392', '393', '100011533', '382']",False,2026-08-03T07:39:14.30296Z,COMPLETED,False,0a6639c7-902a-1167-8193-5327d0ae03b3,89,SCHEDULED,,1113,bruser_agel004,False,PUBLIC
47587df2-1870-4a11-8f29-3545715000c3_d0f81609d56e8d97,BOT,100012806,ANIL029_ZVMS_Report,PRIORITY_MEDIUM,,,True,messageBox,1135,2026-08-03T06:45:02.547973Z,ANIL029_ZVMS_Report,103,a654aa72-2e74-40a6-87ce-f8e95b6a95fd,,,852,gcp10wbtrpap05,2026-08-03T07:43:47.9815799Z,,,,101830732,ANIL029_ZVMS_Report,,SCHEDULED,,1135,2026-08-03T07:43:48.153596Z,100,,,"['100005124', '354', '386', '356', '357', '389', '359', '100011533', '382']",False,2026-08-03T07:41:54.4552488Z,COMPLETED,False,0a6639c7-902a-1167-8193-5327d0ae03b3,103,SCHEDULED,,1114,bruser_agel005,False,PUBLIC
20283059-a085-4787-b211-000c9852910b_c1bfbf2245fed4f5,BOT,100012348,ANIL028_zsa003N_G_Dump,PRIORITY_MEDIUM,,,True,messageBox,1135,2026-08-03T06:45:02.066267Z,ANIL028_zsa003N_G_Dump,60,7c38d138-7195-4109-b73b-faa7d532f5f2,,,852,gcp10wbtrpap05,2026-08-03T07:41:39.1267334Z,,,,101763950,ANIL028_zsa003N_G_Dump,,SCHEDULED,,1135,2026-08-03T07:41:39.291446Z,100,,,"['100005124', '354', '386', '356', '357', '389', '359', '100011533', '382']",False,2026-08-03T07:40:52.707253Z,COMPLETED,False,0a6639c7-902a-1167-8193-5327d0ae03b3,60,SCHEDULED,,1114,bruser_agel005,False,PUBLIC
2ba9044d-218b-47b1-b85e-4ad553f61c7a_3e5d2c218eb70039,BOT,34728,AGEL018_Coal_Gas_Report_Digital,PRIORITY_MEDIUM,,,True,SendMailV2,1135,2026-08-03T03:40:01.209648Z,AGEL018_Coal_Gas_Report_Digital,57,b7177df7-6bae-4fd3-89e0-95656f0e3979,,,857,gcp10wbtrpap03,2026-08-03T07:41:37.5284565Z,,,,422575,AGEL018_Coal_Gas_Report_Digital,,SCHEDULED,,1135,2026-08-03T07:41:37.673505Z,100,,,"['100005124', '354', '386', '357', '389', '359', '100011533', '382']",False,2026-08-03T07:40:49.2316011Z,COMPLETED,False,0a6639c7-902a-1167-8193-5327d0ae03b3,57,SCHEDULED,,1112,bruser_agel003,False,PUBLIC
b8411591-305a-4745-a444-885e98d80dda_74bbb8e9e7edf757,BOT,34954,AUC194_AGEL_DailyBankBalance_MasterTask.25.02.25.16.55.13.devuser_agel002,PRIORITY_MEDIUM,,,True,runApp,1133,2026-08-03T03:15:00.992955Z,AUC194_AGEL_DailyBankBalance_MasterTask,98,5d4fbec4-3061-41d7-a9b8-6ae1533aec42,,,857,gcp10wbtrpap03,2026-08-03T07:40:40.6959804Z,,,,482083,AUC194_AGEL_DailyBankBalance_MasterTask,,SCHEDULED,,1133,2026-08-03T07:40:40.849016Z,100,,,"['100005124', '354', '386', '357', '389', '359', '100011533', '382']",False,2026-08-03T07:39:37.3014879Z,COMPLETED,False,0a6639c7-902a-1167-8193-5327d0ae03b3,98,SCHEDULED,,1112,bruser_agel003,False,PUBLIC
f3dc03da-96b6-4b5a-a8d0-516ee5dd6bdf_0ef596b8780caadf,BOT,100012349,ANIL026_zmmsez08_Dump,PRIORITY_MEDIUM,,,True,loop.commands.start,1135,2026-08-03T06:30:06.078193Z,ANIL026_zmmsez08_Dump,85,90808856-d764-4a0b-861f-af77ca77fa12,,,852,gcp10wbtrpap05,2026-08-03T07:40:36.288325Z,,,,101761378,ANIL026_zmmsez08_Dump,,SCHEDULED,,1135,2026-08-03T07:40:36.444357Z,100,,,"['100005124', '354', '386', '356', '357', '389', '359', '100011533', '382']",False,2026-08-03T07:32:48.5702892Z,COMPLETED,False,0a6639c7-902a-1167-8193-5327d0ae03b3,85,SCHEDULED,,1114,bruser_agel005,False,PUBLIC
5dab8645-6ce2-4ad9-90da-901c56197962_248c58ba8c4abb32,BOT,34727,AUC185_AGEL_Data_Compliance_Master,PRIORITY_MEDIUM,,,True,catch,1135,2026-08-03T02:30:03.751968Z,1,155,a0ddf7ea-6315-4a22-b1ce-e59e1ac40747,,,857,gcp10wbtrpap03,2026-08-03T07:39:29.2472645Z,ba.bot.execution.error,"This may be due to the following reason:

    A user cancelled running the bot. You can run it again.

Location: 1.0 Data_Compliance SAP Report Download (line 155)

","There was a problem at line 155
",413105,AUC185_AGEL_Data_Compliance_Master,,SCHEDULED,"There was a problem at line 155
 This may be due to the following reason:

A user cancelled running the bot. You can run it again.

Location: 1.0 Data_Compliance SAP Report Download (line 155)

 To continue, edit the bot and fix the error. Then, try again.


If you continue to see this message, please contact your system administrator.",1136,2026-08-03T07:39:29.345299Z,98,,,"['100005124', '354', '386', '389', '357', '359', '100011533', '382']",False,2026-08-03T07:39:09.6525289Z,RUN_ABORTED,False,0a6639c7-902a-1167-8193-5327d0ae03b3,158,SCHEDULED,,1112,bruser_agel003,False,PUBLIC
76a0a5ae-0cf5-4c29-8839-419b79682ecd_877bdcb22df35ab9,BOT,35345,AGEL099_SE16N_Dump to GCS_Main.25.08.08.18.49.22.devuser_agel005,PRIORITY_MEDIUM,,,True,deleteFiles,1136,2026-08-03T02:20:01.40924Z,AGEL099_SE16N_Dump to GCS_Main,123,9931176e-0cb7-4e37-bc91-f4ec6d9b1b0d,,,857,gcp10wbtrpap03,2026-08-03T07:39:00.7863318Z,,,,574738,AGEL099_SE16N_Dump to GCS_Main,,SCHEDULED,,1136,2026-08-03T07:39:00.917928Z,100,,,"['100005124', '354', '386', '357', '389', '359', '392', '393', '100011533', '382']",False,2026-08-03T07:38:19.3259262Z,COMPLETED,False,0a6639c7-902a-1167-8193-5327d0ae03b3,123,SCHEDULED,,1112,bruser_agel003,False,PUBLIC
4050ec12-3df2-4969-8674-f9dae4f2de02_9e1a82c7b8e66579,BOT,35471,AUC062_AGEL_CostStatus_Main,PRIORITY_MEDIUM,,,True,delay,1135,2026-08-03T03:00:02.818902Z,AUC062_AGEL_CostStatus_Main,75,4ae0b23a-dea6-4b57-a8a7-8916b6717242,,,830,gcp10wbtrpap02,2026-08-03T07:38:23.8493651Z,ba.bot.execution.force.stop,,Forcefully closed the bot execution due to user stopping it.,416272,AUC062_AGEL_CostStatus_Main,,SCHEDULED,Forcefully closed the bot execution due to user stopping it.,1136,2026-08-03T07:38:23.930637Z,83,,,"['100005124', '354', '386', '389', '357', '359', '100011533', '382']",False,2026-08-03T03:00:12.1890209Z,RUN_ABORTED,False,0a6639c7-902a-1167-8193-5327d0ae03b3,92,SCHEDULED,,1110,bruser_agel001,False,PUBLIC
f226ce23-096e-4f39-b559-e0d8a08fbad3_dba6da619fde17d2,BOT,34726,AUC168_AGEL_MB51_RAW_DATA_New,PRIORITY_MEDIUM,,,True,if,1135,2026-08-03T01:55:00.656182Z,AUC168_AGEL_MB51_RAW_DATA_New,122,1241a011-ef3e-4854-80ec-1066b7b6d4fc,,,857,gcp10wbtrpap03,2026-08-03T07:38:11.1779829Z,ba.bot.execution.force.stop,,Forcefully closed the bot execution due to user stopping it.,428604,AUC168_AGEL_MB51_RAW_DATA_New,,SCHEDULED,Forcefully closed the bot execution due to user stopping it.,1136,2026-08-03T07:38:11.227304Z,60,,,"['100005124', '386', '354', '389', '357', '359', '100011533', '382']",False,2026-08-03T06:54:31.3274008Z,RUN_ABORTED,False,0a6639c7-902a-1167-8193-5327d0ae03b3,287,SCHEDULED,,1112,bruser_agel003,False,PUBLIC
00d60a3c-cab9-487c-9065-41ec9185d3ef_22b8071f85f37500,BOT,35406,AGEL101 ME2N DUMP from Consolidated T001K list MT.25.09.12.14.41.04.devuser_agel005,PRIORITY_MEDIUM,,,True,createFolder,1136,2026-08-03T06:30:05.851555Z,AGEL101 ME2N DUMP from Consolidated T001K list MT,112,f5ed7e21-8a3c-4f49-8257-27ecb6b14d94,,,852,gcp10wbtrpap05,2026-08-03T07:32:32.625021Z,,,,591581,AGEL101 ME2N DUMP from Consolidated T001K list MT,,SCHEDULED,,1136,2026-08-03T07:32:32.824581Z,100,,,"['100005124', '354', '386', '357', '389', '359', '392', '393', '100011533', '382']",False,2026-08-03T06:35:15.4661682Z,COMPLETED,False,0a6639c7-902a-1167-8193-5327d0ae03b3,112,SCHEDULED,,1114,bruser_agel005,False,PUBLIC
4c947a2c-461a-4df2-9f01-dae5d93980df_82577bb521ee5cbb,BOT,35434,AUC119_AGEL_MasterBot.25.10.09.12.49.24.devuser_agel003,PRIORITY_MEDIUM,,,True,stopTask,1134,2026-08-03T07:30:02.63857Z,AUC119_AGEL_MasterBot,9,70e2cddb-1725-4a5d-a6b8-144672fe29b3,,,1061,gcp10wbtrpap01,2026-08-03T07:30:21.4672573Z,,,,411366,AUC119_AGEL_MasterBot,,SCHEDULED,,1134,2026-08-03T07:30:21.600921Z,100,,,"['100005124', '386', '354', '387', '389', '357', '359', '100011533', '382']",False,2026-08-03T07:30:19.7211608Z,COMPLETED,False,0a6639c7-902a-1167-8193-5327d0ae03b3,9,SCHEDULED,,1111,bruser_agel002,False,PUBLIC
cc802c90-0169-4105-a6d8-ab37d785978b_cb8f243411a73237,BOT,35451,AGEL075_Hybrid_AVC_Punch_MainTask.25.10.15.05.22.05.devuser_agel005,PRIORITY_MEDIUM,,,True,runApp,1136,2026-08-03T07:24:00.841432Z,AGEL075_Hybrid_AVC_Punch_MainTask,89,cc873bc3-e222-4b11-a73d-c084b3a70064,,,1059,gcp10wbtrpap04,2026-08-03T07:29:28.9023941Z,,,,535089,AGEL075_Hybrid_AVC_Punch_MainTask,,SCHEDULED,,1136,2026-08-03T07:29:29.052717Z,100,,,"['100005124', '386', '354', '357', '389', '359', '392', '393', '100011533', '382']",False,2026-08-03T07:24:14.580765Z,COMPLETED,False,0a6639c7-902a-1167-8193-5327d0ae03b3,89,SCHEDULED,,1113,bruser_agel004,False,PUBLIC
a0eccb8a-31c8-4263-a687-bd7ed49fb163_63348d4ae26c3fe1,BOT,35451,AGEL075_Hybrid_AVC_Punch_MainTask.25.10.15.05.22.05.devuser_agel005,PRIORITY_MEDIUM,,,True,runApp,1136,2026-08-03T07:09:00.929943Z,AGEL075_Hybrid_AVC_Punch_MainTask,89,92ef4bcb-4534-4fed-b154-51e9be164548,,,1059,gcp10wbtrpap04,2026-08-03T07:14:30.5635036Z,,,,535089,AGEL075_Hybrid_AVC_Punch_MainTask,,SCHEDULED,,1136,2026-08-03T07:14:30.701693Z,100,,,"['100005124', '386', '354', '357', '389', '359', '392', '393', '100011533', '382']",False,2026-08-03T07:09:14.0778472Z,COMPLETED,False,0a6639c7-902a-1167-8193-5327d0ae03b3,89,SCHEDULED,,1113,bruser_agel004,False,PUBLIC
1fbeeee4-2622-4e08-92c6-a761feb57038_aed51d949e07351c,BOT,35451,AGEL075_Hybrid_AVC_Punch_MainTask.25.10.15.05.22.05.devuser_agel005,PRIORITY_MEDIUM,,,True,runApp,1136,2026-08-03T06:54:00.922156Z,AGEL075_Hybrid_AVC_Punch_MainTask,89,a88474fa-8f10-4a87-a8ee-28440a1ae6a7,,,1059,gcp10wbtrpap04,2026-08-03T06:59:29.7392786Z,,,,535089,AGEL075_Hybrid_AVC_Punch_MainTask,,SCHEDULED,,1136,2026-08-03T06:59:29.882968Z,100,,,"['100005124', '386', '354', '357', '389', '359', '392', '393', '100011533', '382']",False,2026-08-03T06:54:14.0592726Z,COMPLETED,False,0a6639c7-902a-1167-8193-5327d0ae03b3,89,SCHEDULED,,1113,bruser_agel004,False,PUBLIC
ef8d614e-4dd6-4f5c-99e7-aa11fde87406_de4686bdd2ca34ee,BOT,34721,AUC135_AGEL_Abnomal_BDV_PPM_Report_Notification_01,PRIORITY_MEDIUM,,,True,stopTask,1135,2026-08-03T00:10:01.04797Z,AUC135_AGEL_Abnomal_BDV_PPM_Report_Notification_01,32,e3d69518-d0c7-4951-a195-728d196b4185,,,857,gcp10wbtrpap03,2026-08-03T06:54:23.8156771Z,,,,429677,AUC135_AGEL_Abnomal_BDV_PPM_Report_Notification_01,,SCHEDULED,,1135,2026-08-03T06:54:23.944161Z,100,,,"['100005124', '354', '386', '357', '389', '359', '100011533', '382']",False,2026-08-03T06:54:05.4440988Z,COMPLETED,False,0a6639c7-902a-1167-8193-5327d0ae03b3,32,SCHEDULED,,1112,bruser_agel003,False,PUBLIC
364c3962-0958-47ef-a744-53037742dfd6_58bb2e30db8bccb0,BOT,34720,AUC134_AGEL_DGACritical_MasterBot,PRIORITY_MEDIUM,,,True,stopTask,1135,2026-08-03T00:00:02.733Z,AUC134_AGEL_DGACritical_MasterBot,34,3c458b9a-a5ca-45c9-8191-d8b0c32f041d,,,857,gcp10wbtrpap03,2026-08-03T06:53:57.1775256Z,,,,415344,AUC134_AGEL_DGACritical_MasterBot,,SCHEDULED,,1135,2026-08-03T06:53:57.319357Z,100,,,"['100005124', '354', '386', '357', '389', '359', '100011533', '382']",False,2026-08-03T06:53:39.4831784Z,COMPLETED,False,0a6639c7-902a-1167-8193-5327d0ae03b3,34,SCHEDULED,,1112,bruser_agel003,False,PUBLIC
9e266ee1-ac5b-4e95-9e7a-40930de679b0_7aea565fd958c986,BOT,34718,AUC128_AGEL_DGA_AlarmHigh_MasterBot,PRIORITY_MEDIUM,,,True,stopTask,1135,2026-08-02T23:30:02.647526Z,AUC128_AGEL_DGA_AlarmHigh_MasterBot,32,20058c22-22fe-4511-b49f-40a17aa35c9e,,,857,gcp10wbtrpap03,2026-08-03T06:53:31.722933Z,,,,415373,AUC128_AGEL_DGA_AlarmHigh_MasterBot,,SCHEDULED,,1135,2026-08-03T06:53:31.839477Z,100,,,"['100005124', '354', '386', '357', '389', '359', '100011533', '382']",False,2026-08-03T06:53:13.4446318Z,COMPLETED,False,0a6639c7-902a-1167-8193-5327d0ae03b3,32,SCHEDULED,,1112,bruser_agel003,False,PUBLIC
2602eb67-6e0e-4395-8167-dc3c547bf075_6b9d373e70a0318d,BOT,0,AUC098_ANIL_RTP_MasterBot.26.08.03.03.41.43.devuser_agel002,PRIORITY_MEDIUM,,,True,finally,1133,2026-08-02T22:11:53.594431Z,AUC098_ANIL_RTP_MasterBot,157,28bb4096-d3e8-49c7-8400-e6ff10c42c59,,,857,gcp10wbtrpap03,2026-08-03T06:53:03.6975485Z,ba.bot.execution.error,"This may be due to the following reason:

    A user cancelled running the bot. You can run it again.

Location: AUC098_ANIL_RTP_MasterBot (line 157)

","There was a problem at line 157
",413752,AUC098_ANIL_RTP_MasterBot,,RUN_NOW,"There was a problem at line 157
 This may be due to the following reason:

A user cancelled running the bot. You can run it again.

Location: AUC098_ANIL_RTP_MasterBot (line 157)

 To continue, edit the bot and fix the error. Then, try again.


If you continue to see this message, please contact your system administrator.",1112,2026-08-03T06:53:04.185694Z,98,,,"['100005124', '354', '386', '356', '357', '389', '359', '100011533', '382']",False,2026-08-02T22:12:00.3733143Z,RUN_ABORTED,False,0a6639c7-902a-1167-8193-5327d0ae03b3,160,RUN_NOW,,1112,bruser_agel003,False,PUBLIC
8f642bcb-d174-451e-af6b-389b21f41dde_aad8878529e0ee3f,BOT,35451,AGEL075_Hybrid_AVC_Punch_MainTask.25.10.15.05.22.05.devuser_agel005,PRIORITY_MEDIUM,,,True,runApp,1136,2026-08-03T06:39:00.796278Z,AGEL075_Hybrid_AVC_Punch_MainTask,89,7615c260-1b31-43cc-aff8-7de036bb93ac,,,1059,gcp10wbtrpap04,2026-08-03T06:44:29.5399357Z,,,,535089,AGEL075_Hybrid_AVC_Punch_MainTask,,SCHEDULED,,1136,2026-08-03T06:44:29.686609Z,100,,,"['100005124', '386', '354', '357', '389', '359', '392', '393', '100011533', '382']",False,2026-08-03T06:39:13.8687458Z,COMPLETED,False,0a6639c7-902a-1167-8193-5327d0ae03b3,89,SCHEDULED,,1113,bruser_agel004,False,PUBLIC
f359f57b-61ac-40f7-a0d0-e875c534dac5_334717f6e366ab66,BOT,34703,AUC172_DowntimeSecurityPatch&VAOpen_MasterBot,PRIORITY_MEDIUM,,,True,loop.commands.start,1135,2026-08-03T06:30:04.826063Z,AUC172_DowntimeSecurityPatch&VAOpen_MasterBot,50,88f5d3a4-4748-45af-8448-1f28228b3937,,,852,gcp10wbtrpap05,2026-08-03T06:35:00.3568905Z,,,,423407,AUC172_DowntimeSecurityPatch&VAOpen_MasterBot,,SCHEDULED,,1135,2026-08-03T06:35:00.497737Z,100,,,"['100005124', '354', '386', '389', '357', '359', '100011533', '382']",False,2026-08-03T06:34:53.0565805Z,COMPLETED,False,0a6639c7-902a-1167-8193-5327d0ae03b3,50,SCHEDULED,,1114,bruser_agel005,False,PUBLIC
72b093c5-194f-4344-ab11-cd6ad0c68cd7_8e13a6f381f7b601,BOT,35429,ANIL008_MCX_Data_Extraction_MainTask,PRIORITY_MEDIUM,,,True,SendMailV2,1135,2026-08-03T06:30:04.478257Z,ANIL008_MCX_Data_Extraction_MainTask,60,de517287-cb0f-4222-a95f-b07a5efcf075,,,852,gcp10wbtrpap05,2026-08-03T06:34:30.2914708Z,ba.bot.execution.error,"This may be due to the following reason:

    Invalid argument supplied to 'list', index '0' is invalid or out of bound.

Location: ANIL008_MCX_Data_Extraction_MainTask (line 60)

","There was a problem at line 60
",604508,ANIL008_MCX_Data_Extraction_MainTask,,SCHEDULED,"There was a problem at line 60
 This may be due to the following reason:

Invalid argument supplied to 'list', index '0' is invalid or out of bound.

Location: ANIL008_MCX_Data_Extraction_MainTask (line 60)

 To continue, edit the bot and fix the error. Then, try again.


If you continue to see this message, please contact your system administrator.",1135,2026-08-03T06:34:30.448937Z,100,,,"['100005124', '386', '354', '356', '389', '357', '359', '100011533', '382']",False,2026-08-03T06:33:09.3748325Z,RUN_FAILED,False,0a6639c7-902a-1167-8193-5327d0ae03b3,60,SCHEDULED,,1114,bruser_agel005,False,PUBLIC
4eb42a17-0f87-4dff-9c80-97f4d8f12d4f_35a2c73054648c1e,BOT,35430,ANIL009_NSEIndia_Data_Extraction,PRIORITY_MEDIUM,,,True,SendMailV2,1135,2026-08-03T06:30:04.015024Z,ANIL009_NSEIndia_Data_Extraction,89,eca2fb93-7e44-4a1f-8141-eecc18a19e3d,,,852,gcp10wbtrpap05,2026-08-03T06:32:45.1323287Z,,,,604470,ANIL009_NSEIndia_Data_Extraction,,SCHEDULED,,1135,2026-08-03T06:32:45.945448Z,100,,,"['100005124', '354', '386', '356', '357', '389', '359', '100011533', '382']",False,2026-08-03T06:31:35.4253298Z,COMPLETED,False,0a6639c7-902a-1167-8193-5327d0ae03b3,89,SCHEDULED,,1114,bruser_agel005,False,PUBLIC
a1c3ab9e-60c5-4e65-9b45-fb7059cbc2fd_e26c12ffa0e124c4,BOT,35442,ANIL012_PXIL_RTM_Data_Extraction,PRIORITY_MEDIUM,,,True,SendMailV2,1135,2026-08-03T06:30:01.528363Z,ANIL012_PXIL_RTM_Data_Extraction,47,3266b5bb-a878-4da2-9ad8-9bd616991986,,,852,gcp10wbtrpap05,2026-08-03T06:31:11.1831674Z,,,,606875,ANIL012_PXIL_RTM_Data_Extraction,,SCHEDULED,,1135,2026-08-03T06:31:11.322055Z,100,,,"['100005124', '386', '354', '356', '389', '357', '359', '100011533', '382']",False,2026-08-03T06:30:19.243722Z,COMPLETED,False,0a6639c7-902a-1167-8193-5327d0ae03b3,47,SCHEDULED,,1114,bruser_agel005,False,PUBLIC
adf97eba-19ac-4d1f-88b2-393099f220be_e5c44f6043507acc,BOT,35451,AGEL075_Hybrid_AVC_Punch_MainTask.25.10.15.05.22.05.devuser_agel005,PRIORITY_MEDIUM,,,True,runApp,1136,2026-08-03T06:24:00.844263Z,AGEL075_Hybrid_AVC_Punch_MainTask,89,2eb3ecdb-1fd3-44e4-9fca-f0c1bae525f6,,,1059,gcp10wbtrpap04,2026-08-03T06:29:30.9851745Z,,,,535089,AGEL075_Hybrid_AVC_Punch_MainTask,,SCHEDULED,,1136,2026-08-03T06:29:31.101687Z,100,,,"['100005124', '386', '354', '357', '389', '359', '392', '393', '100011533', '382']",False,2026-08-03T06:24:14.0839806Z,COMPLETED,False,0a6639c7-902a-1167-8193-5327d0ae03b3,89,SCHEDULED,,1113,bruser_agel004,False,PUBLIC
2c9e1fd0-22d5-42a6-97ad-c5498d87be8c_8e09c1c0ec1f5a73,BOT,35451,AGEL075_Hybrid_AVC_Punch_MainTask.25.10.15.05.22.05.devuser_agel005,PRIORITY_MEDIUM,,,True,runApp,1136,2026-08-03T06:09:00.812985Z,AGEL075_Hybrid_AVC_Punch_MainTask,89,9f83559e-d17b-4a23-9e2e-50368f2e6f6a,,,1059,gcp10wbtrpap04,2026-08-03T06:14:31.2634921Z,,,,535089,AGEL075_Hybrid_AVC_Punch_MainTask,,SCHEDULED,,1136,2026-08-03T06:14:31.407374Z,100,,,"['100005124', '386', '354', '357', '389', '359', '392', '393', '100011533', '382']",False,2026-08-03T06:09:14.3842745Z,COMPLETED,False,0a6639c7-902a-1167-8193-5327d0ae03b3,89,SCHEDULED,,1113,bruser_agel004,False,PUBLIC
4e2fbb7c-1f9e-4721-bfcb-c61ea18a6107_dfb452468cdd10d0,BOT,35451,AGEL075_Hybrid_AVC_Punch_MainTask.25.10.15.05.22.05.devuser_agel005,PRIORITY_MEDIUM,,,True,runApp,1136,2026-08-03T05:54:00.778755Z,AGEL075_Hybrid_AVC_Punch_MainTask,89,505407da-9dfc-476e-80e2-1d4a8d439fcf,,,1059,gcp10wbtrpap04,2026-08-03T05:59:31.8680219Z,,,,535089,AGEL075_Hybrid_AVC_Punch_MainTask,,SCHEDULED,,1136,2026-08-03T05:59:32.021287Z,100,,,"['100005124', '386', '354', '357', '389', '359', '392', '393', '100011533', '382']",False,2026-08-03T05:54:15.1977966Z,COMPLETED,False,0a6639c7-902a-1167-8193-5327d0ae03b3,89,SCHEDULED,,1113,bruser_agel004,False,PUBLIC
11b68171-3f66-4883-93db-3be2d0228e4d_009c8920b3818c56,BOT,35451,AGEL075_Hybrid_AVC_Punch_MainTask.25.10.15.05.22.05.devuser_agel005,PRIORITY_MEDIUM,,,True,runApp,1136,2026-08-03T05:39:00.687303Z,AGEL075_Hybrid_AVC_Punch_MainTask,89,9825d61e-d7c3-49f6-b20d-7f7be08429e1,,,1059,gcp10wbtrpap04,2026-08-03T05:44:27.3777681Z,,,,535089,AGEL075_Hybrid_AVC_Punch_MainTask,,SCHEDULED,,1136,2026-08-03T05:44:27.507991Z,100,,,"['100005124', '386', '354', '357', '389', '359', '392', '393', '100011533', '382']",False,2026-08-03T05:39:12.1108289Z,COMPLETED,False,0a6639c7-902a-1167-8193-5327d0ae03b3,89,SCHEDULED,,1113,bruser_agel004,False,PUBLIC
b4efc9d7-733f-4b14-83f8-2ff1699c3c99_26b269f32662452d,BOT,100012349,ANIL026_zmmsez08_Dump,PRIORITY_MEDIUM,,,True,loop.commands.start,1135,2026-08-03T05:30:04.114183Z,ANIL026_zmmsez08_Dump,85,b782d801-34de-4905-8d6e-4b44f2ea5705,,,852,gcp10wbtrpap05,2026-08-03T05:41:55.5869722Z,,,,101761378,ANIL026_zmmsez08_Dump,,SCHEDULED,,1135,2026-08-03T05:41:55.751309Z,100,,,"['100005124', '354', '386', '356', '389', '357', '359', '100011533', '382']",False,2026-08-03T05:33:07.3450692Z,COMPLETED,False,0a6639c7-902a-1167-8193-5327d0ae03b3,85,SCHEDULED,,1114,bruser_agel005,False,PUBLIC
2bbb308f-4ad8-4b03-bf6b-20a0ccd29cd8_3de331de0e68f783,BOT,35442,ANIL012_PXIL_RTM_Data_Extraction,PRIORITY_MEDIUM,,,True,SendMailV2,1135,2026-08-03T05:30:02.139152Z,ANIL012_PXIL_RTM_Data_Extraction,47,9437a9a0-0b5e-462c-bdca-5617b1f8cb54,,,852,gcp10wbtrpap05,2026-08-03T05:32:50.7869657Z,,,,606875,ANIL012_PXIL_RTM_Data_Extraction,,SCHEDULED,,1135,2026-08-03T05:32:50.941325Z,100,,,"['100005124', '386', '354', '356', '389', '357', '359', '100011533', '382']",False,2026-08-03T05:31:59.9378439Z,COMPLETED,False,0a6639c7-902a-1167-8193-5327d0ae03b3,47,SCHEDULED,,1114,bruser_agel005,False,PUBLIC
8d72d688-bad2-49e2-b7d2-f956a690bb89_a806019f3efcb987,BOT,35404,AGEL100_StatusOf_GRN_Pending_&SLA.25.09.12.13.58.16.devuser_agel005,PRIORITY_MEDIUM,,,True,SendMailV2,1136,2026-08-03T05:15:01.400584Z,AGEL100_StatusOf_GRN_Pending_&SLA,80,a7eafb58-e24c-4e4c-a697-03c60f4de26e,,,852,gcp10wbtrpap05,2026-08-03T05:31:39.6043734Z,,,,593466,AGEL100_StatusOf_GRN_Pending_&SLA,,SCHEDULED,,1136,2026-08-03T05:31:39.764198Z,100,,,"['100005124', '386', '354', '389', '357', '359', '392', '393', '100011533', '382']",False,2026-08-03T05:15:24.782656Z,COMPLETED,False,0a6639c7-902a-1167-8193-5327d0ae03b3,80,SCHEDULED,,1114,bruser_agel005,False,PUBLIC
0971c179-49d0-48c5-b314-1546b1dfa2ce_5eb52e1105e6460b,BOT,35451,AGEL075_Hybrid_AVC_Punch_MainTask.25.10.15.05.22.05.devuser_agel005,PRIORITY_MEDIUM,,,True,runApp,1136,2026-08-03T05:24:00.854041Z,AGEL075_Hybrid_AVC_Punch_MainTask,89,f3c829b3-f755-4850-a007-d2640d555b5a,,,1059,gcp10wbtrpap04,2026-08-03T05:29:29.9426869Z,,,,535089,AGEL075_Hybrid_AVC_Punch_MainTask,,SCHEDULED,,1136,2026-08-03T05:29:30.056561Z,100,,,"['100005124', '386', '354', '357', '389', '359', '392', '393', '100011533', '382']",False,2026-08-03T05:24:14.6083948Z,COMPLETED,False,0a6639c7-902a-1167-8193-5327d0ae03b3,89,SCHEDULED,,1113,bruser_agel004,False,PUBLIC
bc013bad-f900-4596-ba2d-7864f9464b80_808dabaf7b5b7729,BOT,0,AGEL025_ZIAGE_MaterialAgeingReport_MasterBot.26.08.03.10.35.58.devuser_agel005,PRIORITY_MEDIUM,,,True,SendMailV2,1136,2026-08-03T05:06:08.135366Z,AGEL025_ZIAGE_MaterialAgeingReport_MasterBot,84,cbb3cf47-126f-4fec-89bc-14f6af510a4d,,,852,gcp10wbtrpap05,2026-08-03T05:15:08.7680336Z,,,,420468,AGEL025_ZIAGE_MaterialAgeingReport_MasterBot,,RUN_NOW,,1136,2026-08-03T05:15:08.979612Z,100,,,"['100005124', '354', '386', '389', '357', '359', '100011533', '382']",False,2026-08-03T05:09:26.776845Z,COMPLETED,False,0a6639c7-902a-1167-8193-5327d0ae03b3,84,RUN_NOW,,1114,bruser_agel005,False,PUBLIC
71ade16c-3182-4a7b-a2fc-ff8e542c058a_8c13ac02b3a7ec8a,BOT,35451,AGEL075_Hybrid_AVC_Punch_MainTask.25.10.15.05.22.05.devuser_agel005,PRIORITY_MEDIUM,,,True,runApp,1136,2026-08-03T05:09:00.693176Z,AGEL075_Hybrid_AVC_Punch_MainTask,89,2f104bcd-fea5-4fae-9dd0-012d67e36e4e,,,1059,gcp10wbtrpap04,2026-08-03T05:14:28.7493924Z,,,,535089,AGEL075_Hybrid_AVC_Punch_MainTask,,SCHEDULED,,1136,2026-08-03T05:14:28.940949Z,100,,,"['100005124', '386', '354', '357', '389', '359', '392', '393', '100011533', '382']",False,2026-08-03T05:09:11.8614431Z,COMPLETED,False,0a6639c7-902a-1167-8193-5327d0ae03b3,89,SCHEDULED,,1113,bruser_agel004,False,PUBLIC
04a5b9ec-5c94-4d82-bc98-849733f42a42_aef153a1789a97b3,BOT,0,AGEL085_CRM_Order_Invoice_Data.26.08.03.10.33.54.devuser_agel005,PRIORITY_MEDIUM,,,True,stopTask,1136,2026-08-03T05:04:05.251527Z,AGEL085_CRM_Order_Invoice_Data,143,1845c6ee-998e-464b-9809-db1c52b87119,,,852,gcp10wbtrpap05,2026-08-03T05:09:09.4726593Z,,,,556475,AGEL085_CRM_Order_Invoice_Data,,RUN_NOW,,1136,2026-08-03T05:09:09.633497Z,100,,,"['100005124', '386', '354', '357', '389', '359', '392', '393', '100011533', '382']",False,2026-08-03T05:08:28.9453322Z,COMPLETED,False,0a6639c7-902a-1167-8193-5327d0ae03b3,143,RUN_NOW,,1114,bruser_agel005,False,PUBLIC
4c1b4b23-3c12-403e-82a7-fddf9290b671_bfb38f7e073ba47c,BOT,100012806,ANIL029_ZVMS_Report,PRIORITY_MEDIUM,,,True,messageBox,1135,2026-08-03T04:45:01.404079Z,ANIL029_ZVMS_Report,103,d97966c0-72a1-4cc6-8182-adae8d9d76a5,,,852,gcp10wbtrpap05,2026-08-03T05:08:07.1528814Z,,,,101830732,ANIL029_ZVMS_Report,,SCHEDULED,,1135,2026-08-03T05:08:07.344771Z,100,,,"['100005124', '354', '386', '356', '357', '389', '359', '100011533', '382']",False,2026-08-03T05:06:10.1080327Z,COMPLETED,False,0a6639c7-902a-1167-8193-5327d0ae03b3,103,SCHEDULED,,1114,bruser_agel005,False,PUBLIC
c4164ecf-1723-49a7-bac1-a939539572b0_b49171563329cbfc,BOT,35254,AGEL087_MB25_pending_MIRS_Posting.25.06.18.17.14.05.devuser_agel005,PRIORITY_MEDIUM,,,True,SendMailV2,1136,2026-08-03T04:45:01.601036Z,AGEL087_MB25_pending_MIRS_Posting,42,251af888-1ac7-41dc-9a56-f03bdfb6c129,,,852,gcp10wbtrpap05,2026-08-03T05:05:55.1177859Z,,,,556795,AGEL087_MB25_pending_MIRS_Posting,,SCHEDULED,,1136,2026-08-03T05:05:55.282519Z,100,,,"['100005124', '354', '386', '357', '389', '359', '392', '393', '100011533', '382']",False,2026-08-03T05:02:36.5881057Z,COMPLETED,False,0a6639c7-902a-1167-8193-5327d0ae03b3,42,SCHEDULED,,1114,bruser_agel005,False,PUBLIC
5dc8683b-a150-4ec1-abae-2635b7408c0e_4fe2a3889f81bbc8,BOT,100009290,AGEL091 ZIBDSESREP_DataPush_to_GCS MasterTask.26.04.24.20.40.27.devuser_agel002,PRIORITY_MEDIUM,,,True,DownloadFile,1133,2026-08-03T04:45:01.18738Z,AGEL091 ZIBDSESREP_DataPush_to_GCS MasterTask,52,3a69cbb2-8237-4571-b74b-ff3b9ce11044,,,852,gcp10wbtrpap05,2026-08-03T05:02:22.2712707Z,ba.bot.execution.force.stop,,Forcefully closed the bot execution due to user stopping it.,570548,AGEL091 ZIBDSESREP_DataPush_to_GCS MasterTask,,SCHEDULED,Forcefully closed the bot execution due to user stopping it.,1136,2026-08-03T05:02:22.337353Z,45,,,"['100005124', '386', '354', '389', '357', '359', '392', '393', '100011533', '382']",False,2026-08-03T04:46:19.4665796Z,RUN_ABORTED,False,0a6639c7-902a-1167-8193-5327d0ae03b3,119,SCHEDULED,,1114,bruser_agel005,False,PUBLIC
6d3f653a-dc0e-48de-afe9-fe51622fd4cd_674e0491eba5101f,BOT,35451,AGEL075_Hybrid_AVC_Punch_MainTask.25.10.15.05.22.05.devuser_agel005,PRIORITY_MEDIUM,,,True,runApp,1136,2026-08-03T04:54:00.741301Z,AGEL075_Hybrid_AVC_Punch_MainTask,89,b8a9826f-f465-4786-9a29-10dd7f5b6325,,,1059,gcp10wbtrpap04,2026-08-03T04:59:26.8206041Z,,,,535089,AGEL075_Hybrid_AVC_Punch_MainTask,,SCHEDULED,,1136,2026-08-03T04:59:26.978367Z,100,,,"['100005124', '386', '354', '357', '389', '359', '392', '393', '100011533', '382']",False,2026-08-03T04:54:12.1493695Z,COMPLETED,False,0a6639c7-902a-1167-8193-5327d0ae03b3,89,SCHEDULED,,1113,bruser_agel004,False,PUBLIC
917c95d7-b1d5-42ce-9653-81f13d25ac62_f50554a356fb19f4,BOT,35272,AGEL088_OS_Validity_Expaired_Report.25.07.01.16.54.25.devuser_agel005,PRIORITY_MEDIUM,,,True,SendMailV2,1136,2026-08-03T04:30:03.472917Z,AGEL088_OS_Validity_Expaired_Report,52,6979ec18-12f6-4559-8eee-cc42b01d2f02,,,1061,gcp10wbtrpap01,2026-08-03T04:50:45.9463076Z,,,,561489,AGEL088_OS_Validity_Expaired_Report,,SCHEDULED,,1136,2026-08-03T04:50:46.095691Z,100,,,"['100005124', '386', '354', '357', '389', '359', '392', '393', '100011533', '382']",False,2026-08-03T04:30:19.4552559Z,COMPLETED,False,0a6639c7-902a-1167-8193-5327d0ae03b3,52,SCHEDULED,,1111,bruser_agel002,False,PUBLIC
dbc71129-0d91-42cb-8cf8-c0fa6b07d697_24aec4cd47ee1f45,BOT,100012348,ANIL028_zsa003N_G_Dump,PRIORITY_MEDIUM,,,True,messageBox,1135,2026-08-03T04:45:00.841313Z,ANIL028_zsa003N_G_Dump,60,5b88be4c-a8a2-47fc-bc61-e535d7ddb513,,,852,gcp10wbtrpap05,2026-08-03T04:45:58.6517336Z,,,,101763950,ANIL028_zsa003N_G_Dump,,SCHEDULED,,1135,2026-08-03T04:45:58.794573Z,100,,,"['100005124', '354', '386', '356', '357', '389', '359', '100011533', '382']",False,2026-08-03T04:45:14.7669673Z,COMPLETED,False,0a6639c7-902a-1167-8193-5327d0ae03b3,60,SCHEDULED,,1114,bruser_agel005,False,PUBLIC
51ed3722-1910-48f4-aafc-0d714e2bc1f2_169dc1012ab34cc6,BOT,100003340,ANIL017_HPX_Data_Extraction,PRIORITY_MEDIUM,,,True,SendMailV2,1135,2026-08-03T04:40:01.146203Z,ANIL017_HPX_Data_Extraction,152,6fa4273e-49a5-4809-af81-9e6e758778ed,,,852,gcp10wbtrpap05,2026-08-03T04:44:48.8767995Z,,,,609588,ANIL017_HPX_Data_Extraction,,SCHEDULED,,1135,2026-08-03T04:44:49.055513Z,100,,,"['100005124', '354', '386', '356', '357', '389', '359', '100011533', '382']",False,2026-08-03T04:41:08.8897089Z,COMPLETED,False,0a6639c7-902a-1167-8193-5327d0ae03b3,152,SCHEDULED,,1114,bruser_agel005,False,PUBLIC
0d16902f-d624-4d2e-b84d-7a1aaa69f94f_604bfa1a56940b34,BOT,35451,AGEL075_Hybrid_AVC_Punch_MainTask.25.10.15.05.22.05.devuser_agel005,PRIORITY_MEDIUM,,,True,runApp,1136,2026-08-03T04:39:00.688475Z,AGEL075_Hybrid_AVC_Punch_MainTask,89,f0314f7f-ded4-45ba-a4a4-3096d356a34b,,,1059,gcp10wbtrpap04,2026-08-03T04:44:32.2785118Z,,,,535089,AGEL075_Hybrid_AVC_Punch_MainTask,,SCHEDULED,,1136,2026-08-03T04:44:32.450282Z,100,,,"['100005124', '386', '354', '357', '389', '359', '392', '393', '100011533', '382']",False,2026-08-03T04:39:13.1303032Z,COMPLETED,False,0a6639c7-902a-1167-8193-5327d0ae03b3,89,SCHEDULED,,1113,bruser_agel004,False,PUBLIC
eb4d8e11-2f94-402f-8fd9-2eee3c0b6ea8_91345f0227e27916,BOT,100012349,ANIL026_zmmsez08_Dump,PRIORITY_MEDIUM,,,True,loop.commands.start,1135,2026-08-03T04:30:05.266126Z,ANIL026_zmmsez08_Dump,85,1e95c5b4-27a1-495e-8d88-377392cbde4c,,,852,gcp10wbtrpap05,2026-08-03T04:40:45.787065Z,,,,101761378,ANIL026_zmmsez08_Dump,,SCHEDULED,,1135,2026-08-03T04:40:45.953399Z,100,,,"['100005124', '354', '386', '356', '357', '389', '359', '100011533', '382']",False,2026-08-03T04:38:08.0493786Z,COMPLETED,False,0a6639c7-902a-1167-8193-5327d0ae03b3,85,SCHEDULED,,1114,bruser_agel005,False,PUBLIC
6e0606f0-8ae6-4f8d-b68d-ab7c2a54dd9b_ab2f7d99aee35b0d,BOT,34703,AUC172_DowntimeSecurityPatch&VAOpen_MasterBot,PRIORITY_MEDIUM,,,True,loop.commands.start,1135,2026-08-03T04:30:04.560778Z,AUC172_DowntimeSecurityPatch&VAOpen_MasterBot,50,369f7c55-7f03-485a-b3a5-a1f3008c8a4d,,,852,gcp10wbtrpap05,2026-08-03T04:37:52.525938Z,,,,423407,AUC172_DowntimeSecurityPatch&VAOpen_MasterBot,,SCHEDULED,,1135,2026-08-03T04:37:52.710859Z,100,,,"['100005124', '354', '386', '389', '357', '359', '100011533', '382']",False,2026-08-03T04:37:45.0522744Z,COMPLETED,False,0a6639c7-902a-1167-8193-5327d0ae03b3,50,SCHEDULED,,1114,bruser_agel005,False,PUBLIC
cb3b318d-c828-477a-94ab-3e300b81c0fc_e1a70293235e98c9,BOT,35429,ANIL008_MCX_Data_Extraction_MainTask,PRIORITY_MEDIUM,,,True,SendMailV2,1135,2026-08-03T04:30:04.332371Z,ANIL008_MCX_Data_Extraction_MainTask,60,c6246418-8f38-4f6e-bdd2-973459e1fb79,,,852,gcp10wbtrpap05,2026-08-03T04:37:29.3282075Z,ba.bot.execution.error,"This may be due to the following reason:

    Invalid argument supplied to 'list', index '0' is invalid or out of bound.

Location: ANIL008_MCX_Data_Extraction_MainTask (line 60)

","There was a problem at line 60
",604508,ANIL008_MCX_Data_Extraction_MainTask,,SCHEDULED,"There was a problem at line 60
 This may be due to the following reason:

Invalid argument supplied to 'list', index '0' is invalid or out of bound.

Location: ANIL008_MCX_Data_Extraction_MainTask (line 60)

 To continue, edit the bot and fix the error. Then, try again.


If you continue to see this message, please contact your system administrator.",1135,2026-08-03T04:37:29.522895Z,100,,,"['100005124', '386', '354', '356', '389', '357', '359', '100011533', '382']",False,2026-08-03T04:36:05.4825775Z,RUN_FAILED,False,0a6639c7-902a-1167-8193-5327d0ae03b3,60,SCHEDULED,,1114,bruser_agel005,False,PUBLIC
6640c209-d59d-4db5-8cce-cd6d60873c74_86bf3ccac302e884,BOT,35430,ANIL009_NSEIndia_Data_Extraction,PRIORITY_MEDIUM,,,True,SendMailV2,1135,2026-08-03T04:30:03.812276Z,ANIL009_NSEIndia_Data_Extraction,89,3448afd2-1780-4ec3-978b-4800b26582e6,,,852,gcp10wbtrpap05,2026-08-03T04:35:47.5553589Z,,,,604470,ANIL009_NSEIndia_Data_Extraction,,SCHEDULED,,1135,2026-08-03T04:35:47.717576Z,100,,,"['100005124', '354', '386', '356', '357', '389', '359', '100011533', '382']",False,2026-08-03T04:34:40.6080647Z,COMPLETED,False,0a6639c7-902a-1167-8193-5327d0ae03b3,89,SCHEDULED,,1114,bruser_agel005,False,PUBLIC
5599d904-cc9d-41de-8a3c-04b523186c20_0d436da9ed4a88ff,BOT,35349,AGEL092 LFA1 and EKPO Dump to GCS Mastertask,PRIORITY_MEDIUM,,,True,deleteFiles,1132,2026-08-03T04:30:02.981464Z,AGEL092 LFA1 and EKPO Dump to GCS Mastertask,106,db75d673-eda2-45fb-836c-ac89e9875b8e,,,852,gcp10wbtrpap05,2026-08-03T04:34:20.2980627Z,,,,573426,AGEL092 LFA1 and EKPO Dump to GCS Mastertask,,SCHEDULED,,1132,2026-08-03T04:34:20.500087Z,100,,,"['100005124', '386', '354', '357', '389', '359', '392', '393', '100011533', '382']",False,2026-08-03T04:31:32.9958718Z,COMPLETED,False,0a6639c7-902a-1167-8193-5327d0ae03b3,106,SCHEDULED,,1114,bruser_agel005,False,PUBLIC
ac83d688-297d-4b60-af8a-175a7eea23ab_cc151788adbce538,BOT,35442,ANIL012_PXIL_RTM_Data_Extraction,PRIORITY_MEDIUM,,,True,SendMailV2,1135,2026-08-03T04:30:01.270159Z,ANIL012_PXIL_RTM_Data_Extraction,47,562061b1-9a77-4df8-8fbf-10481be89768,,,852,gcp10wbtrpap05,2026-08-03T04:31:08.6506576Z,,,,606875,ANIL012_PXIL_RTM_Data_Extraction,,SCHEDULED,,1135,2026-08-03T04:31:08.773879Z,100,,,"['100005124', '354', '386', '356', '389', '357', '359', '100011533', '382']",False,2026-08-03T04:30:17.7483695Z,COMPLETED,False,0a6639c7-902a-1167-8193-5327d0ae03b3,47,SCHEDULED,,1114,bruser_agel005,False,PUBLIC
c8026cb2-8f09-492f-ba04-e14e1d25d955_6fcab721977d910d,BOT,35451,AGEL075_Hybrid_AVC_Punch_MainTask.25.10.15.05.22.05.devuser_agel005,PRIORITY_MEDIUM,,,True,runApp,1136,2026-08-03T04:24:00.823672Z,AGEL075_Hybrid_AVC_Punch_MainTask,89,a74aa45d-dce5-4891-8909-470dec79e963,,,1059,gcp10wbtrpap04,2026-08-03T04:29:29.5060223Z,,,,535089,AGEL075_Hybrid_AVC_Punch_MainTask,,SCHEDULED,,1136,2026-08-03T04:29:29.63411Z,100,,,"['100005124', '386', '354', '357', '389', '359', '392', '393', '100011533', '382']",False,2026-08-03T04:24:14.0203178Z,COMPLETED,False,0a6639c7-902a-1167-8193-5327d0ae03b3,89,SCHEDULED,,1113,bruser_agel004,False,PUBLIC
592a3d63-b380-45c7-9345-498d3d34251e_5b023fc5c7de3ce4,BOT,35188,AGEL084_Extract_YINTRATE_Dump,PRIORITY_MEDIUM,,,True,runApp,1135,2026-08-03T04:00:03.569299Z,AGEL084_Extract_YINTRATE_Dump,81,3e09e4d9-193b-4df3-84f5-3d51a4b03d78,,,852,gcp10wbtrpap05,2026-08-03T04:28:46.2547579Z,,,,539044,AGEL084_Extract_YINTRATE_Dump,,SCHEDULED,,1135,2026-08-03T04:28:46.424771Z,100,,,"['100005124', '386', '354', '389', '357', '359', '392', '393', '100011533', '382']",False,2026-08-03T04:27:26.1649608Z,COMPLETED,False,0a6639c7-902a-1167-8193-5327d0ae03b3,81,SCHEDULED,,1114,bruser_agel005,False,PUBLIC
e24ad30a-7136-4371-9270-95d8bc834def_736bde56f9b7858e,BOT,34811,AUC096_ANIL_ClosingStock_Main,PRIORITY_MEDIUM,,,True,runTask,1135,2026-08-03T03:45:01.281876Z,AUC096_ANIL_ClosingStock_Main,120,7d94b4d0-47c5-49a8-8d0e-76fefa737c26,,,852,gcp10wbtrpap05,2026-08-03T04:27:10.156156Z,,,,413247,AUC096_ANIL_ClosingStock_Main,,SCHEDULED,,1135,2026-08-03T04:27:10.328117Z,100,,,"['100005124', '386', '354', '356', '357', '389', '359', '100011533', '382']",False,2026-08-03T04:03:49.5553076Z,COMPLETED,False,0a6639c7-902a-1167-8193-5327d0ae03b3,120,SCHEDULED,,1114,bruser_agel005,False,PUBLIC
0ae0f845-2383-4de8-9e2f-47fbd26e5755_7a78987d68d370e7,BOT,35451,AGEL075_Hybrid_AVC_Punch_MainTask.25.10.15.05.22.05.devuser_agel005,PRIORITY_MEDIUM,,,True,runApp,1136,2026-08-03T04:09:00.690144Z,AGEL075_Hybrid_AVC_Punch_MainTask,89,e8eed4ee-f52b-44d6-ae1e-4d00bcd8f60f,,,1059,gcp10wbtrpap04,2026-08-03T04:14:27.4279113Z,,,,535089,AGEL075_Hybrid_AVC_Punch_MainTask,,SCHEDULED,,1136,2026-08-03T04:14:27.554682Z,100,,,"['100005124', '386', '354', '357', '389', '359', '392', '393', '100011533', '382']",False,2026-08-03T04:09:12.2058889Z,COMPLETED,False,0a6639c7-902a-1167-8193-5327d0ae03b3,89,SCHEDULED,,1113,bruser_agel004,False,PUBLIC
16835839-0d79-472a-aef3-a9ce07bdd7bf_0208929de70bd2ac,BOT,100012349,ANIL026_zmmsez08_Dump,PRIORITY_MEDIUM,,,True,loop.commands.start,1135,2026-08-03T03:30:04.396381Z,ANIL026_zmmsez08_Dump,85,75dd586b-620f-4e78-b15c-bf9c45639186,,,852,gcp10wbtrpap05,2026-08-03T04:03:30.523578Z,,,,101761378,ANIL026_zmmsez08_Dump,,SCHEDULED,,1135,2026-08-03T04:03:30.679035Z,100,,,"['100005124', '354', '386', '356', '357', '389', '359', '100011533', '382']",False,2026-08-03T04:01:11.3417439Z,COMPLETED,False,0a6639c7-902a-1167-8193-5327d0ae03b3,85,SCHEDULED,,1114,bruser_agel005,False,PUBLIC
6b05c2ae-33f0-4fd8-b90d-db8bc0757963_e4f31f7228dd3af2,BOT,35343,AGEL085_CRM_Order_Invoice_Data,PRIORITY_MEDIUM,,,True,,1135,2026-08-03T03:20:01.332923Z,AGEL085_CRM_Order_Invoice_Data,0,84426c8a-5278-49e5-90aa-6679fa1e00a2,,,852,gcp10wbtrpap05,2026-08-03T04:00:55.0804924Z,ba.user.rdp.session.exceed.error,"This may be due to multiple reasons. To continue, please

Make sure you logout from sessions that are not required at the moment.
Then, try to run the bot again.


If you continue to see this message, please contact your system administrator.",Unable to perform rdp for the user as we have exceeded the maximum session count,556475,AGEL085_CRM_Order_Invoice_Data,,SCHEDULED,"Unable to perform rdp for the user as we have exceeded the maximum session count. This may be due to multiple reasons. To continue, please

Make sure you logout from sessions that are not required at the moment.
Then, try to run the bot again.


If you continue to see this message, please contact your system administrator.",1135,2026-08-03T04:00:55.14394Z,0,,,"['100005124', '386', '354', '357', '389', '359', '392', '393', '100011533', '382']",False,2026-08-03T04:00:55.0804924Z,DEPLOY_FAILED,False,0a6639c7-902a-1167-8193-5327d0ae03b3,0,SCHEDULED,,1114,bruser_agel005,False,PUBLIC
541779e0-8e35-4965-9193-42543238341b_fe406f7e8fd58e81,BOT,0,AUC147_AGEL_Open_GRN_Report_Master.26.08.03.08.30.13.devuser_agel005,PRIORITY_MEDIUM,,,True,runApp,1136,2026-08-03T03:00:23.318Z,AUC147_AGEL_Open_GRN_Report_Master,66,6c5bc910-753d-4ec3-80d5-ce011952a7e3,,,852,gcp10wbtrpap05,2026-08-03T04:00:52.2460485Z,,,,421985,AUC147_AGEL_Open_GRN_Report_Master,,RUN_NOW,,1136,2026-08-03T04:00:52.417632Z,100,,,"['100005124', '386', '354', '357', '389', '359', '100011533', '382']",False,2026-08-03T03:52:44.1832722Z,COMPLETED,False,0a6639c7-902a-1167-8193-5327d0ae03b3,66,RUN_NOW,,1114,bruser_agel005,False,PUBLIC
116d14ec-3b7d-41cb-b54e-4a9f5542042d_8b856886071ae230,BOT,35451,AGEL075_Hybrid_AVC_Punch_MainTask.25.10.15.05.22.05.devuser_agel005,PRIORITY_MEDIUM,,,True,runApp,1136,2026-08-03T03:54:00.684956Z,AGEL075_Hybrid_AVC_Punch_MainTask,89,7baf7153-4432-440d-a693-ba14c02ea71a,,,1059,gcp10wbtrpap04,2026-08-03T03:59:28.561233Z,,,,535089,AGEL075_Hybrid_AVC_Punch_MainTask,,SCHEDULED,,1136,2026-08-03T03:59:28.737381Z,100,,,"['100005124', '386', '354', '357', '389', '359', '392', '393', '100011533', '382']",False,2026-08-03T03:54:12.0755651Z,COMPLETED,False,0a6639c7-902a-1167-8193-5327d0ae03b3,89,SCHEDULED,,1113,bruser_agel004,False,PUBLIC
ebe7b7a3-e299-401d-add3-daffbc4908f9_a9b4462d32e4a6f4,BOT,0,AGEL025_ZIAGE_MaterialAgeingReport_MasterBot.26.08.03.08.28.06.devuser_agel005,PRIORITY_MEDIUM,,,True,,1136,2026-08-03T02:58:17.400602Z,AGEL025_ZIAGE_MaterialAgeingReport_MasterBot,0,465acdee-6244-4d87-a263-9aca81c0732c,,,852,gcp10wbtrpap05,2026-08-03T03:52:27.0333907Z,ba.user.rdp.session.exceed.error,"This may be due to multiple reasons. To continue, please

Make sure you logout from sessions that are not required at the moment.
Then, try to run the bot again.


If you continue to see this message, please contact your system administrator.",Unable to perform rdp for the user as we have exceeded the maximum session count,420468,AGEL025_ZIAGE_MaterialAgeingReport_MasterBot,,RUN_NOW,"Unable to perform rdp for the user as we have exceeded the maximum session count. This may be due to multiple reasons. To continue, please

Make sure you logout from sessions that are not required at the moment.
Then, try to run the bot again.


If you continue to see this message, please contact your system administrator.",1136,2026-08-03T03:52:27.226088Z,0,,,"['100005124', '354', '386', '389', '357', '359', '100011533', '382']",False,2026-08-03T03:52:27.0333907Z,DEPLOY_FAILED,False,0a6639c7-902a-1167-8193-5327d0ae03b3,0,RUN_NOW,,1114,bruser_agel005,False,PUBLIC
1ca46804-9eda-4d77-9d9b-606f4ca0c18a_ac85b695c9be0a78,BOT,100012806,ANIL029_ZVMS_Report,PRIORITY_MEDIUM,,,True,messageBox,1135,2026-08-03T02:45:01.574865Z,ANIL029_ZVMS_Report,103,55921018-9d61-4fa3-b4dc-b8c4556d41f7,,,852,gcp10wbtrpap05,2026-08-03T03:52:24.2638738Z,,,,101830732,ANIL029_ZVMS_Report,,SCHEDULED,,1135,2026-08-03T03:52:24.450059Z,100,,,"['100005124', '354', '386', '356', '357', '389', '359', '100011533', '382']",False,2026-08-03T03:50:19.4572298Z,COMPLETED,False,0a6639c7-902a-1167-8193-5327d0ae03b3,103,SCHEDULED,,1114,bruser_agel005,False,PUBLIC
d0969b7c-8c55-4d7a-8076-ce94eedfd55a_bff61bf1300ff011,BOT,100012348,ANIL028_zsa003N_G_Dump,PRIORITY_MEDIUM,,,True,messageBox,1135,2026-08-03T02:45:01.420891Z,ANIL028_zsa003N_G_Dump,60,6532bd58-349c-4682-abbe-bb1f1734d1a1,,,852,gcp10wbtrpap05,2026-08-03T03:49:56.7209331Z,,,,101763950,ANIL028_zsa003N_G_Dump,,SCHEDULED,,1135,2026-08-03T03:49:56.846378Z,100,,,"['100005124', '354', '386', '356', '357', '389', '359', '100011533', '382']",False,2026-08-03T03:49:13.8625397Z,COMPLETED,False,0a6639c7-902a-1167-8193-5327d0ae03b3,60,SCHEDULED,,1114,bruser_agel005,False,PUBLIC
002f63fc-79e2-4056-9eac-99495be18a20_67c996e0e473382d,BOT,100012349,ANIL026_zmmsez08_Dump,PRIORITY_MEDIUM,,,True,SendMailV2,1135,2026-08-03T02:30:03.462263Z,ANIL026_zmmsez08_Dump,85,4cab1696-e49f-40fa-9905-dfc7e8c20622,,,852,gcp10wbtrpap05,2026-08-03T03:48:57.0159026Z,,,,101761378,ANIL026_zmmsez08_Dump,,SCHEDULED,,1135,2026-08-03T03:48:57.136102Z,100,,,"['100005124', '354', '386', '356', '389', '357', '359', '100011533', '382']",False,2026-08-03T03:48:02.355229Z,COMPLETED,False,0a6639c7-902a-1167-8193-5327d0ae03b3,85,SCHEDULED,,1114,bruser_agel005,False,PUBLIC
6913779f-9156-486c-baed-64d776c28a5b_b0fa865736b9fe42,BOT,34703,AUC172_DowntimeSecurityPatch&VAOpen_MasterBot,PRIORITY_MEDIUM,,,True,loop.commands.start,1135,2026-08-03T02:30:03.06105Z,AUC172_DowntimeSecurityPatch&VAOpen_MasterBot,50,01cd4ec9-397e-444c-9fe2-866ada7ac9e0,,,852,gcp10wbtrpap05,2026-08-03T03:47:45.2265039Z,,,,423407,AUC172_DowntimeSecurityPatch&VAOpen_MasterBot,,SCHEDULED,,1135,2026-08-03T03:47:45.341536Z,100,,,"['100005124', '354', '386', '389', '357', '359', '100011533', '382']",False,2026-08-03T03:47:37.4226385Z,COMPLETED,False,0a6639c7-902a-1167-8193-5327d0ae03b3,50,SCHEDULED,,1114,bruser_agel005,False,PUBLIC
fd00091a-4e73-49ce-9579-0dd8811b4e78_f7a0d455ec30cb7f,BOT,35076,AUC149_AGEL_Self_Life_Aging_Report_Master.25.04.09.10.46.29.devuser_agel005,PRIORITY_MEDIUM,,,True,runApp,1136,2026-08-03T02:30:02.712535Z,AUC149_AGEL_Self_Life_Aging_Report_Master,68,6da426cf-c87c-48ef-8074-a193d844b4fd,,,852,gcp10wbtrpap05,2026-08-03T03:47:20.9499931Z,,,,422244,AUC149_AGEL_Self_Life_Aging_Report_Master,,SCHEDULED,,1136,2026-08-03T03:47:21.096492Z,100,,,"['100005124', '354', '386', '357', '389', '359', '392', '100011533', '382']",False,2026-08-03T03:15:34.5289556Z,COMPLETED,False,0a6639c7-902a-1167-8193-5327d0ae03b3,68,SCHEDULED,,1114,bruser_agel005,False,PUBLIC
badcc929-fceb-4cb0-883e-da9d7ff2e7f9_1757f115b7763cf4,BOT,35451,AGEL075_Hybrid_AVC_Punch_MainTask.25.10.15.05.22.05.devuser_agel005,PRIORITY_MEDIUM,,,True,runApp,1136,2026-08-03T03:39:00.651784Z,AGEL075_Hybrid_AVC_Punch_MainTask,89,d02f5334-e9e2-4d6b-a385-6be8303b2e4c,,,1059,gcp10wbtrpap04,2026-08-03T03:44:30.3063097Z,,,,535089,AGEL075_Hybrid_AVC_Punch_MainTask,,SCHEDULED,,1136,2026-08-03T03:44:30.439258Z,100,,,"['100005124', '386', '354', '357', '389', '359', '392', '393', '100011533', '382']",False,2026-08-03T03:39:13.2214606Z,COMPLETED,False,0a6639c7-902a-1167-8193-5327d0ae03b3,89,SCHEDULED,,1113,bruser_agel004,False,PUBLIC
7ff153bb-8cb2-4583-a9af-ea753188489b_e3783abf5823fc15,BOT,0,PVSyst_TriggerBot.2026.08.03.00.35.55.bruser_agel007,PRIORITY_MEDIUM,,,True,runTask,1116,2026-08-03T00:35:56.32553Z,PVSyst_TriggerBot,100,7e582d85-cf72-4009-9ba4-5200e83d102b,,,100008487,DT-1001-G62J7W3,2026-08-03T03:36:54.0343969Z,,,,427692,PVSyst_TriggerBot,,TRIGGER,,1116,2026-08-03T03:36:53.670266Z,100,,,"['100005124', '354', '386', '389', '357', '359', '392', '100011533', '382']",False,2026-08-03T03:36:34.4085333Z,COMPLETED,False,0a6639c7-902a-1167-8193-5327d0ae03b3,100,TRIGGER,,1116,bruser_agel007,False,PUBLIC
a8d03f2f-e22c-4a3f-89d7-34ce8fbb625c_5c827e8c8f13731d,BOT,0,PVSyst_TriggerBot.2026.08.03.00.28.08.bruser_agel007,PRIORITY_MEDIUM,,,True,runTask,1116,2026-08-03T00:28:09.636092Z,PVSyst_TriggerBot,100,d4a344bd-799d-49fa-abb4-5c00662e7bbb,,,100008487,DT-1001-G62J7W3,2026-08-03T03:36:30.6395925Z,,,,427692,PVSyst_TriggerBot,,TRIGGER,,1116,2026-08-03T03:36:30.277918Z,100,,,"['100005124', '354', '386', '389', '357', '359', '392', '100011533', '382']",False,2026-08-03T03:36:12.2873768Z,COMPLETED,False,0a6639c7-902a-1167-8193-5327d0ae03b3,100,TRIGGER,,1116,bruser_agel007,False,PUBLIC
54d5eff5-5e9d-4cef-8360-442acf48b762_a9860407f5bcface,BOT,0,PVSyst_TriggerBot.2026.08.03.00.20.02.bruser_agel007,PRIORITY_MEDIUM,,,True,runTask,1116,2026-08-03T00:20:03.43611Z,PVSyst_TriggerBot,100,c3b9eb6b-499f-40aa-af3a-12a602a5c265,,,100008487,DT-1001-G62J7W3,2026-08-03T03:36:08.872637Z,,,,427692,PVSyst_TriggerBot,,TRIGGER,,1116,2026-08-03T03:36:08.526503Z,100,,,"['100005124', '354', '386', '389', '357', '359', '392', '100011533', '382']",False,2026-08-03T03:35:48.2727134Z,COMPLETED,False,0a6639c7-902a-1167-8193-5327d0ae03b3,100,TRIGGER,,1116,bruser_agel007,False,PUBLIC
3de53ba7-0130-4f8c-89ad-7f0f347ad5ed_83fb45d889926ebc,BOT,0,PVSyst_TriggerBot.2026.08.03.00.12.18.bruser_agel007,PRIORITY_MEDIUM,,,True,runTask,1116,2026-08-03T00:12:18.886673Z,PVSyst_TriggerBot,100,8dd50103-87b2-46e7-bb3f-38320cd27d57,,,100008487,DT-1001-G62J7W3,2026-08-03T03:35:44.088852Z,,,,427692,PVSyst_TriggerBot,,TRIGGER,,1116,2026-08-03T03:35:43.7242Z,100,,,"['100005124', '354', '386', '389', '357', '359', '392', '100011533', '382']",False,2026-08-03T03:35:24.361969Z,COMPLETED,False,0a6639c7-902a-1167-8193-5327d0ae03b3,100,TRIGGER,,1116,bruser_agel007,False,PUBLIC
56141f9e-8b14-4216-b1e8-8830fd10d2a6_225f119f448a4bcf,BOT,0,PVSyst_TriggerBot.2026.08.03.00.04.33.bruser_agel007,PRIORITY_MEDIUM,,,True,runTask,1116,2026-08-03T00:04:34.30664Z,PVSyst_TriggerBot,100,b634970f-98f3-4c30-8625-258312382d51,,,100008487,DT-1001-G62J7W3,2026-08-03T03:35:20.763667Z,,,,427692,PVSyst_TriggerBot,,TRIGGER,,1116,2026-08-03T03:35:20.392941Z,100,,,"['100005124', '354', '386', '389', '357', '359', '392', '100011533', '382']",False,2026-08-03T03:35:02.3470099Z,COMPLETED,False,0a6639c7-902a-1167-8193-5327d0ae03b3,100,TRIGGER,,1116,bruser_agel007,False,PUBLIC
34a495bc-df9c-4898-8272-7c2bcfd0d644_79edef69d05579d1,BOT,0,PVSyst_TriggerBot.2026.08.02.23.56.45.bruser_agel007,PRIORITY_MEDIUM,,,True,runTask,1116,2026-08-02T23:56:45.97258Z,PVSyst_TriggerBot,100,eb189096-7a12-4b65-acf5-cea3dbeed921,,,100008487,DT-1001-G62J7W3,2026-08-03T03:34:58.889836Z,,,,427692,PVSyst_TriggerBot,,TRIGGER,,1116,2026-08-03T03:34:58.51227Z,100,,,"['100005124', '354', '386', '389', '357', '359', '392', '100011533', '382']",False,2026-08-03T03:34:38.31593Z,COMPLETED,False,0a6639c7-902a-1167-8193-5327d0ae03b3,100,TRIGGER,,1116,bruser_agel007,False,PUBLIC
0376e4b6-b46d-481d-b653-9138d2352078_b7476eb406285793,BOT,0,PVSyst_TriggerBot.2026.08.02.23.48.58.bruser_agel007,PRIORITY_MEDIUM,,,True,runTask,1116,2026-08-02T23:48:58.828003Z,PVSyst_TriggerBot,100,55cb7ffc-abf2-4771-80a9-6610b0a19941,,,100008487,DT-1001-G62J7W3,2026-08-03T03:34:34.2653244Z,,,,427692,PVSyst_TriggerBot,,TRIGGER,,1116,2026-08-03T03:34:33.895316Z,100,,,"['100005124', '354', '386', '389', '357', '359', '392', '100011533', '382']",False,2026-08-03T03:34:14.4126171Z,COMPLETED,False,0a6639c7-902a-1167-8193-5327d0ae03b3,100,TRIGGER,,1116,bruser_agel007,False,PUBLIC
7f1a98af-13e2-4cf5-8834-6963ced5b9c5_699912505ef01038,BOT,0,PVSyst_TriggerBot.2026.08.02.23.41.13.bruser_agel007,PRIORITY_MEDIUM,,,True,runTask,1116,2026-08-02T23:41:14.483374Z,PVSyst_TriggerBot,100,f97aa313-609b-4fdd-b556-f305b438e2dd,,,100008487,DT-1001-G62J7W3,2026-08-03T03:34:10.799498Z,,,,427692,PVSyst_TriggerBot,,TRIGGER,,1116,2026-08-03T03:34:10.425885Z,100,,,"['100005124', '354', '386', '389', '357', '359', '392', '100011533', '382']",False,2026-08-03T03:33:52.3484741Z,COMPLETED,False,0a6639c7-902a-1167-8193-5327d0ae03b3,100,TRIGGER,,1116,bruser_agel007,False,PUBLIC
c376dc8d-e763-4e82-93df-e7ab0932f62c_ec9f11128d7693f7,BOT,0,PVSyst_TriggerBot.2026.08.02.23.33.30.bruser_agel007,PRIORITY_MEDIUM,,,True,runTask,1116,2026-08-02T23:33:30.881631Z,PVSyst_TriggerBot,100,993bafd9-71c9-401c-aa50-cd8e93c3a409,,,100008487,DT-1001-G62J7W3,2026-08-03T03:33:49.028873Z,,,,427692,PVSyst_TriggerBot,,TRIGGER,,1116,2026-08-03T03:33:48.653365Z,100,,,"['100005124', '354', '386', '389', '357', '359', '392', '100011533', '382']",False,2026-08-03T03:33:28.3212323Z,COMPLETED,False,0a6639c7-902a-1167-8193-5327d0ae03b3,100,TRIGGER,,1116,bruser_agel007,False,PUBLIC
52121ecd-a0b8-4d5f-86d2-d17f24e17957_60b7bd9586627cc8,BOT,0,PVSyst_TriggerBot.2026.08.02.23.25.33.bruser_agel007,PRIORITY_MEDIUM,,,True,runTask,1116,2026-08-02T23:25:34.624175Z,PVSyst_TriggerBot,100,81bac6ad-47e0-49b6-bf55-29a3b3be86f1,,,100008487,DT-1001-G62J7W3,2026-08-03T03:33:24.5044603Z,,,,427692,PVSyst_TriggerBot,,TRIGGER,,1116,2026-08-03T03:33:24.132916Z,100,,,"['100005124', '354', '386', '389', '357', '359', '392', '100011533', '382']",False,2026-08-03T03:33:04.595102Z,COMPLETED,False,0a6639c7-902a-1167-8193-5327d0ae03b3,100,TRIGGER,,1116,bruser_agel007,False,PUBLIC
d0f30c6d-cdda-4708-9f8e-78d71c88ea5f_4f12d1c08f7775ae,BOT,34701,GCP_PVSyst_UploadData.24.12.24.19.27.48.devuser_agel002,PRIORITY_MEDIUM,,,True,SendMailV2,1133,2026-08-02T23:00:01.838751Z,GCP_PVSyst_UploadData,45,40dccf00-b2fe-4fa4-ae6d-b721ff9d181c,,,100008487,DT-1001-G62J7W3,2026-08-03T03:32:58.6359663Z,ba.bot.execution.error,"This may be due to the following reason:

    There was an error in sending the email message. Please check your connection details provided and try again.

","There was a problem at line 45
",428176,GCP_PVSyst_UploadData,,SCHEDULED,"There was a problem at line 45
 This may be due to the following reason:

There was an error in sending the email message. Please check your connection details provided and try again.

 To continue, edit the bot and fix the error. Then, try again.


If you continue to see this message, please contact your system administrator.",1133,2026-08-03T03:32:58.258892Z,100,,,"['100005124', '354', '386', '389', '357', '359', '392', '100011533', '382']",False,2026-08-03T02:49:38.1430261Z,RUN_FAILED,False,0a6639c7-902a-1167-8193-5327d0ae03b3,45,SCHEDULED,,1116,bruser_agel007,False,PUBLIC
609b648f-3ebe-4a14-ac32-8959499828fe_f7fabf2aafa5c6f9,BOT,35451,AGEL075_Hybrid_AVC_Punch_MainTask.25.10.15.05.22.05.devuser_agel005,PRIORITY_MEDIUM,,,True,runApp,1136,2026-08-03T03:24:00.743576Z,AGEL075_Hybrid_AVC_Punch_MainTask,89,ad2c8421-80c0-43b0-ac5c-8d6e8b94a746,,,1059,gcp10wbtrpap04,2026-08-03T03:29:27.4165991Z,,,,535089,AGEL075_Hybrid_AVC_Punch_MainTask,,SCHEDULED,,1136,2026-08-03T03:29:27.562728Z,100,,,"['100005124', '386', '354', '357', '389', '359', '392', '393', '100011533', '382']",False,2026-08-03T03:24:11.9637074Z,COMPLETED,False,0a6639c7-902a-1167-8193-5327d0ae03b3,89,SCHEDULED,,1113,bruser_agel004,False,PUBLIC
c0569ef1-2a3b-4b86-84c8-dddeac20c984_b6997c1d74ce8516,BOT,35429,ANIL008_MCX_Data_Extraction_MainTask,PRIORITY_MEDIUM,,,True,SendMailV2,1135,2026-08-03T02:30:01.512891Z,ANIL008_MCX_Data_Extraction_MainTask,60,21f386cf-0761-433a-85fc-12103d1a87ed,,,852,gcp10wbtrpap05,2026-08-03T03:15:16.0055447Z,ba.bot.execution.error,"This may be due to the following reason:

    Invalid argument supplied to 'list', index '0' is invalid or out of bound.

Location: ANIL008_MCX_Data_Extraction_MainTask (line 60)

","There was a problem at line 60
",604508,ANIL008_MCX_Data_Extraction_MainTask,,SCHEDULED,"There was a problem at line 60
 This may be due to the following reason:

Invalid argument supplied to 'list', index '0' is invalid or out of bound.

Location: ANIL008_MCX_Data_Extraction_MainTask (line 60)

 To continue, edit the bot and fix the error. Then, try again.


If you continue to see this message, please contact your system administrator.",1135,2026-08-03T03:15:16.155466Z,100,,,"['100005124', '386', '354', '356', '389', '357', '359', '100011533', '382']",False,2026-08-03T03:13:54.7150709Z,RUN_FAILED,False,0a6639c7-902a-1167-8193-5327d0ae03b3,60,SCHEDULED,,1114,bruser_agel005,False,PUBLIC
97f01c2d-30ac-4772-bf91-c61ae3fbc354_76b570fba7d65a12,BOT,35451,AGEL075_Hybrid_AVC_Punch_MainTask.25.10.15.05.22.05.devuser_agel005,PRIORITY_MEDIUM,,,True,runApp,1136,2026-08-03T03:09:00.679457Z,AGEL075_Hybrid_AVC_Punch_MainTask,89,3cac7b94-8b5d-48c2-a7fd-c4539b794a7a,,,1059,gcp10wbtrpap04,2026-08-03T03:14:27.1692195Z,,,,535089,AGEL075_Hybrid_AVC_Punch_MainTask,,SCHEDULED,,1136,2026-08-03T03:14:27.301291Z,100,,,"['100005124', '386', '354', '357', '389', '359', '392', '393', '100011533', '382']",False,2026-08-03T03:09:12.2213411Z,COMPLETED,False,0a6639c7-902a-1167-8193-5327d0ae03b3,89,SCHEDULED,,1113,bruser_agel004,False,PUBLIC
ea09a7cf-0151-4155-bc6e-afd335a249f5_e88119512073b699,BOT,35430,ANIL009_NSEIndia_Data_Extraction,PRIORITY_MEDIUM,,,True,SendMailV2,1135,2026-08-03T02:30:01.470817Z,ANIL009_NSEIndia_Data_Extraction,89,94a79d25-fcda-4d82-80ce-180cdb6572f0,,,852,gcp10wbtrpap05,2026-08-03T03:13:26.7678066Z,,,,604470,ANIL009_NSEIndia_Data_Extraction,,SCHEDULED,,1135,2026-08-03T03:13:26.903782Z,100,,,"['100005124', '354', '386', '356', '357', '389', '359', '100011533', '382']",False,2026-08-03T03:12:19.2034606Z,COMPLETED,False,0a6639c7-902a-1167-8193-5327d0ae03b3,89,SCHEDULED,,1114,bruser_agel005,False,PUBLIC
b42b79fd-7b2f-4d66-966e-e94208aecea2_df19eb3945e23b7c,BOT,35072,AUC112_AGEL_Movement_Wise_Materials_Trackin_Master.25.04.09.10.40.04.devuser_agel005,PRIORITY_MEDIUM,,,True,runApp,1136,2026-08-03T02:20:01.528271Z,AUC112_AGEL_Movement_Wise_Materials_Trackin_Master,66,f5ba9697-b166-43a5-bbe4-04cf9a3f5778,,,852,gcp10wbtrpap05,2026-08-03T03:12:02.5124737Z,,,,411996,AUC112_AGEL_Movement_Wise_Materials_Trackin_Master,,SCHEDULED,,1136,2026-08-03T03:12:02.67342Z,100,,,"['100005124', '386', '354', '389', '357', '359', '100011533', '382']",False,2026-08-03T03:03:52.1147331Z,COMPLETED,False,0a6639c7-902a-1167-8193-5327d0ae03b3,66,SCHEDULED,,1114,bruser_agel005,False,PUBLIC
fb229647-2b47-415f-af9d-c1f1a2bc2c4e_40d81833f9dc9b94,BOT,35497,AGEL111_Invoice Tracking and GRN Process,PRIORITY_MEDIUM,,,True,if,1134,2026-08-03T03:00:02.227951Z,AGEL111_Invoice Tracking and GRN Process,28,862096f6-7533-4f0b-a873-7950eaf16b02,,,1061,gcp10wbtrpap01,2026-08-03T03:04:04.6361502Z,,,,621726,AGEL111_Invoice Tracking and GRN Process,,SCHEDULED,,1134,2026-08-03T03:04:04.763815Z,100,,,"['100005124', '354', '386', '357', '389', '359', '392', '393', '100011533', '382']",False,2026-08-03T03:00:17.4291451Z,COMPLETED,False,0a6639c7-902a-1167-8193-5327d0ae03b3,28,SCHEDULED,,1111,bruser_agel002,False,PUBLIC
fee953b5-ea54-4ab2-93db-449c15ff30f1_7a3f786c7bec19e5,BOT,35075,AUC148_AGEL_Scrap_Sales_Report_Master.25.04.09.10.44.29.devuser_agel005,PRIORITY_MEDIUM,,,True,runApp,1136,2026-08-03T02:15:01.862629Z,AUC148_AGEL_Scrap_Sales_Report_Master,59,ef04cd3d-c12a-4b1f-adff-4da718bf4b83,,,852,gcp10wbtrpap05,2026-08-03T03:03:35.6313235Z,,,,413266,AUC148_AGEL_Scrap_Sales_Report_Master,,SCHEDULED,,1136,2026-08-03T03:03:35.774739Z,100,,,"['100005124', '354', '386', '389', '357', '359', '100011533', '382']",False,2026-08-03T03:00:12.4419315Z,COMPLETED,False,0a6639c7-902a-1167-8193-5327d0ae03b3,59,SCHEDULED,,1114,bruser_agel005,False,PUBLIC
1e5bc1e0-04db-44c7-a272-1ae722cb9a25_a12775128b38cf08,BOT,35071,AUC147_AGEL_Open_GRN_Report_Master.25.04.09.10.36.14.devuser_agel005,PRIORITY_MEDIUM,,,True,,1136,2026-08-03T02:10:00.83629Z,AUC147_AGEL_Open_GRN_Report_Master,0,e6077e2a-59e2-4457-9fb4-cef6e43ea7ca,,,852,gcp10wbtrpap05,2026-08-03T02:59:57.0514091Z,ba.user.rdp.session.exceed.error,"This may be due to multiple reasons. To continue, please

Make sure you logout from sessions that are not required at the moment.
Then, try to run the bot again.


If you continue to see this message, please contact your system administrator.",Unable to perform rdp for the user as we have exceeded the maximum session count,421985,AUC147_AGEL_Open_GRN_Report_Master,,SCHEDULED,"Unable to perform rdp for the user as we have exceeded the maximum session count. This may be due to multiple reasons. To continue, please

Make sure you logout from sessions that are not required at the moment.
Then, try to run the bot again.


If you continue to see this message, please contact your system administrator.",1136,2026-08-03T02:59:57.094659Z,0,,,"['100005124', '386', '354', '357', '389', '359', '100011533', '382']",False,2026-08-03T02:59:57.0514091Z,DEPLOY_FAILED,False,0a6639c7-902a-1167-8193-5327d0ae03b3,0,SCHEDULED,,1114,bruser_agel005,False,PUBLIC
bb4e1bc2-ca7d-443a-9df0-eca414da29df_db23b63557f679df,BOT,35443,ANIL012_PXIL_Data_Extraction,PRIORITY_MEDIUM,,,True,SendMailV2,1135,2026-08-03T01:30:02.144271Z,ANIL012_PXIL_Data_Extraction,54,b3ed15b8-8b4c-4a24-abc3-5f3be1f778cb,,,852,gcp10wbtrpap05,2026-08-03T02:59:50.7798701Z,,,,606833,ANIL012_PXIL_Data_Extraction,,SCHEDULED,,1135,2026-08-03T02:59:50.909178Z,100,,,"['100005124', '354', '386', '356', '389', '357', '359', '100011533', '382']",False,2026-08-03T02:58:01.5406519Z,COMPLETED,False,0a6639c7-902a-1167-8193-5327d0ae03b3,54,SCHEDULED,,1114,bruser_agel005,False,PUBLIC
65e598b5-d4e9-4df1-a62a-1c1399e9c3a7_a2e42ff1a6fc51bf,BOT,35451,AGEL075_Hybrid_AVC_Punch_MainTask.25.10.15.05.22.05.devuser_agel005,PRIORITY_MEDIUM,,,True,runApp,1136,2026-08-03T02:54:00.829517Z,AGEL075_Hybrid_AVC_Punch_MainTask,89,4eb17de7-bc3b-4782-b3a6-2fbe266622c8,,,1059,gcp10wbtrpap04,2026-08-03T02:59:28.8739958Z,,,,535089,AGEL075_Hybrid_AVC_Punch_MainTask,,SCHEDULED,,1136,2026-08-03T02:59:28.983521Z,100,,,"['100005124', '386', '354', '357', '389', '359', '392', '393', '100011533', '382']",False,2026-08-03T02:54:14.1210365Z,COMPLETED,False,0a6639c7-902a-1167-8193-5327d0ae03b3,89,SCHEDULED,,1113,bruser_agel004,False,PUBLIC
62a34a73-231a-4fed-a2ea-ea3c21841c52_2176004784cf9750,BOT,34686,AGEL025_ZIAGE_MaterialAgeingReport_MasterBot,PRIORITY_MEDIUM,,,True,SendMailV2,1135,2026-08-03T01:10:00.797476Z,AGEL025_ZIAGE_MaterialAgeingReport_MasterBot,84,aeecbf6b-2a77-40d5-8cd6-42b4da54fb09,,,852,gcp10wbtrpap05,2026-08-03T02:57:36.5553112Z,,,,420468,AGEL025_ZIAGE_MaterialAgeingReport_MasterBot,,SCHEDULED,,1135,2026-08-03T02:57:36.684303Z,100,,,"['100005124', '354', '386', '389', '357', '359', '100011533', '382']",False,2026-08-03T02:49:21.7456347Z,COMPLETED,False,0a6639c7-902a-1167-8193-5327d0ae03b3,84,SCHEDULED,,1114,bruser_agel005,False,PUBLIC
780f1653-27dd-49f4-b5b9-52e5d5fe5e15_f477a6bec5dcb68d,BOT,0,PVSyst_TriggerBot.2026.08.02.22.47.11.bruser_agel007,PRIORITY_MEDIUM,,,True,runTask,1116,2026-08-02T22:47:12.463294Z,PVSyst_TriggerBot,100,d3ed4786-0928-4049-90cc-7411d0503fde,,,100008487,DT-1001-G62J7W3,2026-08-03T02:49:34.2501466Z,,,,427692,PVSyst_TriggerBot,,TRIGGER,,1116,2026-08-03T02:49:33.898998Z,100,,,"['100005124', '354', '386', '389', '357', '359', '392', '100011533', '382']",False,2026-08-03T02:49:14.506678Z,COMPLETED,False,0a6639c7-902a-1167-8193-5327d0ae03b3,100,TRIGGER,,1116,bruser_agel007,False,PUBLIC
81c19c56-471e-4a4d-a238-223374c76230_cfd28fcbf98fecc8,BOT,0,PVSyst_TriggerBot.2026.08.02.22.47.11.bruser_agel007,PRIORITY_MEDIUM,,,True,runTask,1116,2026-08-02T22:47:12.072139Z,PVSyst_TriggerBot,100,2095150a-8cb3-49ac-b2b6-3b92074069a3,,,100008487,DT-1001-G62J7W3,2026-08-03T02:49:10.7502861Z,,,,427692,PVSyst_TriggerBot,,TRIGGER,,1116,2026-08-03T02:49:10.360275Z,100,,,"['100005124', '354', '386', '389', '357', '359', '392', '100011533', '382']",False,2026-08-03T02:48:52.3986429Z,COMPLETED,False,0a6639c7-902a-1167-8193-5327d0ae03b3,100,TRIGGER,,1116,bruser_agel007,False,PUBLIC
3375a57a-dcf6-4eb2-8ded-2e1439d55a09_3bc0d053235402a1,BOT,100012348,ANIL028_zsa003N_G_Dump,PRIORITY_MEDIUM,,,True,clear,1135,2026-08-03T00:45:01.847586Z,ANIL028_zsa003N_G_Dump,32,23e36a8e-db99-480c-b78a-b1d4380e602d,,,852,gcp10wbtrpap05,2026-08-03T02:49:09.6343083Z,ba.bot.execution.force.stop,,Forcefully closed the bot execution due to user stopping it.,101763950,ANIL028_zsa003N_G_Dump,,SCHEDULED,Forcefully closed the bot execution due to user stopping it.,1136,2026-08-03T02:49:09.68021Z,56,,,"['100005124', '354', '386', '356', '357', '389', '359', '100011533', '382']",False,2026-08-03T02:13:43.3187318Z,RUN_ABORTED,False,0a6639c7-902a-1167-8193-5327d0ae03b3,60,SCHEDULED,,1114,bruser_agel005,False,PUBLIC
53bf2708-68c7-431a-af91-e28a801e5581_7a50bfa516f7baac,BOT,0,PVSyst_TriggerBot.2026.08.02.22.47.11.bruser_agel007,PRIORITY_MEDIUM,,,True,runTask,1116,2026-08-02T22:47:11.750154Z,PVSyst_TriggerBot,100,616fc8af-cea0-41a7-b4fe-8966c134e951,,,100008487,DT-1001-G62J7W3,2026-08-03T02:48:49.0006782Z,,,,427692,PVSyst_TriggerBot,,TRIGGER,,1116,2026-08-03T02:48:48.62005Z,100,,,"['100005124', '354', '386', '389', '357', '359', '392', '100011533', '382']",False,2026-08-03T02:48:28.3156198Z,COMPLETED,False,0a6639c7-902a-1167-8193-5327d0ae03b3,100,TRIGGER,,1116,bruser_agel007,False,PUBLIC
d473a10b-47e4-4f03-9172-7d10d5585793_eaf5694edfe1a912,BOT,0,PVSyst_TriggerBot.2026.08.02.22.47.10.bruser_agel007,PRIORITY_MEDIUM,,,True,runTask,1116,2026-08-02T22:47:11.457694Z,PVSyst_TriggerBot,100,05961cd9-e4fb-41fe-a223-431e9b755515,,,100008487,DT-1001-G62J7W3,2026-08-03T02:48:24.563865Z,,,,427692,PVSyst_TriggerBot,,TRIGGER,,1116,2026-08-03T02:48:24.174421Z,100,,,"['100005124', '354', '386', '389', '357', '359', '392', '100011533', '382']",False,2026-08-03T02:48:04.7121554Z,COMPLETED,False,0a6639c7-902a-1167-8193-5327d0ae03b3,100,TRIGGER,,1116,bruser_agel007,False,PUBLIC
56faa976-afc1-4040-9a8a-fe44281d795d_a5cc90999633ee4b,BOT,34701,GCP_PVSyst_UploadData.24.12.24.19.27.48.devuser_agel002,PRIORITY_MEDIUM,,,True,SendMailV2,1133,2026-08-02T22:30:02.481538Z,GCP_PVSyst_UploadData,45,5cd4f964-0893-444c-8e96-d00e5934e646,,,100008487,DT-1001-G62J7W3,2026-08-03T02:47:58.7777779Z,ba.bot.execution.error,"This may be due to the following reason:

    There was an error in sending the email message. Please check your connection details provided and try again.

","There was a problem at line 45
",428176,GCP_PVSyst_UploadData,,SCHEDULED,"There was a problem at line 45
 This may be due to the following reason:

There was an error in sending the email message. Please check your connection details provided and try again.

 To continue, edit the bot and fix the error. Then, try again.


If you continue to see this message, please contact your system administrator.",1133,2026-08-03T02:47:58.385289Z,100,,,"['100005124', '354', '386', '389', '357', '359', '392', '100011533', '382']",False,2026-08-03T02:04:38.1482183Z,RUN_FAILED,False,0a6639c7-902a-1167-8193-5327d0ae03b3,45,SCHEDULED,,1116,bruser_agel007,False,PUBLIC
8b0a6aa8-0e8b-4f84-a0f5-92ffbcb317ca_e8c327b8064e24c9,BOT,35415,AUC093_AGEL_ITOpenPO_Master.25.09.26.08.38.34.devuser_agel005,PRIORITY_MEDIUM,,,True,loop.commands.start,1136,2026-08-03T02:45:01.666134Z,AUC093_AGEL_ITOpenPO_Master,44,f04fea07-aef2-41fc-91ff-df5b33b6b27a,,,830,gcp10wbtrpap02,2026-08-03T02:47:50.6629725Z,,,,415974,AUC093_AGEL_ITOpenPO_Master,,SCHEDULED,,1136,2026-08-03T02:47:51.130056Z,100,,,"['100005124', '354', '386', '357', '389', '359', '100011533', '382']",False,2026-08-03T02:45:09.7050649Z,COMPLETED,False,0a6639c7-902a-1167-8193-5327d0ae03b3,44,SCHEDULED,,1110,bruser_agel001,False,PUBLIC
877a7456-58b7-4650-b2ac-f58a42ffc12a_50d6e35f7cfa59cc,BOT,35451,AGEL075_Hybrid_AVC_Punch_MainTask.25.10.15.05.22.05.devuser_agel005,PRIORITY_MEDIUM,,,True,runApp,1136,2026-08-03T02:39:00.745821Z,AGEL075_Hybrid_AVC_Punch_MainTask,89,da373e71-9fa3-4822-8183-1291758528d1,,,1059,gcp10wbtrpap04,2026-08-03T02:44:29.7607144Z,,,,535089,AGEL075_Hybrid_AVC_Punch_MainTask,,SCHEDULED,,1136,2026-08-03T02:44:29.896798Z,100,,,"['100005124', '386', '354', '357', '389', '359', '392', '393', '100011533', '382']",False,2026-08-03T02:39:13.8696157Z,COMPLETED,False,0a6639c7-902a-1167-8193-5327d0ae03b3,89,SCHEDULED,,1113,bruser_agel004,False,PUBLIC
a0417389-94e9-4d46-8eda-dfc3a43399a6_2835d70d5a88e960,BOT,35451,AGEL075_Hybrid_AVC_Punch_MainTask.25.10.15.05.22.05.devuser_agel005,PRIORITY_MEDIUM,,,True,runApp,1136,2026-08-03T02:24:00.747168Z,AGEL075_Hybrid_AVC_Punch_MainTask,89,054654e6-a685-4de4-ac78-74b1de9532df,,,1059,gcp10wbtrpap04,2026-08-03T02:29:29.1210706Z,,,,535089,AGEL075_Hybrid_AVC_Punch_MainTask,,SCHEDULED,,1136,2026-08-03T02:29:29.226917Z,100,,,"['100005124', '386', '354', '357', '389', '359', '392', '393', '100011533', '382']",False,2026-08-03T02:24:14.1899084Z,COMPLETED,False,0a6639c7-902a-1167-8193-5327d0ae03b3,89,SCHEDULED,,1113,bruser_agel004,False,PUBLIC
f2fcb1f9-d341-4bfc-912b-a0fed45cc0f0_d2360f1ef2458375,BOT,35451,AGEL075_Hybrid_AVC_Punch_MainTask.25.10.15.05.22.05.devuser_agel005,PRIORITY_MEDIUM,,,True,runApp,1136,2026-08-03T02:09:00.727606Z,AGEL075_Hybrid_AVC_Punch_MainTask,89,348b923b-bdee-4f29-a301-4b0a2570d0e7,,,1059,gcp10wbtrpap04,2026-08-03T02:14:27.7792682Z,,,,535089,AGEL075_Hybrid_AVC_Punch_MainTask,,SCHEDULED,,1136,2026-08-03T02:14:27.912042Z,100,,,"['100005124', '386', '354', '357', '389', '359', '392', '393', '100011533', '382']",False,2026-08-03T02:09:12.0497492Z,COMPLETED,False,0a6639c7-902a-1167-8193-5327d0ae03b3,89,SCHEDULED,,1113,bruser_agel004,False,PUBLIC
580ea5e2-d726-4c0c-892d-513d07d17b19_c241a1d04de0e77d,BOT,100012806,ANIL029_ZVMS_Report,PRIORITY_MEDIUM,,,True,SendMailV2,1135,2026-08-03T00:45:01.588192Z,ANIL029_ZVMS_Report,103,c638c166-33d5-48b9-a85d-45199238e760,,,852,gcp10wbtrpap05,2026-08-03T02:13:35.1727428Z,,,,101830732,ANIL029_ZVMS_Report,,SCHEDULED,,1135,2026-08-03T02:13:35.290645Z,100,,,"['100005124', '354', '386', '356', '357', '389', '359', '100011533', '382']",False,2026-08-03T01:43:47.2214263Z,COMPLETED,False,0a6639c7-902a-1167-8193-5327d0ae03b3,103,SCHEDULED,,1114,bruser_agel005,False,PUBLIC
c86a91fc-8aac-4ae3-9322-16499e94872c_b44c1391d828d354,BOT,100010005,AGEL141_ME2J_Raw_Data_MasterTask copy(1).26.04.29.16.13.19.devuser_agel002,PRIORITY_MEDIUM,,,True,runApp,1133,2026-08-03T02:00:02.298358Z,AGEL141_ME2J_Raw_Data_MasterTask copy(1),140,2233b0b8-20b6-4b46-bfec-705f1f3eda39,,,830,gcp10wbtrpap02,2026-08-03T02:06:10.0780258Z,,,,101329061,AGEL141_ME2J_Raw_Data_MasterTask copy(1),,SCHEDULED,,1133,2026-08-03T02:06:10.218937Z,100,,,"['100005124', '386', '354', '357', '389', '359', '392', '393', '100011533', '382']",False,2026-08-03T02:00:10.1113959Z,COMPLETED,False,0a6639c7-902a-1167-8193-5327d0ae03b3,140,SCHEDULED,,1110,bruser_agel001,False,PUBLIC
d7f0ae84-d33c-4d5a-8c86-6fafc03cf248_1c7efe8dfa829e9e,BOT,34701,GCP_PVSyst_UploadData.24.12.24.19.27.48.devuser_agel002,PRIORITY_MEDIUM,,,True,SendMailV2,1133,2026-08-02T22:00:02.093899Z,GCP_PVSyst_UploadData,45,af359047-ceb9-403d-9853-5821ae251bf5,,,100008487,DT-1001-G62J7W3,2026-08-03T02:04:32.3558912Z,ba.bot.execution.error,"This may be due to the following reason:

    There was an error in sending the email message. Please check your connection details provided and try again.

","There was a problem at line 45
",428176,GCP_PVSyst_UploadData,,SCHEDULED,"There was a problem at line 45
 This may be due to the following reason:

There was an error in sending the email message. Please check your connection details provided and try again.

 To continue, edit the bot and fix the error. Then, try again.


If you continue to see this message, please contact your system administrator.",1133,2026-08-03T02:04:31.929814Z,100,,,"['100005124', '354', '386', '389', '357', '359', '392', '100011533', '382']",False,2026-08-03T01:21:12.2042034Z,RUN_FAILED,False,0a6639c7-902a-1167-8193-5327d0ae03b3,45,SCHEDULED,,1116,bruser_agel007,False,PUBLIC
b4ee2d02-b1ed-4211-8268-082c7882aa06_1ff3198168cfe278,BOT,35451,AGEL075_Hybrid_AVC_Punch_MainTask.25.10.15.05.22.05.devuser_agel005,PRIORITY_MEDIUM,,,True,runApp,1136,2026-08-03T01:54:00.750174Z,AGEL075_Hybrid_AVC_Punch_MainTask,89,361777cc-977c-49cb-a634-0fbabebb770a,,,1059,gcp10wbtrpap04,2026-08-03T01:59:26.8656875Z,,,,535089,AGEL075_Hybrid_AVC_Punch_MainTask,,SCHEDULED,,1136,2026-08-03T01:59:28.708911Z,100,,,"['100005124', '386', '354', '357', '389', '359', '392', '393', '100011533', '382']",False,2026-08-03T01:54:12.0385395Z,COMPLETED,False,0a6639c7-902a-1167-8193-5327d0ae03b3,89,SCHEDULED,,1113,bruser_agel004,False,PUBLIC
47b30918-2821-4314-9eb6-b3dd78335f6e_57eade3bc2e9b7ad,BOT,35367,ANIL002_MB51_Dump_Extract,PRIORITY_MEDIUM,,,True,loop.commands.start,1135,2026-08-03T01:00:01.92077Z,ANIL002_MB51_Dump_Extract,153,a033ae12-25f0-4b51-a47f-f4a5f85f5ed0,,,830,gcp10wbtrpap02,2026-08-03T01:48:27.964828Z,,,,579066,ANIL002_MB51_Dump_Extract,,SCHEDULED,,1135,2026-08-03T01:48:28.144821Z,100,,,"['100005124', '354', '386', '356', '389', '357', '359', '100011533', '382']",False,2026-08-03T01:00:09.2662775Z,COMPLETED,False,0a6639c7-902a-1167-8193-5327d0ae03b3,153,SCHEDULED,,1110,bruser_agel001,False,PUBLIC
6ae951f0-bef0-4b44-9a5c-6e426a3bbdbc_22e11a99022664ef,BOT,35451,AGEL075_Hybrid_AVC_Punch_MainTask.25.10.15.05.22.05.devuser_agel005,PRIORITY_MEDIUM,,,True,runApp,1136,2026-08-03T01:39:00.713797Z,AGEL075_Hybrid_AVC_Punch_MainTask,89,388108a4-a36b-407e-91bc-112b2eb69605,,,1059,gcp10wbtrpap04,2026-08-03T01:44:27.4887448Z,,,,535089,AGEL075_Hybrid_AVC_Punch_MainTask,,SCHEDULED,,1136,2026-08-03T01:44:27.63082Z,100,,,"['100005124', '386', '354', '357', '389', '359', '392', '393', '100011533', '382']",False,2026-08-03T01:39:12.1386422Z,COMPLETED,False,0a6639c7-902a-1167-8193-5327d0ae03b3,89,SCHEDULED,,1113,bruser_agel004,False,PUBLIC
59d9a0b6-6c89-4ff2-b055-0691662917a3_0f5fd244b6f043d9,BOT,0,AGEL112 ZMMI072 & ZMATMRP Dump Report MasterTask.26.08.03.06.08.50.devuser_agel002,PRIORITY_MEDIUM,,,True,messageBox,1133,2026-08-03T00:39:00.281989Z,AGEL112 ZMMI072 & ZMATMRP Dump Report MasterTask,129,7726c648-a979-4e1c-8ab9-280a7e3caa4f,,,852,gcp10wbtrpap05,2026-08-03T01:43:39.6272465Z,,,,100007382,AGEL112 ZMMI072 & ZMATMRP Dump Report MasterTask,,RUN_NOW,,1133,2026-08-03T01:43:39.769992Z,100,,,"['100005124', '386', '354', '389', '357', '359', '392', '393', '100011533', '382']",False,2026-08-03T00:39:07.5537616Z,COMPLETED,False,0a6639c7-902a-1167-8193-5327d0ae03b3,129,RUN_NOW,,1114,bruser_agel005,False,PUBLIC
16b11c4c-a0de-41e8-886e-c34bf4a61f8b_84db26049ef614ba,BOT,35451,AGEL075_Hybrid_AVC_Punch_MainTask.25.10.15.05.22.05.devuser_agel005,PRIORITY_MEDIUM,,,True,runApp,1136,2026-08-03T01:24:00.83232Z,AGEL075_Hybrid_AVC_Punch_MainTask,89,269cc6b3-288a-4a71-81ff-3a8359f1eafd,,,1059,gcp10wbtrpap04,2026-08-03T01:29:29.6591772Z,,,,535089,AGEL075_Hybrid_AVC_Punch_MainTask,,SCHEDULED,,1136,2026-08-03T01:29:29.779081Z,100,,,"['100005124', '386', '354', '357', '389', '359', '392', '393', '100011533', '382']",False,2026-08-03T01:24:15.1845424Z,COMPLETED,False,0a6639c7-902a-1167-8193-5327d0ae03b3,89,SCHEDULED,,1113,bruser_agel004,False,PUBLIC
74819f9f-9aca-4758-8581-b9a84cbe091c_e22db42d4b7b75e7,BOT,0,PVSyst_TriggerBot.2026.08.02.14.28.07.bruser_agel007,PRIORITY_MEDIUM,,,True,runTask,1116,2026-08-02T14:28:08.435392Z,PVSyst_TriggerBot,100,f92f1188-43e1-49b8-bd6e-ddafeedcdc87,,,100008487,DT-1001-G62J7W3,2026-08-03T01:21:08.4914089Z,,,,427692,PVSyst_TriggerBot,,TRIGGER,,1116,2026-08-03T01:21:08.020046Z,100,,,"['100005124', '354', '386', '389', '357', '359', '392', '100011533', '382']",False,2026-08-03T01:20:48.7823019Z,COMPLETED,False,0a6639c7-902a-1167-8193-5327d0ae03b3,100,TRIGGER,,1116,bruser_agel007,False,PUBLIC
afacf019-cda4-4167-adc4-6eb9d84eb969_effa6c4777152667,BOT,0,PVSyst_TriggerBot.2026.08.02.14.28.07.bruser_agel007,PRIORITY_MEDIUM,,,True,runTask,1116,2026-08-02T14:28:08.197465Z,PVSyst_TriggerBot,100,05137578-1fba-4306-b10d-657f8718439f,,,100008487,DT-1001-G62J7W3,2026-08-03T01:20:44.9540163Z,,,,427692,PVSyst_TriggerBot,,TRIGGER,,1116,2026-08-03T01:20:44.498569Z,100,,,"['100005124', '354', '386', '389', '357', '359', '392', '100011533', '382']",False,2026-08-03T01:20:26.5585283Z,COMPLETED,False,0a6639c7-902a-1167-8193-5327d0ae03b3,100,TRIGGER,,1116,bruser_agel007,False,PUBLIC
9990afe8-a7f7-491d-b44a-7961a49cbd2d_50db28a02911c5e1,BOT,0,PVSyst_TriggerBot.2026.08.02.14.28.07.bruser_agel007,PRIORITY_MEDIUM,,,True,runTask,1116,2026-08-02T14:28:07.755888Z,PVSyst_TriggerBot,100,d967cd12-dfec-4fe6-ae98-7c2bafac513f,,,100008487,DT-1001-G62J7W3,2026-08-03T01:20:23.0187624Z,,,,427692,PVSyst_TriggerBot,,TRIGGER,,1116,2026-08-03T01:20:22.547596Z,100,,,"['100005124', '354', '386', '389', '357', '359', '392', '100011533', '382']",False,2026-08-03T01:20:02.3889571Z,COMPLETED,False,0a6639c7-902a-1167-8193-5327d0ae03b3,100,TRIGGER,,1116,bruser_agel007,False,PUBLIC
08477bac-f011-4b70-ad39-ca6a37c1b2dc_ffb53f23602159d6,BOT,0,PVSyst_TriggerBot.2026.08.02.14.28.06.bruser_agel007,PRIORITY_MEDIUM,,,True,runTask,1116,2026-08-02T14:28:07.535754Z,PVSyst_TriggerBot,100,3134cfa6-9818-4390-a03b-a7a71eec1ae0,,,100008487,DT-1001-G62J7W3,2026-08-03T01:19:58.0597695Z,,,,427692,PVSyst_TriggerBot,,TRIGGER,,1116,2026-08-03T01:19:57.576527Z,100,,,"['100005124', '354', '386', '389', '357', '359', '392', '100011533', '382']",False,2026-08-03T01:19:38.3589396Z,COMPLETED,False,0a6639c7-902a-1167-8193-5327d0ae03b3,100,TRIGGER,,1116,bruser_agel007,False,PUBLIC
b137318c-08cc-4037-91d8-c9d31beab56e_501acbd5103c4627,BOT,0,PVSyst_TriggerBot.2026.08.02.14.28.06.bruser_agel007,PRIORITY_MEDIUM,,,True,runTask,1116,2026-08-02T14:28:07.114604Z,PVSyst_TriggerBot,100,97c53329-07b9-4f30-8c3a-04ce300624ee,,,100008487,DT-1001-G62J7W3,2026-08-03T01:19:34.7956054Z,,,,427692,PVSyst_TriggerBot,,TRIGGER,,1116,2026-08-03T01:19:34.33055Z,100,,,"['100005124', '354', '386', '389', '357', '359', '392', '100011533', '382']",False,2026-08-03T01:19:16.3893281Z,COMPLETED,False,0a6639c7-902a-1167-8193-5327d0ae03b3,100,TRIGGER,,1116,bruser_agel007,False,PUBLIC
3e1d6e43-114a-4db9-9a2e-14b7d5324157_eda62e361c4ac6a2,BOT,0,PVSyst_TriggerBot.2026.08.02.14.28.06.bruser_agel007,PRIORITY_MEDIUM,,,True,runTask,1116,2026-08-02T14:28:06.777288Z,PVSyst_TriggerBot,100,eb451f56-6f84-4e97-80f0-1ea9671eba75,,,100008487,DT-1001-G62J7W3,2026-08-03T01:19:12.9768653Z,,,,427692,PVSyst_TriggerBot,,TRIGGER,,1116,2026-08-03T01:19:12.502281Z,100,,,"['100005124', '354', '386', '389', '357', '359', '392', '100011533', '382']",False,2026-08-03T01:18:52.406154Z,COMPLETED,False,0a6639c7-902a-1167-8193-5327d0ae03b3,100,TRIGGER,,1116,bruser_agel007,False,PUBLIC
8a1e52e0-290f-478a-a604-f8b3e664d2d5_bd6f87b684f3dbd9,BOT,0,PVSyst_TriggerBot.2026.08.02.14.28.05.bruser_agel007,PRIORITY_MEDIUM,,,True,runTask,1116,2026-08-02T14:28:06.431635Z,PVSyst_TriggerBot,100,2ab95c98-6270-477d-8a3d-47a5aa8a3d8d,,,100008487,DT-1001-G62J7W3,2026-08-03T01:18:48.1019718Z,,,,427692,PVSyst_TriggerBot,,TRIGGER,,1116,2026-08-03T01:18:47.624686Z,100,,,"['100005124', '354', '386', '389', '357', '359', '392', '100011533', '382']",False,2026-08-03T01:18:28.4369473Z,COMPLETED,False,0a6639c7-902a-1167-8193-5327d0ae03b3,100,TRIGGER,,1116,bruser_agel007,False,PUBLIC
f55913ce-3d74-400e-aa19-c070465aecae_485fbef124d1715d,BOT,0,PVSyst_TriggerBot.2026.08.02.14.28.05.bruser_agel007,PRIORITY_MEDIUM,,,True,runTask,1116,2026-08-02T14:28:06.154608Z,PVSyst_TriggerBot,100,ece74780-219a-4ec0-920e-36b84b098eb1,,,100008487,DT-1001-G62J7W3,2026-08-03T01:18:24.8046992Z,,,,427692,PVSyst_TriggerBot,,TRIGGER,,1116,2026-08-03T01:18:24.328263Z,100,,,"['100005124', '354', '386', '389', '357', '359', '392', '100011533', '382']",False,2026-08-03T01:18:06.4101221Z,COMPLETED,False,0a6639c7-902a-1167-8193-5327d0ae03b3,100,TRIGGER,,1116,bruser_agel007,False,PUBLIC
cf0316aa-67a1-48d0-b153-4636df60aa3a_0b48ea9062120944,BOT,0,PVSyst_TriggerBot.2026.08.02.14.28.05.bruser_agel007,PRIORITY_MEDIUM,,,True,runTask,1116,2026-08-02T14:28:05.732091Z,PVSyst_TriggerBot,100,8bb1c87c-880f-4405-86ea-4dc9af911735,,,100008487,DT-1001-G62J7W3,2026-08-03T01:18:02.9871155Z,,,,427692,PVSyst_TriggerBot,,TRIGGER,,1116,2026-08-03T01:18:02.517545Z,100,,,"['100005124', '354', '386', '389', '357', '359', '392', '100011533', '382']",False,2026-08-03T01:17:42.3497802Z,COMPLETED,False,0a6639c7-902a-1167-8193-5327d0ae03b3,100,TRIGGER,,1116,bruser_agel007,False,PUBLIC
fbc0fbc8-fa79-4ee2-aab1-270d26c30522_5a81b3bb9ab1b49c,BOT,0,PVSyst_TriggerBot.2026.08.02.14.28.04.bruser_agel007,PRIORITY_MEDIUM,,,True,runTask,1116,2026-08-02T14:28:05.441349Z,PVSyst_TriggerBot,100,b699954a-60f9-4173-9353-d3cba741276b,,,100008487,DT-1001-G62J7W3,2026-08-03T01:17:38.1557007Z,,,,427692,PVSyst_TriggerBot,,TRIGGER,,1116,2026-08-03T01:17:37.685302Z,100,,,"['100005124', '354', '386', '389', '357', '359', '392', '100011533', '382']",False,2026-08-03T01:17:18.4387029Z,COMPLETED,False,0a6639c7-902a-1167-8193-5327d0ae03b3,100,TRIGGER,,1116,bruser_agel007,False,PUBLIC
9038bde1-7c92-463f-87a3-42a695391f3e_0a2d6b917f8860e3,BOT,0,PVSyst_TriggerBot.2026.08.02.14.28.04.bruser_agel007,PRIORITY_MEDIUM,,,True,runTask,1116,2026-08-02T14:28:05.001224Z,PVSyst_TriggerBot,100,ce7b3f19-2498-4ff8-91ad-22a24fb99c53,,,100008487,DT-1001-G62J7W3,2026-08-03T01:17:14.8383358Z,,,,427692,PVSyst_TriggerBot,,TRIGGER,,1116,2026-08-03T01:17:14.406182Z,100,,,"['100005124', '354', '386', '389', '357', '359', '392', '100011533', '382']",False,2026-08-03T01:16:56.4017466Z,COMPLETED,False,0a6639c7-902a-1167-8193-5327d0ae03b3,100,TRIGGER,,1116,bruser_agel007,False,PUBLIC
1ec5b259-b701-4d9b-b73c-d3fb1847fffe_b603e546c8a82c64,BOT,0,PVSyst_TriggerBot.2026.08.02.14.28.03.bruser_agel007,PRIORITY_MEDIUM,,,True,runTask,1116,2026-08-02T14:28:04.532167Z,PVSyst_TriggerBot,100,87b7f544-5a38-4676-8b2d-632e47368437,,,100008487,DT-1001-G62J7W3,2026-08-03T01:16:53.017976Z,,,,427692,PVSyst_TriggerBot,,TRIGGER,,1116,2026-08-03T01:16:52.544985Z,100,,,"['100005124', '354', '386', '389', '357', '359', '392', '100011533', '382']",False,2026-08-03T01:16:32.3526374Z,COMPLETED,False,0a6639c7-902a-1167-8193-5327d0ae03b3,100,TRIGGER,,1116,bruser_agel007,False,PUBLIC
97b9e38f-40f7-4c85-994c-9b9ec30b320f_daae81d66a4c4a9c,BOT,0,PVSyst_TriggerBot.2026.08.02.14.28.03.bruser_agel007,PRIORITY_MEDIUM,,,True,runTask,1116,2026-08-02T14:28:04.251926Z,PVSyst_TriggerBot,100,3f517d7f-84de-493b-9ce2-f631ed71a627,,,100008487,DT-1001-G62J7W3,2026-08-03T01:16:28.1819787Z,,,,427692,PVSyst_TriggerBot,,TRIGGER,,1116,2026-08-03T01:16:27.713761Z,100,,,"['100005124', '354', '386', '389', '357', '359', '392', '100011533', '382']",False,2026-08-03T01:16:08.4900865Z,COMPLETED,False,0a6639c7-902a-1167-8193-5327d0ae03b3,100,TRIGGER,,1116,bruser_agel007,False,PUBLIC
b795e68f-3a94-470b-9d4f-5f6fd0f5b33a_644a704d119f080a,BOT,0,PVSyst_TriggerBot.2026.08.02.14.28.03.bruser_agel007,PRIORITY_MEDIUM,,,True,runTask,1116,2026-08-02T14:28:03.86037Z,PVSyst_TriggerBot,100,22ac8c1a-a5a2-4de5-9068-f2f066414c18,,,100008487,DT-1001-G62J7W3,2026-08-03T01:16:04.912728Z,,,,427692,PVSyst_TriggerBot,,TRIGGER,,1116,2026-08-03T01:16:04.448172Z,100,,,"['100005124', '354', '386', '389', '357', '359', '392', '100011533', '382']",False,2026-08-03T01:15:46.5159622Z,COMPLETED,False,0a6639c7-902a-1167-8193-5327d0ae03b3,100,TRIGGER,,1116,bruser_agel007,False,PUBLIC
a83bfd4b-ced1-462f-aa6c-0cfc229039bf_434dff91a14e1a77,BOT,0,PVSyst_TriggerBot.2026.08.02.14.28.02.bruser_agel007,PRIORITY_MEDIUM,,,True,runTask,1116,2026-08-02T14:28:03.410872Z,PVSyst_TriggerBot,100,316ac91d-5d52-4e5b-89d0-1cc98c192745,,,100008487,DT-1001-G62J7W3,2026-08-03T01:15:42.9223286Z,,,,427692,PVSyst_TriggerBot,,TRIGGER,,1116,2026-08-03T01:15:42.462779Z,100,,,"['100005124', '354', '386', '389', '357', '359', '392', '100011533', '382']",False,2026-08-03T01:15:22.2499686Z,COMPLETED,False,0a6639c7-902a-1167-8193-5327d0ae03b3,100,TRIGGER,,1116,bruser_agel007,False,PUBLIC
663756e4-5af5-44dc-9a81-cd7ff5b34650_c6f19a18b708828c,BOT,0,PVSyst_TriggerBot.2026.08.02.14.28.02.bruser_agel007,PRIORITY_MEDIUM,,,True,runTask,1116,2026-08-02T14:28:03.031393Z,PVSyst_TriggerBot,100,d7692483-2c2b-46cb-8b4c-39dbad86b7e0,,,100008487,DT-1001-G62J7W3,2026-08-03T01:15:18.1987164Z,,,,427692,PVSyst_TriggerBot,,TRIGGER,,1116,2026-08-03T01:15:17.713693Z,100,,,"['100005124', '354', '386', '389', '357', '359', '392', '100011533', '382']",False,2026-08-03T01:14:58.4655683Z,COMPLETED,False,0a6639c7-902a-1167-8193-5327d0ae03b3,100,TRIGGER,,1116,bruser_agel007,False,PUBLIC
bcc1e3bf-5482-4c5e-866f-1c68aadde095_46c6378a2cf4f740,BOT,35451,AGEL075_Hybrid_AVC_Punch_MainTask.25.10.15.05.22.05.devuser_agel005,PRIORITY_MEDIUM,,,True,runApp,1136,2026-08-03T01:09:00.872374Z,AGEL075_Hybrid_AVC_Punch_MainTask,89,af33c348-8947-41d0-a118-9af2f6144116,,,1059,gcp10wbtrpap04,2026-08-03T01:14:59.3661757Z,,,,535089,AGEL075_Hybrid_AVC_Punch_MainTask,,SCHEDULED,,1136,2026-08-03T01:14:59.509575Z,100,,,"['100005124', '386', '354', '357', '389', '359', '392', '393', '100011533', '382']",False,2026-08-03T01:09:14.1498719Z,COMPLETED,False,0a6639c7-902a-1167-8193-5327d0ae03b3,89,SCHEDULED,,1113,bruser_agel004,False,PUBLIC
0d8aff9d-443e-48cb-9f51-e6ebdcc88598_0cfa618ae62cc437,BOT,0,PVSyst_TriggerBot.2026.08.02.14.28.02.bruser_agel007,PRIORITY_MEDIUM,,,True,runTask,1116,2026-08-02T14:28:02.759179Z,PVSyst_TriggerBot,100,69b1d94f-8c5d-4493-9880-11a26c3d51fd,,,100008487,DT-1001-G62J7W3,2026-08-03T01:14:54.9001284Z,,,,427692,PVSyst_TriggerBot,,TRIGGER,,1116,2026-08-03T01:14:54.411418Z,100,,,"['100005124', '354', '386', '389', '357', '359', '392', '100011533', '382']",False,2026-08-03T01:14:36.4341538Z,COMPLETED,False,0a6639c7-902a-1167-8193-5327d0ae03b3,100,TRIGGER,,1116,bruser_agel007,False,PUBLIC
3a49cdad-2d29-4e78-a72b-d242945eee2b_7c6e8a21ceb1d956,BOT,0,PVSyst_TriggerBot.2026.08.02.14.28.01.bruser_agel007,PRIORITY_MEDIUM,,,True,runTask,1116,2026-08-02T14:28:02.439866Z,PVSyst_TriggerBot,100,98e8d5e7-d8ce-4195-890d-8d0aa0995227,,,100008487,DT-1001-G62J7W3,2026-08-03T01:14:32.9093942Z,,,,427692,PVSyst_TriggerBot,,TRIGGER,,1116,2026-08-03T01:14:32.431557Z,100,,,"['100005124', '354', '386', '389', '357', '359', '392', '100011533', '382']",False,2026-08-03T01:14:12.3502084Z,COMPLETED,False,0a6639c7-902a-1167-8193-5327d0ae03b3,100,TRIGGER,,1116,bruser_agel007,False,PUBLIC
cb6ebf36-4a0a-444a-9c01-9345dcfa69b1_4ba6017ea7a0255b,BOT,0,PVSyst_TriggerBot.2026.08.02.14.28.01.bruser_agel007,PRIORITY_MEDIUM,,,True,runTask,1116,2026-08-02T14:28:02.063456Z,PVSyst_TriggerBot,100,cc31e6d2-7f26-47e2-b3e8-d8998212fb02,,,100008487,DT-1001-G62J7W3,2026-08-03T01:14:08.173159Z,,,,427692,PVSyst_TriggerBot,,TRIGGER,,1116,2026-08-03T01:14:07.729132Z,100,,,"['100005124', '354', '386', '389', '357', '359', '392', '100011533', '382']",False,2026-08-03T01:13:48.4176962Z,COMPLETED,False,0a6639c7-902a-1167-8193-5327d0ae03b3,100,TRIGGER,,1116,bruser_agel007,False,PUBLIC
3b6760ad-0270-4059-bb28-031e33382864_1cc2239994f11884,BOT,0,PVSyst_TriggerBot.2026.08.02.14.28.01.bruser_agel007,PRIORITY_MEDIUM,,,True,runTask,1116,2026-08-02T14:28:01.758249Z,PVSyst_TriggerBot,100,d40e34a4-1c18-4ec6-abad-fbe2818da220,,,100008487,DT-1001-G62J7W3,2026-08-03T01:13:44.8015418Z,,,,427692,PVSyst_TriggerBot,,TRIGGER,,1116,2026-08-03T01:13:44.323987Z,100,,,"['100005124', '354', '386', '389', '357', '359', '392', '100011533', '382']",False,2026-08-03T01:13:26.4490259Z,COMPLETED,False,0a6639c7-902a-1167-8193-5327d0ae03b3,100,TRIGGER,,1116,bruser_agel007,False,PUBLIC
ead79cd1-69a5-4e4d-ae52-1f044db5d48b_53c299ad632a9732,BOT,0,PVSyst_TriggerBot.2026.08.02.14.28.00.bruser_agel007,PRIORITY_MEDIUM,,,True,runTask,1116,2026-08-02T14:28:01.309685Z,PVSyst_TriggerBot,100,2b6f965a-9a73-46ee-9735-d37763fe9a0b,,,100008487,DT-1001-G62J7W3,2026-08-03T01:13:22.9423556Z,,,,427692,PVSyst_TriggerBot,,TRIGGER,,1116,2026-08-03T01:13:22.47911Z,100,,,"['100005124', '354', '386', '389', '357', '359', '392', '100011533', '382']",False,2026-08-03T01:13:02.3417807Z,COMPLETED,False,0a6639c7-902a-1167-8193-5327d0ae03b3,100,TRIGGER,,1116,bruser_agel007,False,PUBLIC
224a8643-b4e3-4e9e-9cab-6ff20bd1678d_913d1add79544115,BOT,0,PVSyst_TriggerBot.2026.08.02.14.28.00.bruser_agel007,PRIORITY_MEDIUM,,,True,runTask,1116,2026-08-02T14:28:00.876589Z,PVSyst_TriggerBot,100,cb8d1582-5bcd-479a-8f51-bf43ba540afa,,,100008487,DT-1001-G62J7W3,2026-08-03T01:12:58.1743812Z,,,,427692,PVSyst_TriggerBot,,TRIGGER,,1116,2026-08-03T01:12:57.704316Z,100,,,"['100005124', '354', '386', '389', '357', '359', '392', '100011533', '382']",False,2026-08-03T01:12:38.4222928Z,COMPLETED,False,0a6639c7-902a-1167-8193-5327d0ae03b3,100,TRIGGER,,1116,bruser_agel007,False,PUBLIC
100d29bb-e8b3-415b-ad32-630c9a4f25a3_26b382da97242c87,BOT,0,PVSyst_TriggerBot.2026.08.02.14.27.59.bruser_agel007,PRIORITY_MEDIUM,,,True,runTask,1116,2026-08-02T14:28:00.563623Z,PVSyst_TriggerBot,100,dcff36eb-7dd2-4f34-9e53-5e105f2a9d51,,,100008487,DT-1001-G62J7W3,2026-08-03T01:12:34.7055025Z,,,,427692,PVSyst_TriggerBot,,TRIGGER,,1116,2026-08-03T01:12:34.234993Z,100,,,"['100005124', '354', '386', '389', '357', '359', '392', '100011533', '382']",False,2026-08-03T01:12:16.3910766Z,COMPLETED,False,0a6639c7-902a-1167-8193-5327d0ae03b3,100,TRIGGER,,1116,bruser_agel007,False,PUBLIC
ce5be82f-8f78-4e85-9655-f6eb8603d338_9c77fd140e298a25,BOT,0,PVSyst_TriggerBot.2026.08.02.14.27.59.bruser_agel007,PRIORITY_MEDIUM,,,True,runTask,1116,2026-08-02T14:28:00.365522Z,PVSyst_TriggerBot,100,c56c2613-95e4-4682-b4f4-226cecd228a4,,,100008487,DT-1001-G62J7W3,2026-08-03T01:12:12.9723292Z,,,,427692,PVSyst_TriggerBot,,TRIGGER,,1116,2026-08-03T01:12:12.50332Z,100,,,"['100005124', '354', '386', '389', '357', '359', '392', '100011533', '382']",False,2026-08-03T01:11:52.3540039Z,COMPLETED,False,0a6639c7-902a-1167-8193-5327d0ae03b3,100,TRIGGER,,1116,bruser_agel007,False,PUBLIC
d2a35350-8f57-43ce-9ce7-acf0796976f1_02d36543750b51d1,BOT,0,PVSyst_TriggerBot.2026.08.02.14.27.59.bruser_agel007,PRIORITY_MEDIUM,,,True,runTask,1116,2026-08-02T14:27:59.859746Z,PVSyst_TriggerBot,100,02e4a666-a9ed-4334-8529-8b1eb9ac2ea4,,,100008487,DT-1001-G62J7W3,2026-08-03T01:11:48.2924466Z,,,,427692,PVSyst_TriggerBot,,TRIGGER,,1116,2026-08-03T01:11:47.86352Z,100,,,"['100005124', '354', '386', '389', '357', '359', '392', '100011533', '382']",False,2026-08-03T01:11:28.4638644Z,COMPLETED,False,0a6639c7-902a-1167-8193-5327d0ae03b3,100,TRIGGER,,1116,bruser_agel007,False,PUBLIC
26774605-10b6-4a2c-a1c9-07ce39fbd6c4_f54c503f874ec048,BOT,0,PVSyst_TriggerBot.2026.08.02.14.27.58.bruser_agel007,PRIORITY_MEDIUM,,,True,runTask,1116,2026-08-02T14:27:59.62415Z,PVSyst_TriggerBot,100,74166db6-19b4-4652-99de-04bb943dc9a6,,,100008487,DT-1001-G62J7W3,2026-08-03T01:11:24.8370975Z,,,,427692,PVSyst_TriggerBot,,TRIGGER,,1116,2026-08-03T01:11:24.373985Z,100,,,"['100005124', '354', '386', '389', '357', '359', '392', '100011533', '382']",False,2026-08-03T01:11:06.3955502Z,COMPLETED,False,0a6639c7-902a-1167-8193-5327d0ae03b3,100,TRIGGER,,1116,bruser_agel007,False,PUBLIC
88b1b639-97a6-412a-8459-758647385fdd_6050af29e28321c3,BOT,0,PVSyst_TriggerBot.2026.08.02.14.27.58.bruser_agel007,PRIORITY_MEDIUM,,,True,runTask,1116,2026-08-02T14:27:59.194697Z,PVSyst_TriggerBot,100,15a8cb65-b6a1-458d-92ae-972ffc276f37,,,100008487,DT-1001-G62J7W3,2026-08-03T01:11:03.0416261Z,,,,427692,PVSyst_TriggerBot,,TRIGGER,,1116,2026-08-03T01:11:02.566658Z,100,,,"['100005124', '354', '386', '389', '357', '359', '392', '100011533', '382']",False,2026-08-03T01:10:42.3527594Z,COMPLETED,False,0a6639c7-902a-1167-8193-5327d0ae03b3,100,TRIGGER,,1116,bruser_agel007,False,PUBLIC
36ea6709-cdb1-492e-9f23-07310cb474c9_5fe593377c5992b5,BOT,0,PVSyst_TriggerBot.2026.08.02.14.27.58.bruser_agel007,PRIORITY_MEDIUM,,,True,runTask,1116,2026-08-02T14:27:58.986806Z,PVSyst_TriggerBot,100,1b9e713d-2831-4675-836b-9cd3cda452eb,,,100008487,DT-1001-G62J7W3,2026-08-03T01:10:38.1191718Z,,,,427692,PVSyst_TriggerBot,,TRIGGER,,1116,2026-08-03T01:10:37.648786Z,100,,,"['100005124', '354', '386', '389', '357', '359', '392', '100011533', '382']",False,2026-08-03T01:10:18.3549776Z,COMPLETED,False,0a6639c7-902a-1167-8193-5327d0ae03b3,100,TRIGGER,,1116,bruser_agel007,False,PUBLIC
54ea4040-0cf2-46b2-b312-d5ae1f6f3f08_417245960b2defb3,BOT,0,PVSyst_TriggerBot.2026.08.02.14.27.57.bruser_agel007,PRIORITY_MEDIUM,,,True,runTask,1116,2026-08-02T14:27:58.53037Z,PVSyst_TriggerBot,100,1f3b3dfb-c727-49c2-a3ba-4a8a1d92bb3e,,,100008487,DT-1001-G62J7W3,2026-08-03T01:10:14.8787229Z,,,,427692,PVSyst_TriggerBot,,TRIGGER,,1116,2026-08-03T01:10:15.332316Z,100,,,"['100005124', '354', '386', '389', '357', '359', '392', '100011533', '382']",False,2026-08-03T01:09:56.4306588Z,COMPLETED,False,0a6639c7-902a-1167-8193-5327d0ae03b3,100,TRIGGER,,1116,bruser_agel007,False,PUBLIC
26942007-deaf-4870-b612-8a938a73a581_c5e7633fd05bd9db,BOT,0,PVSyst_TriggerBot.2026.08.02.14.27.57.bruser_agel007,PRIORITY_MEDIUM,,,True,runTask,1116,2026-08-02T14:27:58.110112Z,PVSyst_TriggerBot,100,cdb0c2b0-bfd7-4bc4-a658-c7ef89b7f8e7,,,100008487,DT-1001-G62J7W3,2026-08-03T01:09:53.0058732Z,,,,427692,PVSyst_TriggerBot,,TRIGGER,,1116,2026-08-03T01:09:52.537271Z,100,,,"['100005124', '354', '386', '389', '357', '359', '392', '100011533', '382']",False,2026-08-03T01:09:32.3301088Z,COMPLETED,False,0a6639c7-902a-1167-8193-5327d0ae03b3,100,TRIGGER,,1116,bruser_agel007,False,PUBLIC
0b7f4b37-5167-46e4-9f1f-5e50fbba5a84_d06664f22b66fceb,BOT,0,PVSyst_TriggerBot.2026.08.02.14.27.57.bruser_agel007,PRIORITY_MEDIUM,,,True,runTask,1116,2026-08-02T14:27:57.825421Z,PVSyst_TriggerBot,100,1c53e0f0-92ba-41fd-930e-09d147018e71,,,100008487,DT-1001-G62J7W3,2026-08-03T01:09:28.204028Z,,,,427692,PVSyst_TriggerBot,,TRIGGER,,1116,2026-08-03T01:09:27.722033Z,100,,,"['100005124', '354', '386', '389', '357', '359', '392', '100011533', '382']",False,2026-08-03T01:09:08.490772Z,COMPLETED,False,0a6639c7-902a-1167-8193-5327d0ae03b3,100,TRIGGER,,1116,bruser_agel007,False,PUBLIC
cbff3957-f4b8-4464-a34f-0be422046090_80d6b0f1742252b4,BOT,0,PVSyst_TriggerBot.2026.08.02.14.27.56.bruser_agel007,PRIORITY_MEDIUM,,,True,runTask,1116,2026-08-02T14:27:57.44193Z,PVSyst_TriggerBot,100,110d1887-aaf2-4dee-b1ba-280262c635e4,,,100008487,DT-1001-G62J7W3,2026-08-03T01:09:04.8447155Z,,,,427692,PVSyst_TriggerBot,,TRIGGER,,1116,2026-08-03T01:09:04.371924Z,100,,,"['100005124', '354', '386', '389', '357', '359', '392', '100011533', '382']",False,2026-08-03T01:08:46.4931703Z,COMPLETED,False,0a6639c7-902a-1167-8193-5327d0ae03b3,100,TRIGGER,,1116,bruser_agel007,False,PUBLIC
829e6103-1f0a-4db7-bdd3-e474ee20bd9f_82b2dd92d8d16b09,BOT,0,PVSyst_TriggerBot.2026.08.02.14.27.56.bruser_agel007,PRIORITY_MEDIUM,,,True,runTask,1116,2026-08-02T14:27:57.104812Z,PVSyst_TriggerBot,100,dff271e6-34a9-4ee9-93dd-c324c7194696,,,100008487,DT-1001-G62J7W3,2026-08-03T01:08:42.9599956Z,,,,427692,PVSyst_TriggerBot,,TRIGGER,,1116,2026-08-03T01:08:42.474002Z,100,,,"['100005124', '354', '386', '389', '357', '359', '392', '100011533', '382']",False,2026-08-03T01:08:22.2900916Z,COMPLETED,False,0a6639c7-902a-1167-8193-5327d0ae03b3,100,TRIGGER,,1116,bruser_agel007,False,PUBLIC
00506f16-8dd6-4207-8c91-604d36aafea3_a20ca3362728ff1c,BOT,0,PVSyst_TriggerBot.2026.08.02.14.27.56.bruser_agel007,PRIORITY_MEDIUM,,,True,runTask,1116,2026-08-02T14:27:56.655307Z,PVSyst_TriggerBot,100,9aefba58-fde5-443a-902f-8b4ad028cb7e,,,100008487,DT-1001-G62J7W3,2026-08-03T01:08:18.0802497Z,,,,427692,PVSyst_TriggerBot,,TRIGGER,,1116,2026-08-03T01:08:17.598259Z,100,,,"['100005124', '354', '386', '389', '357', '359', '392', '100011533', '382']",False,2026-08-03T01:07:58.385362Z,COMPLETED,False,0a6639c7-902a-1167-8193-5327d0ae03b3,100,TRIGGER,,1116,bruser_agel007,False,PUBLIC
fd1b5c57-3b14-4e5d-a206-b6a5c7a0ad4d_956db92c42b57bf7,BOT,0,PVSyst_TriggerBot.2026.08.02.14.27.55.bruser_agel007,PRIORITY_MEDIUM,,,True,runTask,1116,2026-08-02T14:27:56.333216Z,PVSyst_TriggerBot,100,48e09d32-aaf9-4b38-9676-ffb507d1108a,,,100008487,DT-1001-G62J7W3,2026-08-03T01:07:54.8267368Z,,,,427692,PVSyst_TriggerBot,,TRIGGER,,1116,2026-08-03T01:07:54.341191Z,100,,,"['100005124', '354', '386', '389', '357', '359', '392', '100011533', '382']",False,2026-08-03T01:07:36.3631663Z,COMPLETED,False,0a6639c7-902a-1167-8193-5327d0ae03b3,100,TRIGGER,,1116,bruser_agel007,False,PUBLIC
7adf699b-220a-491f-bb50-11cfe7a8278d_5c1a4f8fa2f978d4,BOT,0,PVSyst_TriggerBot.2026.08.02.14.27.55.bruser_agel007,PRIORITY_MEDIUM,,,True,runTask,1116,2026-08-02T14:27:56.027215Z,PVSyst_TriggerBot,100,ab1a761c-cc4c-473e-9e4a-4541c513074a,,,100008487,DT-1001-G62J7W3,2026-08-03T01:07:33.0683352Z,,,,427692,PVSyst_TriggerBot,,TRIGGER,,1116,2026-08-03T01:07:32.608885Z,100,,,"['100005124', '354', '386', '389', '357', '359', '392', '100011533', '382']",False,2026-08-03T01:07:12.4285907Z,COMPLETED,False,0a6639c7-902a-1167-8193-5327d0ae03b3,100,TRIGGER,,1116,bruser_agel007,False,PUBLIC
be261252-0292-4745-981a-fbfa8c4ecfdf_38d64e2a09daf0fe,BOT,0,PVSyst_TriggerBot.2026.08.02.14.27.55.bruser_agel007,PRIORITY_MEDIUM,,,True,runTask,1116,2026-08-02T14:27:55.676532Z,PVSyst_TriggerBot,100,21ff019d-0b59-4109-8835-b41b322fce99,,,100008487,DT-1001-G62J7W3,2026-08-03T01:07:08.1018475Z,,,,427692,PVSyst_TriggerBot,,TRIGGER,,1116,2026-08-03T01:07:07.610903Z,100,,,"['100005124', '354', '386', '389', '357', '359', '392', '100011533', '382']",False,2026-08-03T01:06:48.3857004Z,COMPLETED,False,0a6639c7-902a-1167-8193-5327d0ae03b3,100,TRIGGER,,1116,bruser_agel007,False,PUBLIC
36d1b136-f63b-4c07-b5ca-217c62995f65_29886095db9b974b,BOT,0,PVSyst_TriggerBot.2026.08.02.14.27.54.bruser_agel007,PRIORITY_MEDIUM,,,True,runTask,1116,2026-08-02T14:27:55.274936Z,PVSyst_TriggerBot,100,da21e0b0-16d3-4648-8afc-4846bdb2f0e7,,,100008487,DT-1001-G62J7W3,2026-08-03T01:06:44.7325909Z,,,,427692,PVSyst_TriggerBot,,TRIGGER,,1116,2026-08-03T01:06:44.245486Z,100,,,"['100005124', '354', '386', '389', '357', '359', '392', '100011533', '382']",False,2026-08-03T01:06:26.3904664Z,COMPLETED,False,0a6639c7-902a-1167-8193-5327d0ae03b3,100,TRIGGER,,1116,bruser_agel007,False,PUBLIC
0e0fd7d5-d138-4878-86c1-d5150972c1de_9913595ad6d57ce2,BOT,0,PVSyst_TriggerBot.2026.08.02.14.27.54.bruser_agel007,PRIORITY_MEDIUM,,,True,runTask,1116,2026-08-02T14:27:55.068663Z,PVSyst_TriggerBot,100,e74e4d54-fb53-44d9-99e9-a5a87ba54ca2,,,100008487,DT-1001-G62J7W3,2026-08-03T01:06:22.9850932Z,,,,427692,PVSyst_TriggerBot,,TRIGGER,,1116,2026-08-03T01:06:22.513242Z,100,,,"['100005124', '354', '386', '389', '357', '359', '392', '100011533', '382']",False,2026-08-03T01:06:02.3370326Z,COMPLETED,False,0a6639c7-902a-1167-8193-5327d0ae03b3,100,TRIGGER,,1116,bruser_agel007,False,PUBLIC
aa52b93b-fba2-4a18-995e-9d56c08a4bc5_e0e85aa3daad2035,BOT,0,PVSyst_TriggerBot.2026.08.02.14.27.54.bruser_agel007,PRIORITY_MEDIUM,,,True,runTask,1116,2026-08-02T14:27:54.708509Z,PVSyst_TriggerBot,100,601ef784-f403-4edc-9a5f-fdd4923c48c7,,,100008487,DT-1001-G62J7W3,2026-08-03T01:05:58.1726157Z,,,,427692,PVSyst_TriggerBot,,TRIGGER,,1116,2026-08-03T01:05:57.693503Z,100,,,"['100005124', '354', '386', '389', '357', '359', '392', '100011533', '382']",False,2026-08-03T01:05:38.4952217Z,COMPLETED,False,0a6639c7-902a-1167-8193-5327d0ae03b3,100,TRIGGER,,1116,bruser_agel007,False,PUBLIC
2eb5946c-48af-4382-b06d-8bc277ee299c_238f615dc4172562,BOT,0,PVSyst_TriggerBot.2026.08.02.14.27.53.bruser_agel007,PRIORITY_MEDIUM,,,True,runTask,1116,2026-08-02T14:27:54.266546Z,PVSyst_TriggerBot,100,b3a942d3-052b-4d62-bbeb-6ea1a4e54f27,,,100008487,DT-1001-G62J7W3,2026-08-03T01:05:34.8883999Z,,,,427692,PVSyst_TriggerBot,,TRIGGER,,1116,2026-08-03T01:05:34.456245Z,100,,,"['100005124', '354', '386', '389', '357', '359', '392', '100011533', '382']",False,2026-08-03T01:05:16.4923673Z,COMPLETED,False,0a6639c7-902a-1167-8193-5327d0ae03b3,100,TRIGGER,,1116,bruser_agel007,False,PUBLIC
96275b06-aaf0-4482-bdf8-dd9a6eab4e9b_3fcb5c123a6de9b7,BOT,0,PVSyst_TriggerBot.2026.08.02.14.27.53.bruser_agel007,PRIORITY_MEDIUM,,,True,runTask,1116,2026-08-02T14:27:54.037043Z,PVSyst_TriggerBot,100,291b704c-20c8-4fb0-b892-2dc31637c635,,,100008487,DT-1001-G62J7W3,2026-08-03T01:05:13.0876834Z,,,,427692,PVSyst_TriggerBot,,TRIGGER,,1116,2026-08-03T01:05:12.614263Z,100,,,"['100005124', '354', '386', '389', '357', '359', '392', '100011533', '382']",False,2026-08-03T01:04:52.4129685Z,COMPLETED,False,0a6639c7-902a-1167-8193-5327d0ae03b3,100,TRIGGER,,1116,bruser_agel007,False,PUBLIC
e638e2e6-c10f-4550-9dbf-1043a90372d6_c409e12560cfcf71,BOT,0,PVSyst_TriggerBot.2026.08.02.14.27.53.bruser_agel007,PRIORITY_MEDIUM,,,True,runTask,1116,2026-08-02T14:27:53.556712Z,PVSyst_TriggerBot,100,172e793b-2f96-48f9-a127-49ebfc55b19a,,,100008487,DT-1001-G62J7W3,2026-08-03T01:04:48.1581972Z,,,,427692,PVSyst_TriggerBot,,TRIGGER,,1116,2026-08-03T01:04:47.664287Z,100,,,"['100005124', '354', '386', '389', '357', '359', '392', '100011533', '382']",False,2026-08-03T01:04:28.4839463Z,COMPLETED,False,0a6639c7-902a-1167-8193-5327d0ae03b3,100,TRIGGER,,1116,bruser_agel007,False,PUBLIC
21e8a9cf-ccde-439b-a92b-ab729170b79b_ffed5d3648424ae8,BOT,0,PVSyst_TriggerBot.2026.08.02.14.27.52.bruser_agel007,PRIORITY_MEDIUM,,,True,runTask,1116,2026-08-02T14:27:53.328211Z,PVSyst_TriggerBot,100,cae3f384-6dc9-43aa-9594-d139b7c40879,,,100008487,DT-1001-G62J7W3,2026-08-03T01:04:24.7688993Z,,,,427692,PVSyst_TriggerBot,,TRIGGER,,1116,2026-08-03T01:04:24.288897Z,100,,,"['100005124', '354', '386', '389', '357', '359', '392', '100011533', '382']",False,2026-08-03T01:04:06.3981371Z,COMPLETED,False,0a6639c7-902a-1167-8193-5327d0ae03b3,100,TRIGGER,,1116,bruser_agel007,False,PUBLIC
0a8b9510-aa72-446f-bd40-195b232c510f_03d492173472342b,BOT,0,PVSyst_TriggerBot.2026.08.02.14.27.52.bruser_agel007,PRIORITY_MEDIUM,,,True,runTask,1116,2026-08-02T14:27:52.859848Z,PVSyst_TriggerBot,100,c3870c7f-bce5-4be3-8695-bfe7ba76722f,,,100008487,DT-1001-G62J7W3,2026-08-03T01:04:03.0670598Z,,,,427692,PVSyst_TriggerBot,,TRIGGER,,1116,2026-08-03T01:04:02.574441Z,100,,,"['100005124', '354', '386', '389', '357', '359', '392', '100011533', '382']",False,2026-08-03T01:03:42.4432818Z,COMPLETED,False,0a6639c7-902a-1167-8193-5327d0ae03b3,100,TRIGGER,,1116,bruser_agel007,False,PUBLIC
10f6d648-87a0-4713-b80f-01ab47676677_bcaf0b82325c70c3,BOT,34767,AUC145_AGEL_Main_InventoryList,PRIORITY_MEDIUM,,,True,runTask,1115,2026-08-03T01:00:01.979771Z,AUC145_AGEL_Main_InventoryList,143,7fada180-66a2-433e-9cbc-1fa7881d5bde,,,1061,gcp10wbtrpap01,2026-08-03T01:03:59.6863517Z,,,,415336,AUC145_AGEL_Main_InventoryList,,SCHEDULED,,1115,2026-08-03T01:03:59.820577Z,100,,,"['100005124', '386', '354', '357', '389', '359', '392', '100011533', '382']",False,2026-08-03T01:00:16.5022844Z,COMPLETED,False,0a6639c7-902a-1167-8193-5327d0ae03b3,143,SCHEDULED,,1111,bruser_agel002,False,PUBLIC
9750f60b-57ab-4824-b7ce-4d2669cecafd_235687b4ced63c72,BOT,0,PVSyst_TriggerBot.2026.08.02.14.27.52.bruser_agel007,PRIORITY_MEDIUM,,,True,runTask,1116,2026-08-02T14:27:52.495753Z,PVSyst_TriggerBot,100,9d78df21-1577-4d15-9b29-48b45dfba2fe,,,100008487,DT-1001-G62J7W3,2026-08-03T01:03:38.0764362Z,,,,427692,PVSyst_TriggerBot,,TRIGGER,,1116,2026-08-03T01:03:37.585355Z,100,,,"['100005124', '354', '386', '389', '357', '359', '392', '100011533', '382']",False,2026-08-03T01:03:18.4257187Z,COMPLETED,False,0a6639c7-902a-1167-8193-5327d0ae03b3,100,TRIGGER,,1116,bruser_agel007,False,PUBLIC
8cf1636d-284d-4452-9d58-1b9604b9a35d_bad640acb5ffe201,BOT,0,PVSyst_TriggerBot.2026.08.02.14.27.51.bruser_agel007,PRIORITY_MEDIUM,,,True,runTask,1116,2026-08-02T14:27:52.32086Z,PVSyst_TriggerBot,100,8b90c971-4bb4-47c9-ba0d-2b2c1c4eabbc,,,100008487,DT-1001-G62J7W3,2026-08-03T01:03:14.7735435Z,,,,427692,PVSyst_TriggerBot,,TRIGGER,,1116,2026-08-03T01:03:14.298851Z,100,,,"['100005124', '354', '386', '389', '357', '359', '392', '100011533', '382']",False,2026-08-03T01:02:56.4414954Z,COMPLETED,False,0a6639c7-902a-1167-8193-5327d0ae03b3,100,TRIGGER,,1116,bruser_agel007,False,PUBLIC
37482120-b580-4702-8004-477c376e804b_1f89936d6907b7ed,BOT,0,PVSyst_TriggerBot.2026.08.02.14.27.51.bruser_agel007,PRIORITY_MEDIUM,,,True,runTask,1116,2026-08-02T14:27:52.004891Z,PVSyst_TriggerBot,100,957bc0fe-8129-492d-8e75-09b30f8972dd,,,100008487,DT-1001-G62J7W3,2026-08-03T01:02:53.0227472Z,,,,427692,PVSyst_TriggerBot,,TRIGGER,,1116,2026-08-03T01:02:52.539373Z,100,,,"['100005124', '354', '386', '389', '357', '359', '392', '100011533', '382']",False,2026-08-03T01:02:32.4110241Z,COMPLETED,False,0a6639c7-902a-1167-8193-5327d0ae03b3,100,TRIGGER,,1116,bruser_agel007,False,PUBLIC
bb4bff1b-ce86-4a05-b9f7-9ce7c61e8601_cc2e221efbf0ad13,BOT,0,PVSyst_TriggerBot.2026.08.02.14.27.51.bruser_agel007,PRIORITY_MEDIUM,,,True,runTask,1116,2026-08-02T14:27:51.478783Z,PVSyst_TriggerBot,100,9696663f-ec7a-414a-8fb8-3ae5f995c134,,,100008487,DT-1001-G62J7W3,2026-08-03T01:02:27.4734672Z,,,,427692,PVSyst_TriggerBot,,TRIGGER,,1116,2026-08-03T01:02:27.006673Z,100,,,"['100005124', '354', '386', '389', '357', '359', '392', '100011533', '382']",False,2026-08-03T01:02:04.4286614Z,COMPLETED,False,0a6639c7-902a-1167-8193-5327d0ae03b3,100,TRIGGER,,1116,bruser_agel007,False,PUBLIC
c21489c3-a6f2-4512-94d6-9a7a5754b984_9795e1ec91b6c504,BOT,0,PVSyst_TriggerBot.2026.08.02.14.27.50.bruser_agel007,PRIORITY_MEDIUM,,,True,runTask,1116,2026-08-02T14:27:51.285319Z,PVSyst_TriggerBot,100,d547e530-ac92-4068-81da-1bea3600c65c,,,100008487,DT-1001-G62J7W3,2026-08-03T01:01:59.2651722Z,,,,427692,PVSyst_TriggerBot,,TRIGGER,,1116,2026-08-03T01:01:58.787761Z,100,,,"['100005124', '354', '386', '389', '357', '359', '392', '100011533', '382']",False,2026-08-03T01:01:38.5202208Z,COMPLETED,False,0a6639c7-902a-1167-8193-5327d0ae03b3,100,TRIGGER,,1116,bruser_agel007,False,PUBLIC
24ef47d4-4390-42b1-aba3-4c62aadfcff9_7be99e1ecf36ef86,BOT,0,PVSyst_TriggerBot.2026.08.02.14.27.50.bruser_agel007,PRIORITY_MEDIUM,,,True,runTask,1116,2026-08-02T14:27:50.855985Z,PVSyst_TriggerBot,100,abf92772-c190-4bb6-aa9f-64b975607ae3,,,100008487,DT-1001-G62J7W3,2026-08-03T01:01:35.1523922Z,,,,427692,PVSyst_TriggerBot,,TRIGGER,,1116,2026-08-03T01:01:34.661957Z,100,,,"['100005124', '354', '386', '389', '357', '359', '392', '100011533', '382']",False,2026-08-03T01:01:14.4440277Z,COMPLETED,False,0a6639c7-902a-1167-8193-5327d0ae03b3,100,TRIGGER,,1116,bruser_agel007,False,PUBLIC
2c5dbef8-6b31-4343-bef8-485d25151357_853da5075e6813dc,BOT,0,PVSyst_TriggerBot.2026.08.02.14.27.49.bruser_agel007,PRIORITY_MEDIUM,,,True,runTask,1116,2026-08-02T14:27:50.607852Z,PVSyst_TriggerBot,100,21ebe9d6-7c14-4d34-9883-4c532b7dbb51,,,100008487,DT-1001-G62J7W3,2026-08-03T01:01:09.3885717Z,,,,427692,PVSyst_TriggerBot,,TRIGGER,,1116,2026-08-03T01:01:08.89058Z,100,,,"['100005124', '354', '386', '389', '357', '359', '392', '100011533', '382']",False,2026-08-03T01:00:48.7548193Z,COMPLETED,False,0a6639c7-902a-1167-8193-5327d0ae03b3,100,TRIGGER,,1116,bruser_agel007,False,PUBLIC
ccbc318e-68da-4758-a2cb-15566b1533df_3d2b90b81e7d5169,BOT,0,PVSyst_TriggerBot.2026.08.02.14.27.49.bruser_agel007,PRIORITY_MEDIUM,,,True,runTask,1116,2026-08-02T14:27:50.123004Z,PVSyst_TriggerBot,100,496e5791-1cec-492f-a79d-6485ccf291ad,,,100008487,DT-1001-G62J7W3,2026-08-03T01:00:44.9692058Z,,,,427692,PVSyst_TriggerBot,,TRIGGER,,1116,2026-08-03T01:00:44.568024Z,100,,,"['100005124', '354', '386', '389', '357', '359', '392', '100011533', '382']",False,2026-08-03T01:00:24.377415Z,COMPLETED,False,0a6639c7-902a-1167-8193-5327d0ae03b3,100,TRIGGER,,1116,bruser_agel007,False,PUBLIC
58dbed97-3253-43e4-ae04-064657c201c9_1dea080bb7606d08,BOT,0,PVSyst_TriggerBot.2026.08.02.14.27.49.bruser_agel007,PRIORITY_MEDIUM,,,True,runTask,1116,2026-08-02T14:27:49.840247Z,PVSyst_TriggerBot,100,5ad9f4e3-d08a-4982-ba94-d4243185aefb,,,100008487,DT-1001-G62J7W3,2026-08-03T01:00:19.5197385Z,,,,427692,PVSyst_TriggerBot,,TRIGGER,,1116,2026-08-03T01:00:19.027327Z,100,,,"['100005124', '354', '386', '389', '357', '359', '392', '100011533', '382']",False,2026-08-03T00:59:56.4230631Z,COMPLETED,False,0a6639c7-902a-1167-8193-5327d0ae03b3,100,TRIGGER,,1116,bruser_agel007,False,PUBLIC
32fbd14b-5f63-43d6-8f03-569c641e5072_55ca5737a57cc1e1,BOT,0,PVSyst_TriggerBot.2026.08.02.14.27.48.bruser_agel007,PRIORITY_MEDIUM,,,True,runTask,1116,2026-08-02T14:27:49.572195Z,PVSyst_TriggerBot,100,5a0bb359-0777-4575-ba4d-4c282c16a7f2,,,100008487,DT-1001-G62J7W3,2026-08-03T00:59:52.7617299Z,,,,427692,PVSyst_TriggerBot,,TRIGGER,,1116,2026-08-03T00:59:52.271094Z,100,,,"['100005124', '354', '386', '389', '357', '359', '392', '100011533', '382']",False,2026-08-03T00:59:34.3570943Z,COMPLETED,False,0a6639c7-902a-1167-8193-5327d0ae03b3,100,TRIGGER,,1116,bruser_agel007,False,PUBLIC
dd248434-989e-4cdb-a22b-371b404e0c89_d69ec85419c00eca,BOT,0,PVSyst_TriggerBot.2026.08.02.14.27.48.bruser_agel007,PRIORITY_MEDIUM,,,True,runTask,1116,2026-08-02T14:27:49.197746Z,PVSyst_TriggerBot,100,29f1ac7e-e499-4b9a-89fe-9f9f1ae3f5e6,,,100008487,DT-1001-G62J7W3,2026-08-03T00:59:30.1623662Z,,,,427692,PVSyst_TriggerBot,,TRIGGER,,1116,2026-08-03T00:59:29.683241Z,100,,,"['100005124', '354', '386', '389', '357', '359', '392', '100011533', '382']",False,2026-08-03T00:59:10.4241454Z,COMPLETED,False,0a6639c7-902a-1167-8193-5327d0ae03b3,100,TRIGGER,,1116,bruser_agel007,False,PUBLIC
7b2aaf70-e369-4114-b0da-a5f54eef740a_4b6a2b34b6a0df88,BOT,35451,AGEL075_Hybrid_AVC_Punch_MainTask.25.10.15.05.22.05.devuser_agel005,PRIORITY_MEDIUM,,,True,runApp,1136,2026-08-03T00:54:00.875526Z,AGEL075_Hybrid_AVC_Punch_MainTask,89,49e6438e-7695-421e-8e49-a8df55c40b00,,,1059,gcp10wbtrpap04,2026-08-03T00:59:28.0605096Z,,,,535089,AGEL075_Hybrid_AVC_Punch_MainTask,,SCHEDULED,,1136,2026-08-03T00:59:28.180345Z,100,,,"['100005124', '386', '354', '357', '389', '359', '392', '393', '100011533', '382']",False,2026-08-03T00:54:13.8427239Z,COMPLETED,False,0a6639c7-902a-1167-8193-5327d0ae03b3,89,SCHEDULED,,1113,bruser_agel004,False,PUBLIC
da4e0f78-01a6-4f3f-82e6-ba55927b2abd_83043d94cc22b437,BOT,0,PVSyst_TriggerBot.2026.08.02.14.27.48.bruser_agel007,PRIORITY_MEDIUM,,,True,runTask,1116,2026-08-02T14:27:48.847403Z,PVSyst_TriggerBot,100,5e38447c-0c97-4656-80a6-6e7a35eadd56,,,100008487,DT-1001-G62J7W3,2026-08-03T00:59:07.0836826Z,,,,427692,PVSyst_TriggerBot,,TRIGGER,,1116,2026-08-03T00:59:06.630846Z,100,,,"['100005124', '354', '386', '389', '357', '359', '392', '100011533', '382']",False,2026-08-03T00:58:46.4641126Z,COMPLETED,False,0a6639c7-902a-1167-8193-5327d0ae03b3,100,TRIGGER,,1116,bruser_agel007,False,PUBLIC
cab3acad-ccdf-4292-b9ef-ac4257c74f6c_5861245dfa5ac984,BOT,0,PVSyst_TriggerBot.2026.08.02.14.27.47.bruser_agel007,PRIORITY_MEDIUM,,,True,runTask,1116,2026-08-02T14:27:48.544568Z,PVSyst_TriggerBot,100,0a043904-f476-484c-92f9-cc9af638c482,,,100008487,DT-1001-G62J7W3,2026-08-03T00:58:42.9240022Z,,,,427692,PVSyst_TriggerBot,,TRIGGER,,1116,2026-08-03T00:58:42.428594Z,100,,,"['100005124', '354', '386', '389', '357', '359', '392', '100011533', '382']",False,2026-08-03T00:58:24.4664697Z,COMPLETED,False,0a6639c7-902a-1167-8193-5327d0ae03b3,100,TRIGGER,,1116,bruser_agel007,False,PUBLIC
5c3fb4f5-5e46-4634-8382-661e970f33c6_2dffb5eb5e23e8b8,BOT,0,PVSyst_TriggerBot.2026.08.02.14.27.47.bruser_agel007,PRIORITY_MEDIUM,,,True,runTask,1116,2026-08-02T14:27:48.172913Z,PVSyst_TriggerBot,100,94515c50-9fcb-4cd4-a169-91edca4bc55c,,,100008487,DT-1001-G62J7W3,2026-08-03T00:58:20.1116486Z,,,,427692,PVSyst_TriggerBot,,TRIGGER,,1116,2026-08-03T00:58:19.628872Z,100,,,"['100005124', '354', '386', '389', '357', '359', '392', '100011533', '382']",False,2026-08-03T00:58:00.4419997Z,COMPLETED,False,0a6639c7-902a-1167-8193-5327d0ae03b3,100,TRIGGER,,1116,bruser_agel007,False,PUBLIC
70c02775-6de6-4d2d-ae96-e31aee9d48f3_83a6d6044b23ac33,BOT,0,PVSyst_TriggerBot.2026.08.02.14.27.47.bruser_agel007,PRIORITY_MEDIUM,,,True,runTask,1116,2026-08-02T14:27:47.829311Z,PVSyst_TriggerBot,100,88e8b2cf-cbaa-426a-aff0-20c82eafa441,,,100008487,DT-1001-G62J7W3,2026-08-03T00:57:57.1670162Z,,,,427692,PVSyst_TriggerBot,,TRIGGER,,1116,2026-08-03T00:57:56.684415Z,100,,,"['100005124', '354', '386', '389', '357', '359', '392', '100011533', '382']",False,2026-08-03T00:57:36.4128018Z,COMPLETED,False,0a6639c7-902a-1167-8193-5327d0ae03b3,100,TRIGGER,,1116,bruser_agel007,False,PUBLIC
cbabbe5c-4fa2-4b4b-b3a6-a49dee2758a8_6a18b064a7e1ad06,BOT,0,PVSyst_TriggerBot.2026.08.02.14.27.46.bruser_agel007,PRIORITY_MEDIUM,,,True,runTask,1116,2026-08-02T14:27:47.447667Z,PVSyst_TriggerBot,100,99a834f2-acf5-4291-af78-049d8027ac28,,,100008487,DT-1001-G62J7W3,2026-08-03T00:57:32.7677572Z,,,,427692,PVSyst_TriggerBot,,TRIGGER,,1116,2026-08-03T00:57:32.299868Z,100,,,"['100005124', '354', '386', '389', '357', '359', '392', '100011533', '382']",False,2026-08-03T00:57:14.3644226Z,COMPLETED,False,0a6639c7-902a-1167-8193-5327d0ae03b3,100,TRIGGER,,1116,bruser_agel007,False,PUBLIC
036da999-de80-4896-951e-bc493b9cb85c_456f0e38fc335290,BOT,0,PVSyst_TriggerBot.2026.08.02.14.27.46.bruser_agel007,PRIORITY_MEDIUM,,,True,runTask,1116,2026-08-02T14:27:47.068439Z,PVSyst_TriggerBot,100,2e37ccd5-2b59-4fa4-917f-290bbebfc6e7,,,100008487,DT-1001-G62J7W3,2026-08-03T00:57:09.3830615Z,,,,427692,PVSyst_TriggerBot,,TRIGGER,,1116,2026-08-03T00:57:08.912526Z,100,,,"['100005124', '354', '386', '389', '357', '359', '392', '100011533', '382']",False,2026-08-03T00:56:46.4571475Z,COMPLETED,False,0a6639c7-902a-1167-8193-5327d0ae03b3,100,TRIGGER,,1116,bruser_agel007,False,PUBLIC
9dcdfc5f-e9da-422a-9104-9a46f3e00166_e537e8f7c360e949,BOT,0,PVSyst_TriggerBot.2026.08.02.14.27.46.bruser_agel007,PRIORITY_MEDIUM,,,True,runTask,1116,2026-08-02T14:27:46.714088Z,PVSyst_TriggerBot,100,d77a8f55-492f-4f34-a666-f1db5ba8b2b2,,,100008487,DT-1001-G62J7W3,2026-08-03T00:56:43.1296657Z,,,,427692,PVSyst_TriggerBot,,TRIGGER,,1116,2026-08-03T00:56:42.655487Z,100,,,"['100005124', '354', '386', '389', '357', '359', '392', '100011533', '382']",False,2026-08-03T00:56:22.4049255Z,COMPLETED,False,0a6639c7-902a-1167-8193-5327d0ae03b3,100,TRIGGER,,1116,bruser_agel007,False,PUBLIC
83b417ad-cf5e-43eb-83fd-41e94f616705_5a7b00d68a2740cd,BOT,0,PVSyst_TriggerBot.2026.08.02.14.27.45.bruser_agel007,PRIORITY_MEDIUM,,,True,runTask,1116,2026-08-02T14:27:46.33467Z,PVSyst_TriggerBot,100,75644027-846d-43cd-bad5-e62234875c18,,,100008487,DT-1001-G62J7W3,2026-08-03T00:56:17.1818576Z,,,,427692,PVSyst_TriggerBot,,TRIGGER,,1116,2026-08-03T00:56:16.703186Z,100,,,"['100005124', '354', '386', '389', '357', '359', '392', '100011533', '382']",False,2026-08-03T00:55:56.5457186Z,COMPLETED,False,0a6639c7-902a-1167-8193-5327d0ae03b3,100,TRIGGER,,1116,bruser_agel007,False,PUBLIC
27c910aa-f38c-46b1-9702-df00a39fb797_31de0c047c53223f,BOT,0,PVSyst_TriggerBot.2026.08.02.14.27.45.bruser_agel007,PRIORITY_MEDIUM,,,True,runTask,1116,2026-08-02T14:27:45.942285Z,PVSyst_TriggerBot,100,3a0d2693-ee2e-41b4-aad2-b998102b4de2,,,100008487,DT-1001-G62J7W3,2026-08-03T00:55:53.0861405Z,,,,427692,PVSyst_TriggerBot,,TRIGGER,,1116,2026-08-03T00:55:52.593347Z,100,,,"['100005124', '354', '386', '389', '357', '359', '392', '100011533', '382']",False,2026-08-03T00:55:32.4106638Z,COMPLETED,False,0a6639c7-902a-1167-8193-5327d0ae03b3,100,TRIGGER,,1116,bruser_agel007,False,PUBLIC
b219177a-21f2-4695-8283-1f8115870ff3_d18ad300c5de5aff,BOT,0,PVSyst_TriggerBot.2026.08.02.14.27.44.bruser_agel007,PRIORITY_MEDIUM,,,True,runTask,1116,2026-08-02T14:27:45.602349Z,PVSyst_TriggerBot,100,a1483003-2f2d-4e7d-a031-49701b9d543e,,,100008487,DT-1001-G62J7W3,2026-08-03T00:55:28.9832798Z,,,,427692,PVSyst_TriggerBot,,TRIGGER,,1116,2026-08-03T00:55:28.496959Z,100,,,"['100005124', '354', '386', '389', '357', '359', '392', '100011533', '382']",False,2026-08-03T00:55:08.3170432Z,COMPLETED,False,0a6639c7-902a-1167-8193-5327d0ae03b3,100,TRIGGER,,1116,bruser_agel007,False,PUBLIC
274c9dff-f83d-40f5-87a1-22c16a471817_08b11f4255434dd2,BOT,0,PVSyst_TriggerBot.2026.08.02.14.27.44.bruser_agel007,PRIORITY_MEDIUM,,,True,runTask,1116,2026-08-02T14:27:45.237162Z,PVSyst_TriggerBot,100,7916fe3d-e0d7-4d04-977c-98abe18f2756,,,100008487,DT-1001-G62J7W3,2026-08-03T00:55:03.4699095Z,,,,427692,PVSyst_TriggerBot,,TRIGGER,,1116,2026-08-03T00:55:02.994753Z,100,,,"['100005124', '354', '386', '389', '357', '359', '392', '100011533', '382']",False,2026-08-03T00:54:40.4485323Z,COMPLETED,False,0a6639c7-902a-1167-8193-5327d0ae03b3,100,TRIGGER,,1116,bruser_agel007,False,PUBLIC
194047ec-b77e-40f1-89f6-a703ab12974e_1c5860e9ffaf587c,BOT,0,PVSyst_TriggerBot.2026.08.02.14.27.44.bruser_agel007,PRIORITY_MEDIUM,,,True,runTask,1116,2026-08-02T14:27:44.855473Z,PVSyst_TriggerBot,100,9e689a67-be18-451b-acaa-71227a8c1d15,,,100008487,DT-1001-G62J7W3,2026-08-03T00:54:36.6985239Z,,,,427692,PVSyst_TriggerBot,,TRIGGER,,1116,2026-08-03T00:54:36.221241Z,100,,,"['100005124', '354', '386', '389', '357', '359', '392', '100011533', '382']",False,2026-08-03T00:54:18.3455098Z,COMPLETED,False,0a6639c7-902a-1167-8193-5327d0ae03b3,100,TRIGGER,,1116,bruser_agel007,False,PUBLIC
0bb81443-2f30-457d-a600-c0870e301cb5_4427e8562e59ccd4,BOT,0,PVSyst_TriggerBot.2026.08.02.14.27.43.bruser_agel007,PRIORITY_MEDIUM,,,True,runTask,1116,2026-08-02T14:27:44.489757Z,PVSyst_TriggerBot,100,3b3fc454-4799-461e-8f5b-0e6665810e55,,,100008487,DT-1001-G62J7W3,2026-08-03T00:54:14.2075955Z,,,,427692,PVSyst_TriggerBot,,TRIGGER,,1116,2026-08-03T00:54:13.707206Z,100,,,"['100005124', '354', '386', '389', '357', '359', '392', '100011533', '382']",False,2026-08-03T00:53:54.5373266Z,COMPLETED,False,0a6639c7-902a-1167-8193-5327d0ae03b3,100,TRIGGER,,1116,bruser_agel007,False,PUBLIC
831ff2ce-9635-4c5f-9a0b-a2e9b511997f_9277b642abf7bad6,BOT,0,PVSyst_TriggerBot.2026.08.02.14.27.43.bruser_agel007,PRIORITY_MEDIUM,,,True,runTask,1116,2026-08-02T14:27:44.02948Z,PVSyst_TriggerBot,100,7dc90862-a217-4db8-9f45-e6ddb8573a2e,,,100008487,DT-1001-G62J7W3,2026-08-03T00:53:51.1187924Z,,,,427692,PVSyst_TriggerBot,,TRIGGER,,1116,2026-08-03T00:53:50.633294Z,100,,,"['100005124', '354', '386', '389', '357', '359', '392', '100011533', '382']",False,2026-08-03T00:53:30.4461026Z,COMPLETED,False,0a6639c7-902a-1167-8193-5327d0ae03b3,100,TRIGGER,,1116,bruser_agel007,False,PUBLIC
a57a3542-ef70-4111-abf8-d454c48d1ede_3a37b655e2721a9a,BOT,0,PVSyst_TriggerBot.2026.08.02.14.27.43.bruser_agel007,PRIORITY_MEDIUM,,,True,runTask,1116,2026-08-02T14:27:43.789235Z,PVSyst_TriggerBot,100,7ca1d7ab-3320-468a-8365-06c6a4aa55c2,,,100008487,DT-1001-G62J7W3,2026-08-03T00:53:26.7624201Z,,,,427692,PVSyst_TriggerBot,,TRIGGER,,1116,2026-08-03T00:53:26.280862Z,100,,,"['100005124', '354', '386', '389', '357', '359', '392', '100011533', '382']",False,2026-08-03T00:53:08.422874Z,COMPLETED,False,0a6639c7-902a-1167-8193-5327d0ae03b3,100,TRIGGER,,1116,bruser_agel007,False,PUBLIC
872805c5-2e06-40fb-9580-5678342115ae_8c16d15529cd6233,BOT,0,PVSyst_TriggerBot.2026.08.02.14.27.42.bruser_agel007,PRIORITY_MEDIUM,,,True,runTask,1116,2026-08-02T14:27:43.42861Z,PVSyst_TriggerBot,100,b7d849e3-5126-437d-b889-4d5f4a6b63c9,,,100008487,DT-1001-G62J7W3,2026-08-03T00:53:04.3329747Z,,,,427692,PVSyst_TriggerBot,,TRIGGER,,1116,2026-08-03T00:53:03.885759Z,100,,,"['100005124', '354', '386', '389', '357', '359', '392', '100011533', '382']",False,2026-08-03T00:52:44.4795796Z,COMPLETED,False,0a6639c7-902a-1167-8193-5327d0ae03b3,100,TRIGGER,,1116,bruser_agel007,False,PUBLIC
88dc6be4-300a-42a5-ab35-77114e0d71e2_5e4e4e5423bfa400,BOT,0,PVSyst_TriggerBot.2026.08.02.14.27.42.bruser_agel007,PRIORITY_MEDIUM,,,True,runTask,1116,2026-08-02T14:27:42.974039Z,PVSyst_TriggerBot,100,56ff5bf1-3a71-4df0-8b60-6e56930e995a,,,100008487,DT-1001-G62J7W3,2026-08-03T00:52:39.1097508Z,,,,427692,PVSyst_TriggerBot,,TRIGGER,,1116,2026-08-03T00:52:38.607629Z,100,,,"['100005124', '354', '386', '389', '357', '359', '392', '100011533', '382']",False,2026-08-03T00:52:18.4435599Z,COMPLETED,False,0a6639c7-902a-1167-8193-5327d0ae03b3,100,TRIGGER,,1116,bruser_agel007,False,PUBLIC
e59d39d5-915e-4c7c-9bdc-7ae33d4bb681_324e1014a2fe7b88,BOT,0,PVSyst_TriggerBot.2026.08.02.14.27.42.bruser_agel007,PRIORITY_MEDIUM,,,True,runTask,1116,2026-08-02T14:27:42.725077Z,PVSyst_TriggerBot,100,4d66e7d3-5370-4fd4-b9c0-7afaea7b3ea3,,,100008487,DT-1001-G62J7W3,2026-08-03T00:52:14.737552Z,,,,427692,PVSyst_TriggerBot,,TRIGGER,,1116,2026-08-03T00:52:14.277251Z,100,,,"['100005124', '354', '386', '389', '357', '359', '392', '100011533', '382']",False,2026-08-03T00:51:56.3822914Z,COMPLETED,False,0a6639c7-902a-1167-8193-5327d0ae03b3,100,TRIGGER,,1116,bruser_agel007,False,PUBLIC
ffdbec89-dab5-4286-bdab-164087834c08_00f6d091ced9e6a8,BOT,0,PVSyst_TriggerBot.2026.08.02.14.27.41.bruser_agel007,PRIORITY_MEDIUM,,,True,runTask,1116,2026-08-02T14:27:42.299105Z,PVSyst_TriggerBot,100,7aae9142-2382-4a46-8cc3-fe5df2414013,,,100008487,DT-1001-G62J7W3,2026-08-03T00:51:51.3257638Z,,,,427692,PVSyst_TriggerBot,,TRIGGER,,1116,2026-08-03T00:51:50.844062Z,100,,,"['100005124', '354', '386', '389', '357', '359', '392', '100011533', '382']",False,2026-08-03T00:51:28.4158232Z,COMPLETED,False,0a6639c7-902a-1167-8193-5327d0ae03b3,100,TRIGGER,,1116,bruser_agel007,False,PUBLIC
d0b15ac7-8139-49b2-a389-bd30f41a07b1_4ba515d4fc0a107d,BOT,0,PVSyst_TriggerBot.2026.08.02.14.27.41.bruser_agel007,PRIORITY_MEDIUM,,,True,runTask,1116,2026-08-02T14:27:42.009937Z,PVSyst_TriggerBot,100,eab49a7f-ea41-441f-bbd0-3b3419134ee2,,,100008487,DT-1001-G62J7W3,2026-08-03T00:51:25.1195457Z,,,,427692,PVSyst_TriggerBot,,TRIGGER,,1116,2026-08-03T00:51:24.626616Z,100,,,"['100005124', '354', '386', '389', '357', '359', '392', '100011533', '382']",False,2026-08-03T00:51:04.4461663Z,COMPLETED,False,0a6639c7-902a-1167-8193-5327d0ae03b3,100,TRIGGER,,1116,bruser_agel007,False,PUBLIC
f52e1842-8e2e-4923-9d29-e9e03d17e02d_9cfad04d32f1f3d5,BOT,0,PVSyst_TriggerBot.2026.08.02.14.27.41.bruser_agel007,PRIORITY_MEDIUM,,,True,runTask,1116,2026-08-02T14:27:41.563876Z,PVSyst_TriggerBot,100,6437d634-a00f-4699-92b5-4ba431ee2868,,,100008487,DT-1001-G62J7W3,2026-08-03T00:51:00.1373983Z,,,,427692,PVSyst_TriggerBot,,TRIGGER,,1116,2026-08-03T00:50:59.650899Z,100,,,"['100005124', '354', '386', '389', '357', '359', '392', '100011533', '382']",False,2026-08-03T00:50:39.0253144Z,COMPLETED,False,0a6639c7-902a-1167-8193-5327d0ae03b3,100,TRIGGER,,1116,bruser_agel007,False,PUBLIC
456e8811-50b0-4b75-9002-e136f4a3bd9d_681a051d15feb1e5,BOT,0,PVSyst_TriggerBot.2026.08.02.14.27.40.bruser_agel007,PRIORITY_MEDIUM,,,True,runTask,1116,2026-08-02T14:27:41.251956Z,PVSyst_TriggerBot,100,27840239-fb2c-48d9-9050-f540d30480de,,,100008487,DT-1001-G62J7W3,2026-08-03T00:50:32.580443Z,,,,427692,PVSyst_TriggerBot,,TRIGGER,,1116,2026-08-03T00:50:32.083431Z,100,,,"['100005124', '354', '386', '389', '357', '359', '392', '100011533', '382']",False,2026-08-03T00:50:14.8736301Z,COMPLETED,False,0a6639c7-902a-1167-8193-5327d0ae03b3,100,TRIGGER,,1116,bruser_agel007,False,PUBLIC
abc3312d-9a34-41d2-a1f7-657300ab59a4_964015130ab4132f,BOT,0,PVSyst_TriggerBot.2026.08.02.14.27.40.bruser_agel007,PRIORITY_MEDIUM,,,True,runTask,1116,2026-08-02T14:27:40.968279Z,PVSyst_TriggerBot,100,ef7eff6e-3edf-4598-abe5-d6b0fd7831e2,,,100008487,DT-1001-G62J7W3,2026-08-03T00:50:11.1205571Z,,,,427692,PVSyst_TriggerBot,,TRIGGER,,1116,2026-08-03T00:50:10.624821Z,100,,,"['100005124', '354', '386', '389', '357', '359', '392', '100011533', '382']",False,2026-08-03T00:49:50.4550585Z,COMPLETED,False,0a6639c7-902a-1167-8193-5327d0ae03b3,100,TRIGGER,,1116,bruser_agel007,False,PUBLIC
ca818863-7cd5-476e-9b62-cd7cd43a0754_d2dcbb399b4662f5,BOT,0,PVSyst_TriggerBot.2026.08.02.14.27.39.bruser_agel007,PRIORITY_MEDIUM,,,True,runTask,1116,2026-08-02T14:27:40.57256Z,PVSyst_TriggerBot,100,db9a1613-1403-4687-843e-1cf8f9301074,,,100008487,DT-1001-G62J7W3,2026-08-03T00:49:47.1608235Z,,,,427692,PVSyst_TriggerBot,,TRIGGER,,1116,2026-08-03T00:49:46.680429Z,100,,,"['100005124', '354', '386', '389', '357', '359', '392', '100011533', '382']",False,2026-08-03T00:49:26.3549294Z,COMPLETED,False,0a6639c7-902a-1167-8193-5327d0ae03b3,100,TRIGGER,,1116,bruser_agel007,False,PUBLIC
4cec5bd9-4c83-41bc-96f5-6d2bc07dbd38_58f14c6bc1d30795,BOT,0,PVSyst_TriggerBot.2026.08.02.14.27.39.bruser_agel007,PRIORITY_MEDIUM,,,True,runTask,1116,2026-08-02T14:27:40.211721Z,PVSyst_TriggerBot,100,c42e176d-a046-426d-899f-1e4359e0f473,,,100008487,DT-1001-G62J7W3,2026-08-03T00:49:21.9864859Z,,,,427692,PVSyst_TriggerBot,,TRIGGER,,1116,2026-08-03T00:49:21.518021Z,100,,,"['100005124', '354', '386', '389', '357', '359', '392', '100011533', '382']",False,2026-08-03T00:49:04.5235259Z,COMPLETED,False,0a6639c7-902a-1167-8193-5327d0ae03b3,100,TRIGGER,,1116,bruser_agel007,False,PUBLIC
75c264d4-fe4c-4dfc-8b0c-2d1817343511_1793678af0685745,BOT,0,PVSyst_TriggerBot.2026.08.02.14.27.39.bruser_agel007,PRIORITY_MEDIUM,,,True,runTask,1116,2026-08-02T14:27:39.800159Z,PVSyst_TriggerBot,100,afdcadae-41b0-47c7-b217-f543d47da594,,,100008487,DT-1001-G62J7W3,2026-08-03T00:49:01.1354461Z,,,,427692,PVSyst_TriggerBot,,TRIGGER,,1116,2026-08-03T00:49:00.639574Z,100,,,"['100005124', '354', '386', '389', '357', '359', '392', '100011533', '382']",False,2026-08-03T00:48:40.4025829Z,COMPLETED,False,0a6639c7-902a-1167-8193-5327d0ae03b3,100,TRIGGER,,1116,bruser_agel007,False,PUBLIC
02ea697f-a14b-4a37-a465-68e3f51444bf_bf806e94195eee9e,BOT,0,PVSyst_TriggerBot.2026.08.02.14.27.38.bruser_agel007,PRIORITY_MEDIUM,,,True,runTask,1116,2026-08-02T14:27:39.476834Z,PVSyst_TriggerBot,100,c4dda8b1-dd0c-4fd4-b7db-57e560d22974,,,100008487,DT-1001-G62J7W3,2026-08-03T00:48:36.0039724Z,,,,427692,PVSyst_TriggerBot,,TRIGGER,,1116,2026-08-03T00:48:35.5085Z,100,,,"['100005124', '354', '386', '389', '357', '359', '392', '100011533', '382']",False,2026-08-03T00:48:18.4725792Z,COMPLETED,False,0a6639c7-902a-1167-8193-5327d0ae03b3,100,TRIGGER,,1116,bruser_agel007,False,PUBLIC
5797a168-e775-4ab1-8d43-6ea197911734_6bc177c84ccf102b,BOT,0,PVSyst_TriggerBot.2026.08.02.14.27.38.bruser_agel007,PRIORITY_MEDIUM,,,True,runTask,1116,2026-08-02T14:27:39.070116Z,PVSyst_TriggerBot,100,eef3b0d4-29b9-4c14-9d4e-70820359f4ad,,,100008487,DT-1001-G62J7W3,2026-08-03T00:48:15.1807978Z,,,,427692,PVSyst_TriggerBot,,TRIGGER,,1116,2026-08-03T00:48:14.694869Z,100,,,"['100005124', '354', '386', '389', '357', '359', '392', '100011533', '382']",False,2026-08-03T00:47:54.4594174Z,COMPLETED,False,0a6639c7-902a-1167-8193-5327d0ae03b3,100,TRIGGER,,1116,bruser_agel007,False,PUBLIC
a53dc7ff-f549-4ebd-bcfb-f8579efea29f_e9b3b102ec4056a5,BOT,0,PVSyst_TriggerBot.2026.08.02.14.27.38.bruser_agel007,PRIORITY_MEDIUM,,,True,runTask,1116,2026-08-02T14:27:38.765427Z,PVSyst_TriggerBot,100,18e5a0c9-1942-47ef-a629-ec541563d470,,,100008487,DT-1001-G62J7W3,2026-08-03T00:47:50.289601Z,,,,427692,PVSyst_TriggerBot,,TRIGGER,,1116,2026-08-03T00:47:49.802844Z,100,,,"['100005124', '354', '386', '389', '357', '359', '392', '100011533', '382']",False,2026-08-03T00:47:32.6419851Z,COMPLETED,False,0a6639c7-902a-1167-8193-5327d0ae03b3,100,TRIGGER,,1116,bruser_agel007,False,PUBLIC
72214216-7635-4afd-a9d8-6993d4d87ae9_f31eb0fb5a86f2c5,BOT,0,PVSyst_TriggerBot.2026.08.02.14.27.37.bruser_agel007,PRIORITY_MEDIUM,,,True,runTask,1116,2026-08-02T14:27:38.32878Z,PVSyst_TriggerBot,100,0ef76d1d-d274-4bce-85eb-a77a550dab75,,,100008487,DT-1001-G62J7W3,2026-08-03T00:47:28.082311Z,,,,427692,PVSyst_TriggerBot,,TRIGGER,,1116,2026-08-03T00:47:27.57959Z,100,,,"['100005124', '354', '386', '389', '357', '359', '392', '100011533', '382']",False,2026-08-03T00:47:10.5333944Z,COMPLETED,False,0a6639c7-902a-1167-8193-5327d0ae03b3,100,TRIGGER,,1116,bruser_agel007,False,PUBLIC
fe086c19-c86b-4945-a1bd-85e96bcef115_24ad10613e06e5b9,BOT,0,PVSyst_TriggerBot.2026.08.02.14.27.37.bruser_agel007,PRIORITY_MEDIUM,,,True,runTask,1116,2026-08-02T14:27:38.008434Z,PVSyst_TriggerBot,100,f341ed4e-f3d1-4303-be46-da16fbe6464e,,,100008487,DT-1001-G62J7W3,2026-08-03T00:47:06.0178942Z,,,,427692,PVSyst_TriggerBot,,TRIGGER,,1116,2026-08-03T00:47:05.511364Z,100,,,"['100005124', '354', '386', '389', '357', '359', '392', '100011533', '382']",False,2026-08-03T00:46:48.509353Z,COMPLETED,False,0a6639c7-902a-1167-8193-5327d0ae03b3,100,TRIGGER,,1116,bruser_agel007,False,PUBLIC
5822d90a-f25f-4264-bff2-3ae5c3805b35_2e58cbbdb5f954cc,BOT,0,PVSyst_TriggerBot.2026.08.02.14.27.37.bruser_agel007,PRIORITY_MEDIUM,,,True,runTask,1116,2026-08-02T14:27:37.678977Z,PVSyst_TriggerBot,100,fca09cf3-b76d-4bfe-986e-c34d3ad785ce,,,100008487,DT-1001-G62J7W3,2026-08-03T00:46:44.0659037Z,,,,427692,PVSyst_TriggerBot,,TRIGGER,,1116,2026-08-03T00:46:43.564758Z,100,,,"['100005124', '354', '386', '389', '357', '359', '392', '100011533', '382']",False,2026-08-03T00:46:26.5362292Z,COMPLETED,False,0a6639c7-902a-1167-8193-5327d0ae03b3,100,TRIGGER,,1116,bruser_agel007,False,PUBLIC
acc33f42-9d02-4957-b3e4-47d4a100555a_2ed04c7f47a8d199,BOT,0,PVSyst_TriggerBot.2026.08.02.14.27.36.bruser_agel007,PRIORITY_MEDIUM,,,True,runTask,1116,2026-08-02T14:27:37.292044Z,PVSyst_TriggerBot,100,cbccac74-9ea7-4a2f-acc4-a63383821562,,,100008487,DT-1001-G62J7W3,2026-08-03T00:46:22.3371094Z,,,,427692,PVSyst_TriggerBot,,TRIGGER,,1116,2026-08-03T00:46:21.850665Z,100,,,"['100005124', '354', '386', '389', '357', '359', '392', '100011533', '382']",False,2026-08-03T00:46:04.701553Z,COMPLETED,False,0a6639c7-902a-1167-8193-5327d0ae03b3,100,TRIGGER,,1116,bruser_agel007,False,PUBLIC
584b3e6a-e460-4200-8316-4a72a8eeaec9_20ea1080ac1f8b34,BOT,0,PVSyst_TriggerBot.2026.08.02.14.27.36.bruser_agel007,PRIORITY_MEDIUM,,,True,runTask,1116,2026-08-02T14:27:36.938626Z,PVSyst_TriggerBot,100,c50344db-703e-4d09-851f-f32801ab21f6,,,100008487,DT-1001-G62J7W3,2026-08-03T00:46:00.0935765Z,,,,427692,PVSyst_TriggerBot,,TRIGGER,,1116,2026-08-03T00:45:59.59793Z,100,,,"['100005124', '354', '386', '389', '357', '359', '392', '100011533', '382']",False,2026-08-03T00:45:42.6136614Z,COMPLETED,False,0a6639c7-902a-1167-8193-5327d0ae03b3,100,TRIGGER,,1116,bruser_agel007,False,PUBLIC
31d1675a-54a3-4672-ad1f-7fcc0a8d3422_9cc0ebaa6b48024e,BOT,0,PVSyst_TriggerBot.2026.08.02.14.27.35.bruser_agel007,PRIORITY_MEDIUM,,,True,runTask,1116,2026-08-02T14:27:36.53823Z,PVSyst_TriggerBot,100,3be01176-d882-4972-b3a1-993ad175d164,,,100008487,DT-1001-G62J7W3,2026-08-03T00:45:39.1901105Z,,,,427692,PVSyst_TriggerBot,,TRIGGER,,1116,2026-08-03T00:45:38.706297Z,100,,,"['100005124', '354', '386', '389', '357', '359', '392', '100011533', '382']",False,2026-08-03T00:45:18.4712683Z,COMPLETED,False,0a6639c7-902a-1167-8193-5327d0ae03b3,100,TRIGGER,,1116,bruser_agel007,False,PUBLIC
786f9411-8403-4e2b-a8d4-03d22de4ddfd_e29292cacbb98df8,BOT,0,PVSyst_TriggerBot.2026.08.02.14.27.35.bruser_agel007,PRIORITY_MEDIUM,,,True,runTask,1116,2026-08-02T14:27:36.150592Z,PVSyst_TriggerBot,100,92e7eb68-2ed1-4eb6-a19e-cc9eb65a72bb,,,100008487,DT-1001-G62J7W3,2026-08-03T00:45:13.4332069Z,,,,427692,PVSyst_TriggerBot,,TRIGGER,,1116,2026-08-03T00:45:12.973057Z,100,,,"['100005124', '354', '386', '389', '357', '359', '392', '100011533', '382']",False,2026-08-03T00:44:52.599821Z,COMPLETED,False,0a6639c7-902a-1167-8193-5327d0ae03b3,100,TRIGGER,,1116,bruser_agel007,False,PUBLIC
735f7bfe-171b-49f4-b518-39b1fb0658b2_7b9205294e6e1ea6,BOT,0,PVSyst_TriggerBot.2026.08.02.14.27.35.bruser_agel007,PRIORITY_MEDIUM,,,True,runTask,1116,2026-08-02T14:27:35.745912Z,PVSyst_TriggerBot,100,9be5d98f-25fa-4ae9-8ff4-586193472d4b,,,100008487,DT-1001-G62J7W3,2026-08-03T00:44:47.2420459Z,,,,427692,PVSyst_TriggerBot,,TRIGGER,,1116,2026-08-03T00:44:46.778876Z,100,,,"['100005124', '354', '386', '389', '357', '359', '392', '100011533', '382']",False,2026-08-03T00:44:26.5166407Z,COMPLETED,False,0a6639c7-902a-1167-8193-5327d0ae03b3,100,TRIGGER,,1116,bruser_agel007,False,PUBLIC
2472837b-4f70-40be-b37f-80fc0e5bcd5d_cdf8ee7e364d5836,BOT,35451,AGEL075_Hybrid_AVC_Punch_MainTask.25.10.15.05.22.05.devuser_agel005,PRIORITY_MEDIUM,,,True,runApp,1136,2026-08-03T00:39:00.898244Z,AGEL075_Hybrid_AVC_Punch_MainTask,89,74159789-8016-4a63-9059-28871a477c10,,,1059,gcp10wbtrpap04,2026-08-03T00:44:27.5551438Z,,,,535089,AGEL075_Hybrid_AVC_Punch_MainTask,,SCHEDULED,,1136,2026-08-03T00:44:27.691796Z,100,,,"['100005124', '386', '354', '357', '389', '359', '392', '393', '100011533', '382']",False,2026-08-03T00:39:13.856909Z,COMPLETED,False,0a6639c7-902a-1167-8193-5327d0ae03b3,89,SCHEDULED,,1113,bruser_agel004,False,PUBLIC
0d98cbfd-15f1-4372-a3cf-d4e597507607_e80ed03834386953,BOT,0,PVSyst_TriggerBot.2026.08.02.14.27.34.bruser_agel007,PRIORITY_MEDIUM,,,True,runTask,1116,2026-08-02T14:27:35.229368Z,PVSyst_TriggerBot,100,8aac0cc4-c0bf-46ba-af4f-e2efee6abc54,,,100008487,DT-1001-G62J7W3,2026-08-03T00:44:22.4334249Z,,,,427692,PVSyst_TriggerBot,,TRIGGER,,1116,2026-08-03T00:44:21.926471Z,100,,,"['100005124', '354', '386', '389', '357', '359', '392', '100011533', '382']",False,2026-08-03T00:44:02.6506501Z,COMPLETED,False,0a6639c7-902a-1167-8193-5327d0ae03b3,100,TRIGGER,,1116,bruser_agel007,False,PUBLIC
e1ede5b1-c5e6-42c4-a7a4-e9fd921a3533_7103ef846460f42c,BOT,0,PVSyst_TriggerBot.2026.08.02.14.27.34.bruser_agel007,PRIORITY_MEDIUM,,,True,runTask,1116,2026-08-02T14:27:35.020585Z,PVSyst_TriggerBot,100,cd1befe3-8d3e-4cbd-a3e4-d3e692b6e985,,,100008487,DT-1001-G62J7W3,2026-08-03T00:43:58.990078Z,,,,427692,PVSyst_TriggerBot,,TRIGGER,,1116,2026-08-03T00:43:58.491383Z,100,,,"['100005124', '354', '386', '389', '357', '359', '392', '100011533', '382']",False,2026-08-03T00:43:40.5296399Z,COMPLETED,False,0a6639c7-902a-1167-8193-5327d0ae03b3,100,TRIGGER,,1116,bruser_agel007,False,PUBLIC
2300ad2e-117f-40e0-b9e6-f396d2a130cf_2766c3f336efbe9c,BOT,0,PVSyst_TriggerBot.2026.08.02.14.27.33.bruser_agel007,PRIORITY_MEDIUM,,,True,runTask,1116,2026-08-02T14:27:34.628165Z,PVSyst_TriggerBot,100,9799a8ae-9b72-4740-91fb-e570fa9012b9,,,100008487,DT-1001-G62J7W3,2026-08-03T00:43:36.0182214Z,,,,427692,PVSyst_TriggerBot,,TRIGGER,,1116,2026-08-03T00:43:35.515483Z,100,,,"['100005124', '354', '386', '389', '357', '359', '392', '100011533', '382']",False,2026-08-03T00:43:18.5560964Z,COMPLETED,False,0a6639c7-902a-1167-8193-5327d0ae03b3,100,TRIGGER,,1116,bruser_agel007,False,PUBLIC
e8c44aaf-044c-4a56-baee-2c0ece95ee9e_ff4a67f2f3d98cdf,BOT,0,PVSyst_TriggerBot.2026.08.02.14.27.33.bruser_agel007,PRIORITY_MEDIUM,,,True,runTask,1116,2026-08-02T14:27:34.133525Z,PVSyst_TriggerBot,100,9b00927a-d77c-4be7-91f0-59864922de87,,,100008487,DT-1001-G62J7W3,2026-08-03T00:43:14.7466355Z,,,,427692,PVSyst_TriggerBot,,TRIGGER,,1116,2026-08-03T00:43:14.266509Z,100,,,"['100005124', '354', '386', '389', '357', '359', '392', '100011533', '382']",False,2026-08-03T00:42:54.7970341Z,COMPLETED,False,0a6639c7-902a-1167-8193-5327d0ae03b3,100,TRIGGER,,1116,bruser_agel007,False,PUBLIC
2bcbbf48-ebf5-4b92-a676-8f834d0eeb3a_b2e58a2b28e18553,BOT,0,PVSyst_TriggerBot.2026.08.02.14.27.33.bruser_agel007,PRIORITY_MEDIUM,,,True,runTask,1116,2026-08-02T14:27:33.848276Z,PVSyst_TriggerBot,100,f64545ce-c6f5-46bd-a37f-2c1a2d2fbfc7,,,100008487,DT-1001-G62J7W3,2026-08-03T00:42:51.0047468Z,,,,427692,PVSyst_TriggerBot,,TRIGGER,,1116,2026-08-03T00:42:50.517465Z,100,,,"['100005124', '354', '386', '389', '357', '359', '392', '100011533', '382']",False,2026-08-03T00:42:32.5163536Z,COMPLETED,False,0a6639c7-902a-1167-8193-5327d0ae03b3,100,TRIGGER,,1116,bruser_agel007,False,PUBLIC
d5e5bdc3-19c5-4625-ade6-c7fd199ceb87_0b630ed535e127fc,BOT,0,PVSyst_TriggerBot.2026.08.02.14.27.32.bruser_agel007,PRIORITY_MEDIUM,,,True,runTask,1116,2026-08-02T14:27:33.395613Z,PVSyst_TriggerBot,100,8d646ae1-edb3-4268-929a-8b9c7648d5f3,,,100008487,DT-1001-G62J7W3,2026-08-03T00:42:27.2343556Z,,,,427692,PVSyst_TriggerBot,,TRIGGER,,1116,2026-08-03T00:42:26.748665Z,100,,,"['100005124', '354', '386', '389', '357', '359', '392', '100011533', '382']",False,2026-08-03T00:42:06.4848112Z,COMPLETED,False,0a6639c7-902a-1167-8193-5327d0ae03b3,100,TRIGGER,,1116,bruser_agel007,False,PUBLIC
d07ff469-0669-4ec8-96d1-7e86121a44d2_39a17dbcebaa1ab3,BOT,0,PVSyst_TriggerBot.2026.08.02.14.27.32.bruser_agel007,PRIORITY_MEDIUM,,,True,runTask,1116,2026-08-02T14:27:33.105646Z,PVSyst_TriggerBot,100,6daefee4-d372-46ee-9dfb-ba35eef75c39,,,100008487,DT-1001-G62J7W3,2026-08-03T00:42:02.480526Z,,,,427692,PVSyst_TriggerBot,,TRIGGER,,1116,2026-08-03T00:42:01.968625Z,100,,,"['100005124', '354', '386', '389', '357', '359', '392', '100011533', '382']",False,2026-08-03T00:41:42.6589605Z,COMPLETED,False,0a6639c7-902a-1167-8193-5327d0ae03b3,100,TRIGGER,,1116,bruser_agel007,False,PUBLIC
c1e46a12-d7e9-4463-bfcf-365d94e736d8_6398f423d9098f54,BOT,0,PVSyst_TriggerBot.2026.08.02.14.27.32.bruser_agel007,PRIORITY_MEDIUM,,,True,runTask,1116,2026-08-02T14:27:32.619845Z,PVSyst_TriggerBot,100,01d99dbe-176f-4a8e-9c6b-257ef520b9b8,,,100008487,DT-1001-G62J7W3,2026-08-03T00:41:38.9188701Z,,,,427692,PVSyst_TriggerBot,,TRIGGER,,1116,2026-08-03T00:41:38.432755Z,100,,,"['100005124', '354', '386', '389', '357', '359', '392', '100011533', '382']",False,2026-08-03T00:41:20.5374233Z,COMPLETED,False,0a6639c7-902a-1167-8193-5327d0ae03b3,100,TRIGGER,,1116,bruser_agel007,False,PUBLIC
e37208fe-eb33-4e87-874e-8b383251ec0b_1cd09e75edf0fbc3,BOT,0,PVSyst_TriggerBot.2026.08.02.14.27.31.bruser_agel007,PRIORITY_MEDIUM,,,True,runTask,1116,2026-08-02T14:27:32.298596Z,PVSyst_TriggerBot,100,713af655-6504-4a90-be15-c3497107ab5e,,,100008487,DT-1001-G62J7W3,2026-08-03T00:41:17.0994283Z,,,,427692,PVSyst_TriggerBot,,TRIGGER,,1116,2026-08-03T00:41:16.613095Z,100,,,"['100005124', '354', '386', '389', '357', '359', '392', '100011533', '382']",False,2026-08-03T00:40:56.411445Z,COMPLETED,False,0a6639c7-902a-1167-8193-5327d0ae03b3,100,TRIGGER,,1116,bruser_agel007,False,PUBLIC
55b8508d-121e-4bbc-aa01-c4262dca8793_833a3c7ed69f39ba,BOT,0,PVSyst_TriggerBot.2026.08.02.14.27.31.bruser_agel007,PRIORITY_MEDIUM,,,True,runTask,1116,2026-08-02T14:27:31.971922Z,PVSyst_TriggerBot,100,a5b2a91d-30b2-4ff9-878a-904861082683,,,100008487,DT-1001-G62J7W3,2026-08-03T00:40:52.2025681Z,,,,427692,PVSyst_TriggerBot,,TRIGGER,,1116,2026-08-03T00:40:51.698712Z,100,,,"['100005124', '354', '386', '389', '357', '359', '392', '100011533', '382']",False,2026-08-03T00:40:32.4777899Z,COMPLETED,False,0a6639c7-902a-1167-8193-5327d0ae03b3,100,TRIGGER,,1116,bruser_agel007,False,PUBLIC
b7697705-fd3a-4448-9cc2-cea064f7715b_f10a05e6e4eaa753,BOT,0,PVSyst_TriggerBot.2026.08.02.14.27.30.bruser_agel007,PRIORITY_MEDIUM,,,True,runTask,1116,2026-08-02T14:27:31.685404Z,PVSyst_TriggerBot,100,f2470075-49ef-4270-b3b0-46aa70b727e3,,,100008487,DT-1001-G62J7W3,2026-08-03T00:40:28.9633814Z,,,,427692,PVSyst_TriggerBot,,TRIGGER,,1116,2026-08-03T00:40:28.461398Z,100,,,"['100005124', '354', '386', '389', '357', '359', '392', '100011533', '382']",False,2026-08-03T00:40:10.5861437Z,COMPLETED,False,0a6639c7-902a-1167-8193-5327d0ae03b3,100,TRIGGER,,1116,bruser_agel007,False,PUBLIC
e2d1ecde-da2c-4982-8a10-b97475e1f28b_63525b5115ee2ac8,BOT,0,PVSyst_TriggerBot.2026.08.02.14.27.30.bruser_agel007,PRIORITY_MEDIUM,,,True,runTask,1116,2026-08-02T14:27:31.238491Z,PVSyst_TriggerBot,100,f5b8da73-8285-44a2-a9e5-5e492159e6dd,,,100008487,DT-1001-G62J7W3,2026-08-03T00:40:07.0738025Z,,,,427692,PVSyst_TriggerBot,,TRIGGER,,1116,2026-08-03T00:40:06.61793Z,100,,,"['100005124', '354', '386', '389', '357', '359', '392', '100011533', '382']",False,2026-08-03T00:39:46.4202691Z,COMPLETED,False,0a6639c7-902a-1167-8193-5327d0ae03b3,100,TRIGGER,,1116,bruser_agel007,False,PUBLIC
cd8ad8fa-f40b-44dc-a3a2-349a24b353ec_b40f9a315302ef8d,BOT,0,PVSyst_TriggerBot.2026.08.02.14.27.30.bruser_agel007,PRIORITY_MEDIUM,,,True,runTask,1116,2026-08-02T14:27:30.941631Z,PVSyst_TriggerBot,100,b12ee9ff-49e7-4898-b39b-d006131c4c41,,,100008487,DT-1001-G62J7W3,2026-08-03T00:39:42.1667598Z,,,,427692,PVSyst_TriggerBot,,TRIGGER,,1116,2026-08-03T00:39:41.679053Z,100,,,"['100005124', '354', '386', '389', '357', '359', '392', '100011533', '382']",False,2026-08-03T00:39:22.3992602Z,COMPLETED,False,0a6639c7-902a-1167-8193-5327d0ae03b3,100,TRIGGER,,1116,bruser_agel007,False,PUBLIC
0b14197c-3ff3-4a03-a1c1-35175f899304_e1dc37e2152f8181,BOT,0,PVSyst_TriggerBot.2026.08.02.14.27.29.bruser_agel007,PRIORITY_MEDIUM,,,True,runTask,1116,2026-08-02T14:27:30.549975Z,PVSyst_TriggerBot,100,11a0cb8b-c143-4e0f-bbd0-da766bd134b8,,,100008487,DT-1001-G62J7W3,2026-08-03T00:39:18.8754315Z,,,,427692,PVSyst_TriggerBot,,TRIGGER,,1116,2026-08-03T00:39:18.373524Z,100,,,"['100005124', '354', '386', '389', '357', '359', '392', '100011533', '382']",False,2026-08-03T00:39:00.4561084Z,COMPLETED,False,0a6639c7-902a-1167-8193-5327d0ae03b3,100,TRIGGER,,1116,bruser_agel007,False,PUBLIC
8d46d96a-2554-47b1-8fb0-4f0ea3f6d6ff_215ea0f970a0649f,BOT,0,PVSyst_TriggerBot.2026.08.02.14.27.29.bruser_agel007,PRIORITY_MEDIUM,,,True,runTask,1116,2026-08-02T14:27:30.187315Z,PVSyst_TriggerBot,100,fbc61de1-8f58-4796-9608-ca752bc9d1ff,,,100008487,DT-1001-G62J7W3,2026-08-03T00:38:57.0602608Z,,,,427692,PVSyst_TriggerBot,,TRIGGER,,1116,2026-08-03T00:38:56.580631Z,100,,,"['100005124', '354', '386', '389', '357', '359', '392', '100011533', '382']",False,2026-08-03T00:38:36.4048842Z,COMPLETED,False,0a6639c7-902a-1167-8193-5327d0ae03b3,100,TRIGGER,,1116,bruser_agel007,False,PUBLIC
907fefa8-0c2e-498f-9899-5e78f42da1c9_d3bb4de55873a9ca,BOT,0,PVSyst_TriggerBot.2026.08.02.14.27.29.bruser_agel007,PRIORITY_MEDIUM,,,True,runTask,1116,2026-08-02T14:27:29.841674Z,PVSyst_TriggerBot,100,758e882a-ee33-4a7d-b37a-7a7763c864e1,,,100008487,DT-1001-G62J7W3,2026-08-03T00:38:32.0590516Z,,,,427692,PVSyst_TriggerBot,,TRIGGER,,1116,2026-08-03T00:38:31.550677Z,100,,,"['100005124', '354', '386', '389', '357', '359', '392', '100011533', '382']",False,2026-08-03T00:38:12.468593Z,COMPLETED,False,0a6639c7-902a-1167-8193-5327d0ae03b3,100,TRIGGER,,1116,bruser_agel007,False,PUBLIC
92b0de5b-bf5c-4c01-aa8c-620dc4ce933c_4516cec313f1b05f,BOT,0,PVSyst_TriggerBot.2026.08.02.14.27.28.bruser_agel007,PRIORITY_MEDIUM,,,True,runTask,1116,2026-08-02T14:27:29.50216Z,PVSyst_TriggerBot,100,66771bdb-d0e0-4541-a58f-79db5f64df28,,,100008487,DT-1001-G62J7W3,2026-08-03T00:38:08.805608Z,,,,427692,PVSyst_TriggerBot,,TRIGGER,,1116,2026-08-03T00:38:08.295958Z,100,,,"['100005124', '354', '386', '389', '357', '359', '392', '100011533', '382']",False,2026-08-03T00:37:50.4125245Z,COMPLETED,False,0a6639c7-902a-1167-8193-5327d0ae03b3,100,TRIGGER,,1116,bruser_agel007,False,PUBLIC
a6adebb4-9765-4bec-8928-031dac20200e_0a7b4a575d38b9b8,BOT,0,PVSyst_TriggerBot.2026.08.02.14.27.28.bruser_agel007,PRIORITY_MEDIUM,,,True,runTask,1116,2026-08-02T14:27:29.148022Z,PVSyst_TriggerBot,100,bcd6af12-2d67-4f93-b5ce-8a47651b6f5b,,,100008487,DT-1001-G62J7W3,2026-08-03T00:37:46.9579229Z,,,,427692,PVSyst_TriggerBot,,TRIGGER,,1116,2026-08-03T00:37:46.441891Z,100,,,"['100005124', '354', '386', '389', '357', '359', '392', '100011533', '382']",False,2026-08-03T00:37:26.3198119Z,COMPLETED,False,0a6639c7-902a-1167-8193-5327d0ae03b3,100,TRIGGER,,1116,bruser_agel007,False,PUBLIC
f8b4883b-345f-4c45-a2cc-05458a2f0c28_bb74501dbc501349,BOT,0,PVSyst_TriggerBot.2026.08.02.14.27.28.bruser_agel007,PRIORITY_MEDIUM,,,True,runTask,1116,2026-08-02T14:27:28.717079Z,PVSyst_TriggerBot,100,31904082-4f85-4616-a374-d7efff343e60,,,100008487,DT-1001-G62J7W3,2026-08-03T00:37:22.6555456Z,,,,427692,PVSyst_TriggerBot,,TRIGGER,,1116,2026-08-03T00:37:22.185069Z,100,,,"['100005124', '354', '386', '389', '357', '359', '392', '100011533', '382']",False,2026-08-03T00:37:02.7412946Z,COMPLETED,False,0a6639c7-902a-1167-8193-5327d0ae03b3,100,TRIGGER,,1116,bruser_agel007,False,PUBLIC
6a63f975-4e30-4bdd-92c1-626e1252a28e_067a9380cca347e7,BOT,0,PVSyst_TriggerBot.2026.08.02.14.27.27.bruser_agel007,PRIORITY_MEDIUM,,,True,runTask,1116,2026-08-02T14:27:28.405989Z,PVSyst_TriggerBot,100,42f2672a-f365-4b58-b7e0-c05b8363b314,,,100008487,DT-1001-G62J7W3,2026-08-03T00:36:58.8182789Z,,,,427692,PVSyst_TriggerBot,,TRIGGER,,1116,2026-08-03T00:36:58.306439Z,100,,,"['100005124', '354', '386', '389', '357', '359', '392', '100011533', '382']",False,2026-08-03T00:36:40.4658956Z,COMPLETED,False,0a6639c7-902a-1167-8193-5327d0ae03b3,100,TRIGGER,,1116,bruser_agel007,False,PUBLIC
e4d39024-5881-4939-929c-9d9fa7dd60ec_f6d84ac51631d46c,BOT,0,PVSyst_TriggerBot.2026.08.02.14.27.27.bruser_agel007,PRIORITY_MEDIUM,,,True,runTask,1116,2026-08-02T14:27:27.985637Z,PVSyst_TriggerBot,100,a1379eb8-f0fd-4716-8b48-52a1a5251d77,,,100008487,DT-1001-G62J7W3,2026-08-03T00:36:36.3411236Z,,,,427692,PVSyst_TriggerBot,,TRIGGER,,1116,2026-08-03T00:36:35.829178Z,100,,,"['100005124', '354', '386', '389', '357', '359', '392', '100011533', '382']",False,2026-08-03T00:36:18.6352139Z,COMPLETED,False,0a6639c7-902a-1167-8193-5327d0ae03b3,100,TRIGGER,,1116,bruser_agel007,False,PUBLIC
399b4051-0e8f-4924-87da-2126a1638d57_ef437496e8fc5bfc,BOT,0,PVSyst_TriggerBot.2026.08.02.14.27.27.bruser_agel007,PRIORITY_MEDIUM,,,True,runTask,1116,2026-08-02T14:27:27.670958Z,PVSyst_TriggerBot,100,7e4ef7a7-9de3-4a46-99f4-4f95313a5417,,,100008487,DT-1001-G62J7W3,2026-08-03T00:36:13.9663922Z,,,,427692,PVSyst_TriggerBot,,TRIGGER,,1116,2026-08-03T00:36:13.481972Z,100,,,"['100005124', '354', '386', '389', '357', '359', '392', '100011533', '382']",False,2026-08-03T00:28:32.7691674Z,COMPLETED,False,0a6639c7-902a-1167-8193-5327d0ae03b3,100,TRIGGER,,1116,bruser_agel007,False,PUBLIC
0ac5e31d-3a24-4e76-8b32-20e02e1c3097_fbb6e3c821e6487a,BOT,34703,AUC172_DowntimeSecurityPatch&VAOpen_MasterBot,PRIORITY_MEDIUM,,,True,loop.commands.start,1135,2026-08-03T00:30:03.8921Z,AUC172_DowntimeSecurityPatch&VAOpen_MasterBot,50,4cfe3aa5-d9ad-41c6-973f-eb71882e3e0f,,,852,gcp10wbtrpap05,2026-08-03T00:30:26.6054392Z,,,,423407,AUC172_DowntimeSecurityPatch&VAOpen_MasterBot,,SCHEDULED,,1135,2026-08-03T00:30:26.752866Z,100,,,"['100005124', '354', '386', '389', '357', '359', '100011533', '382']",False,2026-08-03T00:30:19.0854052Z,COMPLETED,False,0a6639c7-902a-1167-8193-5327d0ae03b3,50,SCHEDULED,,1114,bruser_agel005,False,PUBLIC
34cc1bcc-0e89-4ef9-9041-fa0aa2953749_f00d68949ec07660,BOT,35451,AGEL075_Hybrid_AVC_Punch_MainTask.25.10.15.05.22.05.devuser_agel005,PRIORITY_MEDIUM,,,True,runApp,1136,2026-08-03T00:24:00.814581Z,AGEL075_Hybrid_AVC_Punch_MainTask,89,ff06dcbb-26fc-429d-8bf4-a1a4cd45c849,,,1059,gcp10wbtrpap04,2026-08-03T00:29:30.3861859Z,,,,535089,AGEL075_Hybrid_AVC_Punch_MainTask,,SCHEDULED,,1136,2026-08-03T00:29:30.50961Z,100,,,"['100005124', '386', '354', '357', '389', '359', '392', '393', '100011533', '382']",False,2026-08-03T00:24:15.2236042Z,COMPLETED,False,0a6639c7-902a-1167-8193-5327d0ae03b3,89,SCHEDULED,,1113,bruser_agel004,False,PUBLIC
b764474f-db75-4364-ae8f-9f58716f40b4_f70bba2ea9250696,BOT,0,PVSyst_TriggerBot.2026.08.02.14.27.26.bruser_agel007,PRIORITY_MEDIUM,,,True,runTask,1116,2026-08-02T14:27:27.255451Z,PVSyst_TriggerBot,100,2d992338-edef-40b7-9e06-8a3981be0290,,,100008487,DT-1001-G62J7W3,2026-08-03T00:28:27.3779699Z,,,,427692,PVSyst_TriggerBot,,TRIGGER,,1116,2026-08-03T00:28:26.880012Z,100,,,"['100005124', '354', '386', '389', '357', '359', '392', '100011533', '382']",False,2026-08-03T00:20:24.7021703Z,COMPLETED,False,0a6639c7-902a-1167-8193-5327d0ae03b3,100,TRIGGER,,1116,bruser_agel007,False,PUBLIC
f87d1b62-6572-420d-95a5-a8192a64264a_d9fb59319f5c5e66,BOT,100010825,AGEL032_MB52_InventoryDashboard copy_Updated.26.05.24.03.04.13.devuser_agel002,PRIORITY_MEDIUM,,,True,runApp,1133,2026-08-03T00:00:01.701609Z,AGEL032_MB52_InventoryDashboard copy_Updated,98,835110b1-735a-45f9-ae92-b0ead9a7c39e,,,852,gcp10wbtrpap05,2026-08-03T00:26:53.4420775Z,,,,101526603,AGEL032_MB52_InventoryDashboard copy_Updated,,SCHEDULED,,1133,2026-08-03T00:26:53.579067Z,100,,,"['100005124', '386', '354', '357', '389', '359', '100011533', '382']",False,2026-08-03T00:24:19.3997138Z,COMPLETED,False,0a6639c7-902a-1167-8193-5327d0ae03b3,98,SCHEDULED,,1114,bruser_agel005,False,PUBLIC
016dc8e4-ed40-4b5e-bbaf-cae7348e5b34_4123b7a65325ef10,BOT,0,AGEL033_ME2M_InventoryDashboard MasterTask.26.08.03.05.05.42.devuser_agel002,PRIORITY_MEDIUM,,,True,finally,1133,2026-08-02T23:36:08.126025Z,AGEL033_ME2M_InventoryDashboard MasterTask,128,abe1a0dd-6bbd-4579-b029-536860c042ee,,,852,gcp10wbtrpap05,2026-08-03T00:24:02.7947538Z,,,,605314,AGEL033_ME2M_InventoryDashboard MasterTask,,RUN_NOW,,1133,2026-08-03T00:24:02.954579Z,100,,,"['100005124', '354', '386', '389', '357', '359', '100011533', '382']",False,2026-08-02T23:46:58.9263965Z,COMPLETED,False,0a6639c7-902a-1167-8193-5327d0ae03b3,128,RUN_NOW,,1114,bruser_agel005,False,PUBLIC
1c8a2a36-9315-4abc-8aed-ee9b7b396762_eef8a917d6f1d2aa,BOT,0,PVSyst_TriggerBot.2026.08.02.14.27.26.bruser_agel007,PRIORITY_MEDIUM,,,True,runTask,1116,2026-08-02T14:27:26.955972Z,PVSyst_TriggerBot,100,6381f225-825f-412a-8932-d6189a3219dd,,,100008487,DT-1001-G62J7W3,2026-08-03T00:20:21.0673046Z,,,,427692,PVSyst_TriggerBot,,TRIGGER,,1116,2026-08-03T00:20:20.562381Z,100,,,"['100005124', '354', '386', '389', '357', '359', '392', '100011533', '382']",False,2026-08-03T00:12:40.6361348Z,COMPLETED,False,0a6639c7-902a-1167-8193-5327d0ae03b3,100,TRIGGER,,1116,bruser_agel007,False,PUBLIC
ecb46f20-e182-43d7-b03d-c4f707bfe220_85c08c5dcac6511b,BOT,34766,AUC87_AGEL_POList_Main,PRIORITY_MEDIUM,,,True,Comment,1115,2026-08-02T23:30:03.446526Z,AUC87_AGEL_POList_Main,215,e72003b1-66a5-490b-a305-56e5d2b6514c,,,1061,gcp10wbtrpap01,2026-08-03T00:17:13.1723669Z,,,,428514,AUC87_AGEL_POList_Main,,SCHEDULED,,1115,2026-08-03T00:17:13.332722Z,100,,,"['100005124', '354', '386', '357', '389', '359', '392', '100011533', '382']",False,2026-08-02T23:30:18.6670996Z,COMPLETED,False,0a6639c7-902a-1167-8193-5327d0ae03b3,215,SCHEDULED,,1111,bruser_agel002,False,PUBLIC
fae9195a-a0f6-4d6c-b418-eba6a94d05ed_f8d55425d858da9d,BOT,35451,AGEL075_Hybrid_AVC_Punch_MainTask.25.10.15.05.22.05.devuser_agel005,PRIORITY_MEDIUM,,,True,runApp,1136,2026-08-03T00:09:00.721949Z,AGEL075_Hybrid_AVC_Punch_MainTask,89,7da1515e-84ae-4d13-8c9e-44e07d42408f,,,1059,gcp10wbtrpap04,2026-08-03T00:14:26.6552376Z,,,,535089,AGEL075_Hybrid_AVC_Punch_MainTask,,SCHEDULED,,1136,2026-08-03T00:14:26.766495Z,100,,,"['100005124', '386', '354', '357', '389', '359', '392', '393', '100011533', '382']",False,2026-08-03T00:09:12.1693717Z,COMPLETED,False,0a6639c7-902a-1167-8193-5327d0ae03b3,89,SCHEDULED,,1113,bruser_agel004,False,PUBLIC
39202f27-f6a2-4b6a-ab9d-0cb45fb346d9_92c8f30d483df46c,BOT,0,PVSyst_TriggerBot.2026.08.02.14.27.25.bruser_agel007,PRIORITY_MEDIUM,,,True,runTask,1116,2026-08-02T14:27:26.586176Z,PVSyst_TriggerBot,100,253ef9f9-2c12-492b-bda9-dd50c348912f,,,100008487,DT-1001-G62J7W3,2026-08-03T00:12:36.4952365Z,,,,427692,PVSyst_TriggerBot,,TRIGGER,,1116,2026-08-03T00:12:35.976577Z,100,,,"['100005124', '354', '386', '389', '357', '359', '392', '100011533', '382']",False,2026-08-03T00:04:56.7113643Z,COMPLETED,False,0a6639c7-902a-1167-8193-5327d0ae03b3,100,TRIGGER,,1116,bruser_agel007,False,PUBLIC
6903dedb-0b2e-47be-8cc7-f578bea05338_7c1c38271e3aa7c4,BOT,0,PVSyst_TriggerBot.2026.08.02.14.27.25.bruser_agel007,PRIORITY_MEDIUM,,,True,runTask,1116,2026-08-02T14:27:26.289244Z,PVSyst_TriggerBot,100,e9117c3f-788d-4c64-8823-c4dc6a63fb60,,,100008487,DT-1001-G62J7W3,2026-08-03T00:04:51.8975923Z,,,,427692,PVSyst_TriggerBot,,TRIGGER,,1116,2026-08-03T00:04:51.379756Z,100,,,"['100005124', '354', '386', '389', '357', '359', '392', '100011533', '382']",False,2026-08-02T23:57:09.1093655Z,COMPLETED,False,0a6639c7-902a-1167-8193-5327d0ae03b3,100,TRIGGER,,1116,bruser_agel007,False,PUBLIC
6c1ab686-9cfb-4a6f-bd57-ea8a946acb28_eb6ea9482dd35d5a,BOT,35451,AGEL075_Hybrid_AVC_Punch_MainTask.25.10.15.05.22.05.devuser_agel005,PRIORITY_MEDIUM,,,True,runApp,1136,2026-08-02T23:54:00.93187Z,AGEL075_Hybrid_AVC_Punch_MainTask,89,5b4dd1e0-b1b9-4172-b4bc-d13e852b6266,,,1059,gcp10wbtrpap04,2026-08-02T23:59:28.197216Z,,,,535089,AGEL075_Hybrid_AVC_Punch_MainTask,,SCHEDULED,,1136,2026-08-02T23:59:28.384972Z,100,,,"['100005124', '386', '354', '357', '389', '359', '392', '393', '100011533', '382']",False,2026-08-02T23:54:13.9452805Z,COMPLETED,False,0a6639c7-902a-1167-8193-5327d0ae03b3,89,SCHEDULED,,1113,bruser_agel004,False,PUBLIC
e51cc41f-fab4-4208-8554-923874050ea0_3a4b6455f9c4adb6,BOT,0,PVSyst_TriggerBot.2026.08.02.14.27.25.bruser_agel007,PRIORITY_MEDIUM,,,True,runTask,1116,2026-08-02T14:27:25.873153Z,PVSyst_TriggerBot,100,c0f5e048-91a4-45fa-a2e1-bb4dc3c9fd81,,,100008487,DT-1001-G62J7W3,2026-08-02T23:57:03.7752015Z,,,,427692,PVSyst_TriggerBot,,TRIGGER,,1116,2026-08-02T23:57:03.261698Z,100,,,"['100005124', '354', '386', '389', '357', '359', '392', '100011533', '382']",False,2026-08-02T23:49:20.6678262Z,COMPLETED,False,0a6639c7-902a-1167-8193-5327d0ae03b3,100,TRIGGER,,1116,bruser_agel007,False,PUBLIC
9667cf16-671c-493c-82c1-0f4b910b1a20_2b3050c79dd700a8,BOT,0,PVSyst_TriggerBot.2026.08.02.14.27.24.bruser_agel007,PRIORITY_MEDIUM,,,True,runTask,1116,2026-08-02T14:27:25.500411Z,PVSyst_TriggerBot,100,871b5288-7aee-4e05-8bcb-51f9211ec5ca,,,100008487,DT-1001-G62J7W3,2026-08-02T23:49:16.550734Z,,,,427692,PVSyst_TriggerBot,,TRIGGER,,1116,2026-08-02T23:49:16.048877Z,100,,,"['100005124', '354', '386', '389', '357', '359', '392', '100011533', '382']",False,2026-08-02T23:41:36.6337137Z,COMPLETED,False,0a6639c7-902a-1167-8193-5327d0ae03b3,100,TRIGGER,,1116,bruser_agel007,False,PUBLIC
5ec606e5-b8af-4327-8753-f1fd3cce3752_669a1443089b7c5a,BOT,34777,AGEL031_MB51_InventoryDashboard,PRIORITY_MEDIUM,,,True,runApp,1133,2026-08-02T23:30:01.7887Z,AGEL031_MB51_InventoryDashboard,161,d4110487-3042-4caf-bf1d-858e96ea8951,,,852,gcp10wbtrpap05,2026-08-02T23:46:38.7574224Z,,,,440511,AGEL031_MB51_InventoryDashboard,,SCHEDULED,,1133,2026-08-02T23:46:38.876436Z,100,,,"['100005124', '354', '386', '357', '389', '359', '100011533', '382']",False,2026-08-02T23:36:21.9750552Z,COMPLETED,False,0a6639c7-902a-1167-8193-5327d0ae03b3,161,SCHEDULED,,1114,bruser_agel005,False,PUBLIC
1aaf38a6-b3e1-4b01-aef0-e27ea902a1b1_fade7a1f360a9697,BOT,35451,AGEL075_Hybrid_AVC_Punch_MainTask.25.10.15.05.22.05.devuser_agel005,PRIORITY_MEDIUM,,,True,runApp,1136,2026-08-02T23:39:00.856876Z,AGEL075_Hybrid_AVC_Punch_MainTask,89,38b09906-b119-4010-a439-1dd47b6bb558,,,1059,gcp10wbtrpap04,2026-08-02T23:44:27.4770102Z,,,,535089,AGEL075_Hybrid_AVC_Punch_MainTask,,SCHEDULED,,1136,2026-08-02T23:44:27.59163Z,100,,,"['100005124', '386', '354', '357', '389', '359', '392', '393', '100011533', '382']",False,2026-08-02T23:39:13.7768063Z,COMPLETED,False,0a6639c7-902a-1167-8193-5327d0ae03b3,89,SCHEDULED,,1113,bruser_agel004,False,PUBLIC
0f1f6e62-c01b-4843-8778-4829b4aa6df5_c28b60dca6356119,BOT,0,PVSyst_TriggerBot.2026.08.02.14.27.24.bruser_agel007,PRIORITY_MEDIUM,,,True,runTask,1116,2026-08-02T14:27:25.235803Z,PVSyst_TriggerBot,100,41eb8dba-cef5-4963-a51a-c97a1657f073,,,100008487,DT-1001-G62J7W3,2026-08-02T23:41:32.2401331Z,,,,427692,PVSyst_TriggerBot,,TRIGGER,,1116,2026-08-02T23:41:31.730887Z,100,,,"['100005124', '354', '386', '389', '357', '359', '392', '100011533', '382']",False,2026-08-02T23:33:52.6545148Z,COMPLETED,False,0a6639c7-902a-1167-8193-5327d0ae03b3,100,TRIGGER,,1116,bruser_agel007,False,PUBLIC
acd6bcf6-641f-4234-915e-06186022b5d5_7d043597288da9c4,BOT,100006440,ANIL011_Sales_Exchange,PRIORITY_MEDIUM,,,True,SendMailV2,1135,2026-08-02T22:45:01.361932Z,ANIL011_Sales_Exchange,59,8ef8c1d5-10a0-4589-9ad5-c074c02921c5,,,852,gcp10wbtrpap05,2026-08-02T23:36:00.7685234Z,,,,100570228,ANIL011_Sales_Exchange,,SCHEDULED,,1135,2026-08-02T23:36:00.889773Z,100,,,"['100005124', '386', '354', '356', '357', '389', '359', '100011533', '382']",False,2026-08-02T23:34:50.1177851Z,COMPLETED,False,0a6639c7-902a-1167-8193-5327d0ae03b3,59,SCHEDULED,,1114,bruser_agel005,False,PUBLIC
721b9055-989d-44cd-bf9a-9513258cb280_093040e5f7cad7f5,BOT,100012806,ANIL029_ZVMS_Report,PRIORITY_MEDIUM,,,True,messageBox,1135,2026-08-02T22:45:01.226128Z,ANIL029_ZVMS_Report,103,e380f546-44d3-448c-8614-08ca7c024dbb,,,852,gcp10wbtrpap05,2026-08-02T23:34:30.9820584Z,,,,101830732,ANIL029_ZVMS_Report,,SCHEDULED,,1135,2026-08-02T23:34:31.140507Z,100,,,"['100005124', '354', '386', '356', '357', '389', '359', '100011533', '382']",False,2026-08-02T23:32:36.0857502Z,COMPLETED,False,0a6639c7-902a-1167-8193-5327d0ae03b3,103,SCHEDULED,,1114,bruser_agel005,False,PUBLIC
ca7d8603-8b02-4a15-9337-b6377abc0350_7d850da03663039c,BOT,0,PVSyst_TriggerBot.2026.08.02.14.27.24.bruser_agel007,PRIORITY_MEDIUM,,,True,runTask,1116,2026-08-02T14:27:24.743718Z,PVSyst_TriggerBot,100,b893f71c-0ef4-4ce7-ad5a-ce901b30f669,,,100008487,DT-1001-G62J7W3,2026-08-02T23:33:48.5242126Z,,,,427692,PVSyst_TriggerBot,,TRIGGER,,1116,2026-08-02T23:33:48.003789Z,100,,,"['100005124', '354', '386', '389', '357', '359', '392', '100011533', '382']",False,2026-08-02T23:25:56.8247823Z,COMPLETED,False,0a6639c7-902a-1167-8193-5327d0ae03b3,100,TRIGGER,,1116,bruser_agel007,False,PUBLIC
9913df40-a05b-47a2-8292-02f37eeb2ba6_aa500eb56c8f44b7,BOT,35476,AUC174_AGEL_Main_GL2PendingPayment.25.11.02.07.10.44.devuser_agel005,PRIORITY_MEDIUM,,,True,delay,1136,2026-08-02T23:30:03.786059Z,AUC174_AGEL_Main_GL2PendingPayment,59,23e890c3-7b1c-45db-be50-6976256133ea,,,830,gcp10wbtrpap02,2026-08-02T23:33:24.295568Z,,,,411341,AUC174_AGEL_Main_GL2PendingPayment,,SCHEDULED,,1136,2026-08-02T23:33:24.488784Z,100,,,"['100005124', '386', '354', '357', '389', '359', '100011533', '382']",False,2026-08-02T23:30:14.2031415Z,COMPLETED,False,0a6639c7-902a-1167-8193-5327d0ae03b3,59,SCHEDULED,,1110,bruser_agel001,False,PUBLIC
a3198805-30e4-4f8f-a770-5bbd1bb97f63_0d4281a7637043f9,BOT,100012348,ANIL028_zsa003N_G_Dump,PRIORITY_MEDIUM,,,True,,1135,2026-08-02T22:45:01.155601Z,ANIL028_zsa003N_G_Dump,0,afb5eeff-2562-48fa-9295-9ceb5cc08918,,,852,gcp10wbtrpap05,2026-08-02T23:32:22.3372343Z,ba.user.rdp.session.exceed.error,"This may be due to multiple reasons. To continue, please

Make sure you logout from sessions that are not required at the moment.
Then, try to run the bot again.


If you continue to see this message, please contact your system administrator.",Unable to perform rdp for the user as we have exceeded the maximum session count,101763950,ANIL028_zsa003N_G_Dump,,SCHEDULED,"Unable to perform rdp for the user as we have exceeded the maximum session count. This may be due to multiple reasons. To continue, please

Make sure you logout from sessions that are not required at the moment.
Then, try to run the bot again.


If you continue to see this message, please contact your system administrator.",1135,2026-08-02T23:32:22.381133Z,0,,,"['100005124', '354', '386', '356', '357', '389', '359', '100011533', '382']",False,2026-08-02T23:32:22.3372343Z,DEPLOY_FAILED,False,0a6639c7-902a-1167-8193-5327d0ae03b3,0,SCHEDULED,,1114,bruser_agel005,False,PUBLIC
eb18ca9d-487e-4c9a-bd5b-017e21e8bca5_13bf685a15c205da,BOT,100006437,ANIL010_Sales_Report,PRIORITY_MEDIUM,,,True,SendMailV2,1135,2026-08-02T22:30:02.106546Z,ANIL010_Sales_Report,106,5b66ef83-7a65-4187-8981-395e3e282a54,,,852,gcp10wbtrpap05,2026-08-02T23:32:19.8548512Z,,,,594031,ANIL010_Sales_Report,,SCHEDULED,,1135,2026-08-02T23:32:19.984313Z,100,,,"['100005124', '354', '386', '356', '357', '389', '359', '100011533', '382']",False,2026-08-02T23:22:39.8052152Z,COMPLETED,False,0a6639c7-902a-1167-8193-5327d0ae03b3,106,SCHEDULED,,1114,bruser_agel005,False,PUBLIC
3da25445-2e84-405d-ab12-cf4b98701ecc_7464cf8dc9109ae9,BOT,35451,AGEL075_Hybrid_AVC_Punch_MainTask.25.10.15.05.22.05.devuser_agel005,PRIORITY_MEDIUM,,,True,runApp,1136,2026-08-02T23:24:00.868338Z,AGEL075_Hybrid_AVC_Punch_MainTask,89,55ee87ea-0b98-4f6e-9642-87dba2f4824e,,,1059,gcp10wbtrpap04,2026-08-02T23:29:28.1176422Z,,,,535089,AGEL075_Hybrid_AVC_Punch_MainTask,,SCHEDULED,,1136,2026-08-02T23:29:28.265203Z,100,,,"['100005124', '386', '354', '357', '389', '359', '392', '393', '100011533', '382']",False,2026-08-02T23:24:13.9457573Z,COMPLETED,False,0a6639c7-902a-1167-8193-5327d0ae03b3,89,SCHEDULED,,1113,bruser_agel004,False,PUBLIC
05878376-a898-4c28-a39a-aa15110f6e59_732a1d9aa2cf695d,BOT,0,PVSyst_TriggerBot.2026.08.02.14.27.23.bruser_agel007,PRIORITY_MEDIUM,,,True,runTask,1116,2026-08-02T14:27:24.521041Z,PVSyst_TriggerBot,100,67bfc9e1-5f1b-4194-8181-ee362d24c65c,,,100008487,DT-1001-G62J7W3,2026-08-02T23:25:52.3966796Z,,,,427692,PVSyst_TriggerBot,,TRIGGER,,1116,2026-08-02T23:25:51.863046Z,100,,,"['100005124', '354', '386', '389', '357', '359', '392', '100011533', '382']",False,2026-08-02T22:47:33.5715179Z,COMPLETED,False,0a6639c7-902a-1167-8193-5327d0ae03b3,100,TRIGGER,,1116,bruser_agel007,False,PUBLIC
7bff9b7c-46a0-45c7-9a27-25a78457b841_de48dcde8883db4b,BOT,34703,AUC172_DowntimeSecurityPatch&VAOpen_MasterBot,PRIORITY_MEDIUM,,,True,,1135,2026-08-02T22:30:01.634575Z,AUC172_DowntimeSecurityPatch&VAOpen_MasterBot,0,09a66cff-5e61-45b1-b9a2-cef680b7e6cc,,,852,gcp10wbtrpap05,2026-08-02T23:22:25.6548827Z,ba.user.rdp.session.exceed.error,"This may be due to multiple reasons. To continue, please

Make sure you logout from sessions that are not required at the moment.
Then, try to run the bot again.


If you continue to see this message, please contact your system administrator.",Unable to perform rdp for the user as we have exceeded the maximum session count,423407,AUC172_DowntimeSecurityPatch&VAOpen_MasterBot,,SCHEDULED,"Unable to perform rdp for the user as we have exceeded the maximum session count. This may be due to multiple reasons. To continue, please

Make sure you logout from sessions that are not required at the moment.
Then, try to run the bot again.


If you continue to see this message, please contact your system administrator.",1135,2026-08-02T23:22:25.714045Z,0,,,"['100005124', '354', '386', '389', '357', '359', '100011533', '382']",False,2026-08-02T23:22:25.6548827Z,DEPLOY_FAILED,False,0a6639c7-902a-1167-8193-5327d0ae03b3,0,SCHEDULED,,1114,bruser_agel005,False,PUBLIC
b2f467a6-5867-4455-84e7-7a18d10e1956_1a6d5cc88d3545e4,BOT,0,AGEL033_ME2M_InventoryDashboard MasterTask.26.08.03.03.57.28.devuser_agel002,PRIORITY_MEDIUM,,,True,finally,1133,2026-08-02T22:27:37.431059Z,AGEL033_ME2M_InventoryDashboard MasterTask,128,4fdd21bd-3337-4f6d-bf4f-9e615c217a30,,,852,gcp10wbtrpap05,2026-08-02T23:22:22.7989009Z,,,,605314,AGEL033_ME2M_InventoryDashboard MasterTask,,RUN_NOW,,1133,2026-08-02T23:22:22.946475Z,100,,,"['100005124', '354', '386', '389', '357', '359', '100011533', '382']",False,2026-08-02T22:34:14.5351147Z,COMPLETED,False,0a6639c7-902a-1167-8193-5327d0ae03b3,128,RUN_NOW,,1114,bruser_agel005,False,PUBLIC
3bdb2d82-126a-4242-967d-f323ac074277_af68f25289b48cb4,BOT,35475,AUC161_AGEL_Blade_POList.25.11.02.06.51.45.devuser_agel005,PRIORITY_MEDIUM,,,True,delay,1136,2026-08-02T23:15:01.492282Z,AUC161_AGEL_Blade_POList,116,578247bd-3f84-43d1-beb6-01001c2d3eb3,,,1061,gcp10wbtrpap01,2026-08-02T23:21:03.8170331Z,,,,415319,AUC161_AGEL_Blade_POList,,SCHEDULED,,1136,2026-08-02T23:21:03.967666Z,100,,,"['100005124', '354', '386', '357', '389', '359', '100011533', '382']",False,2026-08-02T23:15:15.6657071Z,COMPLETED,False,0a6639c7-902a-1167-8193-5327d0ae03b3,116,SCHEDULED,,1111,bruser_agel002,False,PUBLIC
159aec44-43c3-4f06-a6f2-639ebb9739bb_ef2aa9cf9e091fd2,BOT,35451,AGEL075_Hybrid_AVC_Punch_MainTask.25.10.15.05.22.05.devuser_agel005,PRIORITY_MEDIUM,,,True,runApp,1136,2026-08-02T23:09:00.824249Z,AGEL075_Hybrid_AVC_Punch_MainTask,89,28f0eab0-3d03-48bb-a517-1371d084105b,,,1059,gcp10wbtrpap04,2026-08-02T23:14:30.3510361Z,,,,535089,AGEL075_Hybrid_AVC_Punch_MainTask,,SCHEDULED,,1136,2026-08-02T23:14:30.4552Z,100,,,"['100005124', '386', '354', '357', '389', '359', '392', '393', '100011533', '382']",False,2026-08-02T23:09:15.1244785Z,COMPLETED,False,0a6639c7-902a-1167-8193-5327d0ae03b3,89,SCHEDULED,,1113,bruser_agel004,False,PUBLIC
9ad8d5d3-8e2b-42b2-b21e-3abe87ea0787_537442c12283ebe9,BOT,35474,AUC160_AGEL_Blade_InventoryList.25.11.02.06.50.24.devuser_agel005,PRIORITY_MEDIUM,,,True,delay,1136,2026-08-02T23:00:02.482062Z,AUC160_AGEL_Blade_InventoryList,134,c1fe1c9f-8286-4c31-b2e7-9555c487b99f,,,1061,gcp10wbtrpap01,2026-08-02T23:03:51.5343685Z,,,,414129,AUC160_AGEL_Blade_InventoryList,,SCHEDULED,,1136,2026-08-02T23:03:51.706866Z,100,,,"['100005124', '354', '386', '389', '357', '359', '100011533', '382']",False,2026-08-02T23:00:13.0106757Z,COMPLETED,False,0a6639c7-902a-1167-8193-5327d0ae03b3,134,SCHEDULED,,1111,bruser_agel002,False,PUBLIC
3f45bcd6-6385-4587-87a9-3baf9c9e4aaf_ecbf89fb1b42740e,BOT,35451,AGEL075_Hybrid_AVC_Punch_MainTask.25.10.15.05.22.05.devuser_agel005,PRIORITY_MEDIUM,,,True,runApp,1136,2026-08-02T22:54:00.839296Z,AGEL075_Hybrid_AVC_Punch_MainTask,89,94930c80-33e0-46c2-8af0-3d310ef6e3b5,,,1059,gcp10wbtrpap04,2026-08-02T22:59:25.3007393Z,,,,535089,AGEL075_Hybrid_AVC_Punch_MainTask,,SCHEDULED,,1136,2026-08-02T22:59:25.412201Z,100,,,"['100005124', '386', '354', '357', '389', '359', '392', '393', '100011533', '382']",False,2026-08-02T22:54:10.5287571Z,COMPLETED,False,0a6639c7-902a-1167-8193-5327d0ae03b3,89,SCHEDULED,,1113,bruser_agel004,False,PUBLIC
7d25ca50-a584-4c2e-8482-568008394652_4c18dbd6919e0a4d,BOT,0,AGEL086 NHDT Inventory Data Mastertask.26.08.03.04.17.56.devuser_agel002,PRIORITY_MEDIUM,,,True,SendMailV2,1133,2026-08-02T22:48:07.027353Z,AGEL086 NHDT Inventory Data Mastertask,80,1d3bbfd6-b8b5-4c8c-b18b-dd2a94b1b91f,,,1061,gcp10wbtrpap01,2026-08-02T22:49:23.9914418Z,,,,558016,AGEL086 NHDT Inventory Data Mastertask,,RUN_NOW,,1133,2026-08-02T22:49:24.14668Z,100,,,"['100005124', '386', '354', '389', '357', '359', '392', '393', '100011533', '382']",False,2026-08-02T22:48:14.7307359Z,COMPLETED,False,0a6639c7-902a-1167-8193-5327d0ae03b3,80,RUN_NOW,,1111,bruser_agel002,False,PUBLIC
0f0cc58c-b3b0-452e-a10d-8c0915b6514c_14d4696c72fee4a5,BOT,0,PVSyst_TriggerBot.2026.08.02.14.24.13.bruser_agel007,PRIORITY_MEDIUM,,,True,runTask,1116,2026-08-02T14:24:13.956066Z,PVSyst_TriggerBot,100,6735a39d-b5f3-4334-9a34-0eab42b26f62,,,100008487,DT-1001-G62J7W3,2026-08-02T22:47:29.2271641Z,,,,427692,PVSyst_TriggerBot,,TRIGGER,,1116,2026-08-02T22:47:28.704647Z,100,,,"['100005124', '354', '386', '389', '357', '359', '392', '100011533', '382']",False,2026-08-02T14:33:43.6464739Z,COMPLETED,False,0a6639c7-902a-1167-8193-5327d0ae03b3,100,TRIGGER,,1116,bruser_agel007,False,PUBLIC
95e1d66b-a1d5-4d7d-ab4a-9723a8a8f1da_8aa3e75d0a9b913b,BOT,0,AGEL086 NHDT Inventory Data Mastertask.26.08.03.04.14.09.devuser_agel002,PRIORITY_MEDIUM,,,True,stopTask,1133,2026-08-02T22:44:19.472224Z,AGEL086 NHDT Inventory Data Mastertask,80,e5c26aa9-c886-4bc2-8232-32e9cc221f82,,,1061,gcp10wbtrpap01,2026-08-02T22:45:15.7347152Z,,,,558016,AGEL086 NHDT Inventory Data Mastertask,,RUN_NOW,,1133,2026-08-02T22:45:15.895884Z,100,,,"['100005124', '386', '354', '389', '357', '359', '392', '393', '100011533', '382']",False,2026-08-02T22:44:26.9632671Z,COMPLETED,False,0a6639c7-902a-1167-8193-5327d0ae03b3,80,RUN_NOW,,1111,bruser_agel002,False,PUBLIC
233d2fa2-0b50-4f1a-b4b6-8b3df6a9a5f7_602b592c18c3fb0f,BOT,35451,AGEL075_Hybrid_AVC_Punch_MainTask.25.10.15.05.22.05.devuser_agel005,PRIORITY_MEDIUM,,,True,runApp,1136,2026-08-02T22:39:00.880227Z,AGEL075_Hybrid_AVC_Punch_MainTask,89,07468ec9-2ad3-4166-b8eb-224cd56c9056,,,1059,gcp10wbtrpap04,2026-08-02T22:44:28.4125582Z,,,,535089,AGEL075_Hybrid_AVC_Punch_MainTask,,SCHEDULED,,1136,2026-08-02T22:44:28.5502Z,100,,,"['100005124', '386', '354', '357', '389', '359', '392', '393', '100011533', '382']",False,2026-08-02T22:39:13.9980961Z,COMPLETED,False,0a6639c7-902a-1167-8193-5327d0ae03b3,89,SCHEDULED,,1113,bruser_agel004,False,PUBLIC
bdfc170c-a25a-4a27-b082-069cf3749a7b_9d052332fe3dae31,BOT,0,AGEL086 NHDT Inventory Data Mastertask.26.08.03.04.10.17.devuser_agel002,PRIORITY_MEDIUM,,,True,stopTask,1133,2026-08-02T22:40:27.997185Z,AGEL086 NHDT Inventory Data Mastertask,80,90856412-2707-473f-8a13-86599e699f65,,,1061,gcp10wbtrpap01,2026-08-02T22:41:25.2621839Z,,,,558016,AGEL086 NHDT Inventory Data Mastertask,,RUN_NOW,,1133,2026-08-02T22:41:25.674752Z,100,,,"['100005124', '386', '354', '389', '357', '359', '392', '393', '100011533', '382']",False,2026-08-02T22:40:35.1767583Z,COMPLETED,False,0a6639c7-902a-1167-8193-5327d0ae03b3,80,RUN_NOW,,1111,bruser_agel002,False,PUBLIC
b4c4db2a-1c05-454f-a6be-ecb957669b39_996ca81e021b48fd,BOT,34749,AUC114_AGEL_EquipmentList_IH08_PMD,PRIORITY_MEDIUM,,,True,runApp,1135,2026-08-02T22:00:02.267961Z,AUC114_AGEL_EquipmentList_IH08_PMD,316,04a03296-001c-4c0a-b641-93c87ecff631,,,852,gcp10wbtrpap05,2026-08-02T22:33:54.6796427Z,,,,431148,AUC114_AGEL_EquipmentList_IH08_PMD,,SCHEDULED,,1135,2026-08-02T22:33:54.78895Z,100,,,"['100005124', '354', '386', '357', '389', '359', '100011533', '382']",False,2026-08-02T22:23:10.6929294Z,COMPLETED,False,0a6639c7-902a-1167-8193-5327d0ae03b3,316,SCHEDULED,,1114,bruser_agel005,False,PUBLIC
4a747ec9-329e-415d-8e9a-bae229dd48bb_a3b42904b682ca32,BOT,35468,AGEL086 NHDT Inventory Data Mastertask,PRIORITY_MEDIUM,,,True,stopTask,1135,2026-08-02T22:30:02.030038Z,AGEL086 NHDT Inventory Data Mastertask,80,3d163442-e215-415f-90e0-a6ad3be21336,,,1061,gcp10wbtrpap01,2026-08-02T22:31:02.3220483Z,,,,558016,AGEL086 NHDT Inventory Data Mastertask,,SCHEDULED,,1135,2026-08-02T22:31:02.466318Z,100,,,"['100005124', '386', '354', '389', '357', '359', '392', '393', '100011533', '382']",False,2026-08-02T22:30:15.4905033Z,COMPLETED,False,0a6639c7-902a-1167-8193-5327d0ae03b3,80,SCHEDULED,,1111,bruser_agel002,False,PUBLIC
0a219028-5361-4590-9aa0-8cb1ecc2f66e_ed2b3b29242eb63d,BOT,35451,AGEL075_Hybrid_AVC_Punch_MainTask.25.10.15.05.22.05.devuser_agel005,PRIORITY_MEDIUM,,,True,runApp,1136,2026-08-02T22:24:00.812353Z,AGEL075_Hybrid_AVC_Punch_MainTask,89,45ce3567-0027-45dc-8dc3-7ae46b38e289,,,1059,gcp10wbtrpap04,2026-08-02T22:29:27.108263Z,,,,535089,AGEL075_Hybrid_AVC_Punch_MainTask,,SCHEDULED,,1136,2026-08-02T22:29:27.24933Z,100,,,"['100005124', '386', '354', '357', '389', '359', '392', '393', '100011533', '382']",False,2026-08-02T22:24:13.8671773Z,COMPLETED,False,0a6639c7-902a-1167-8193-5327d0ae03b3,89,SCHEDULED,,1113,bruser_agel004,False,PUBLIC
7c148f2d-1543-481b-aedd-decd7ffd8061_d45310c137192854,BOT,100001348,AGEL033_ME2M_InventoryDashboard MasterTask,PRIORITY_MEDIUM,,,True,,1132,2026-08-02T21:30:01.743933Z,AGEL033_ME2M_InventoryDashboard MasterTask,0,016960e4-2440-4bbc-baa5-1a010f347781,,,852,gcp10wbtrpap05,2026-08-02T22:22:56.1666322Z,ba.user.rdp.session.exceed.error,"This may be due to multiple reasons. To continue, please

Make sure you logout from sessions that are not required at the moment.
Then, try to run the bot again.


If you continue to see this message, please contact your system administrator.",Unable to perform rdp for the user as we have exceeded the maximum session count,605314,AGEL033_ME2M_InventoryDashboard MasterTask,,SCHEDULED,"Unable to perform rdp for the user as we have exceeded the maximum session count. This may be due to multiple reasons. To continue, please

Make sure you logout from sessions that are not required at the moment.
Then, try to run the bot again.


If you continue to see this message, please contact your system administrator.",1132,2026-08-02T22:22:56.210272Z,0,,,"['100005124', '354', '386', '389', '357', '359', '100011533', '382']",False,2026-08-02T22:22:56.1666322Z,DEPLOY_FAILED,False,0a6639c7-902a-1167-8193-5327d0ae03b3,0,SCHEDULED,,1114,bruser_agel005,False,PUBLIC
63152ae5-9a83-4975-a167-f3cbc9b9d4c3_002abdaccc95f292,BOT,100001347,AGEL112 ZMMI072 & ZMATMRP Dump Report,PRIORITY_MEDIUM,,,True,SendMailV2,1132,2026-08-02T21:00:02.373405Z,AGEL112 ZMMI072 & ZMATMRP Dump Report MasterTask,129,c66ddfe9-5360-4b8e-8953-ac9360aa76bf,,,852,gcp10wbtrpap05,2026-08-02T22:22:52.9936815Z,,,,100007382,AGEL112 ZMMI072 & ZMATMRP Dump Report MasterTask,,SCHEDULED,,1132,2026-08-02T22:22:53.125361Z,100,,,"['100005124', '386', '354', '389', '357', '359', '392', '393', '100011533', '382']",False,2026-08-02T21:23:45.3553472Z,COMPLETED,False,0a6639c7-902a-1167-8193-5327d0ae03b3,129,SCHEDULED,,1114,bruser_agel005,False,PUBLIC
63b22f74-10f7-422a-a2ab-14200817a354_78de0581e59b2c30,BOT,100011104,AGEL137_BESS_Inventory_MIS_MAIN.26.05.28.11.57.40.devuser_agel005,PRIORITY_MEDIUM,,,True,SendMailV2,1136,2026-08-02T22:15:01.435735Z,AGEL137_BESS_Inventory_MIS_MAIN,78,6b3cff17-7d96-49f8-8192-a1e097775f76,,,1061,gcp10wbtrpap01,2026-08-02T22:19:28.0689678Z,,,,101341062,AGEL137_BESS_Inventory_MIS_MAIN,,SCHEDULED,,1136,2026-08-02T22:19:28.225182Z,100,,,"['100005124', '386', '354', '357', '389', '359', '392', '393', '100011533', '382']",False,2026-08-02T22:15:16.437263Z,COMPLETED,False,0a6639c7-902a-1167-8193-5327d0ae03b3,78,SCHEDULED,,1111,bruser_agel002,False,PUBLIC
de354487-64e1-4ae0-9a4e-e2920e566170_1626621bf0d0d6ff,BOT,35451,AGEL075_Hybrid_AVC_Punch_MainTask.25.10.15.05.22.05.devuser_agel005,PRIORITY_MEDIUM,,,True,runApp,1136,2026-08-02T22:09:00.83438Z,AGEL075_Hybrid_AVC_Punch_MainTask,89,a6454a16-4fec-424a-bbda-b9337a11a232,,,1059,gcp10wbtrpap04,2026-08-02T22:14:24.339645Z,,,,535089,AGEL075_Hybrid_AVC_Punch_MainTask,,SCHEDULED,,1136,2026-08-02T22:14:24.481134Z,100,,,"['100005124', '386', '354', '357', '389', '359', '392', '393', '100011533', '382']",False,2026-08-02T22:09:10.7137821Z,COMPLETED,False,0a6639c7-902a-1167-8193-5327d0ae03b3,89,SCHEDULED,,1113,bruser_agel004,False,PUBLIC
60b0bb72-33ad-4526-8c38-491f34502bf0_6d0bf1801f9312b7,BOT,34717,AUC098_ANIL_RTP_MasterBot,PRIORITY_MEDIUM,,,True,runTask,1135,2026-08-02T22:00:02.666201Z,AUC098_ANIL_RTP_MasterBot,160,bf6a7e82-9355-43b1-a5be-183bb236b24d,,,857,gcp10wbtrpap03,2026-08-02T22:02:55.7090592Z,,,,413752,AUC098_ANIL_RTP_MasterBot,,SCHEDULED,,1135,2026-08-02T22:02:55.839368Z,100,,,"['100005124', '354', '386', '356', '357', '389', '359', '100011533', '382']",False,2026-08-02T22:01:42.8579934Z,COMPLETED,False,0a6639c7-902a-1167-8193-5327d0ae03b3,160,SCHEDULED,,1112,bruser_agel003,False,PUBLIC
1900acb8-1cbf-4e31-8d37-ec6f2757a01c_972ff010f7f7a39f,BOT,0,AGEL082 MB52 Stock Report Master Task.26.08.03.03.28.25.devuser_agel002,PRIORITY_MEDIUM,,,True,deleteFiles,1133,2026-08-02T21:58:40.969086Z,AGEL082 MB52 Stock Report Master Task,108,14649ae3-f800-4d1b-8070-87b5a7ea1929,,,857,gcp10wbtrpap03,2026-08-02T22:01:34.9151319Z,,,,536354,AGEL082 MB52 Stock Report Master Task,,RUN_NOW,,1133,2026-08-02T22:01:35.052557Z,100,,,"['100005124', '354', '386', '357', '389', '359', '392', '393', '100011533', '382']",False,2026-08-02T21:58:48.6627949Z,COMPLETED,False,0a6639c7-902a-1167-8193-5327d0ae03b3,108,RUN_NOW,,1112,bruser_agel003,False,PUBLIC
91abc25b-26a5-4c2c-baaa-4a8156a66299_051e3de427558b8c,BOT,35451,AGEL075_Hybrid_AVC_Punch_MainTask.25.10.15.05.22.05.devuser_agel005,PRIORITY_MEDIUM,,,True,runApp,1136,2026-08-02T21:54:00.873531Z,AGEL075_Hybrid_AVC_Punch_MainTask,89,3f568f50-0d1e-4cb0-9825-69d38b3e94be,,,1059,gcp10wbtrpap04,2026-08-02T21:59:27.7458385Z,,,,535089,AGEL075_Hybrid_AVC_Punch_MainTask,,SCHEDULED,,1136,2026-08-02T21:59:27.857812Z,100,,,"['100005124', '386', '354', '357', '389', '359', '392', '393', '100011533', '382']",False,2026-08-02T21:54:13.9690883Z,COMPLETED,False,0a6639c7-902a-1167-8193-5327d0ae03b3,89,SCHEDULED,,1113,bruser_agel004,False,PUBLIC
73b24241-1eeb-42f0-b252-0529c4f84ce4_02565edc6f80acf5,BOT,35451,AGEL075_Hybrid_AVC_Punch_MainTask.25.10.15.05.22.05.devuser_agel005,PRIORITY_MEDIUM,,,True,runApp,1136,2026-08-02T21:39:00.848056Z,AGEL075_Hybrid_AVC_Punch_MainTask,89,a3306a7d-aa95-42d9-8aa3-398a9efaf968,,,1059,gcp10wbtrpap04,2026-08-02T21:44:29.3922437Z,,,,535089,AGEL075_Hybrid_AVC_Punch_MainTask,,SCHEDULED,,1136,2026-08-02T21:44:29.750026Z,100,,,"['100005124', '386', '354', '357', '389', '359', '392', '393', '100011533', '382']",False,2026-08-02T21:39:14.2776421Z,COMPLETED,False,0a6639c7-902a-1167-8193-5327d0ae03b3,89,SCHEDULED,,1113,bruser_agel004,False,PUBLIC
99e4f262-655c-4491-8a92-94d241727ecb_8f67a3d9259ae907,BOT,35200,AGEL082 MB52 Stock Report Master Task.25.05.26.13.42.07.devuser_agel001,PRIORITY_MEDIUM,,,True,SendMailV2,1132,2026-08-02T21:30:02.190284Z,AGEL082 MB52 Stock Report Master Task,108,60517e91-8f33-48ce-892e-01aa9e3aa06e,,,857,gcp10wbtrpap03,2026-08-02T21:30:34.888251Z,,,,536354,AGEL082 MB52 Stock Report Master Task,,SCHEDULED,,1132,2026-08-02T21:30:34.999935Z,100,,,"['100005124', '354', '386', '357', '389', '359', '392', '393', '100011533', '382']",False,2026-08-02T21:30:14.5899098Z,COMPLETED,False,0a6639c7-902a-1167-8193-5327d0ae03b3,108,SCHEDULED,,1112,bruser_agel003,False,PUBLIC
fd337fdd-b2b1-4b60-8fa5-906533bcbe9e_8d95219792a274f0,BOT,35451,AGEL075_Hybrid_AVC_Punch_MainTask.25.10.15.05.22.05.devuser_agel005,PRIORITY_MEDIUM,,,True,runApp,1136,2026-08-02T21:24:01.009799Z,AGEL075_Hybrid_AVC_Punch_MainTask,89,44d352e1-8923-4b96-b743-9fd526702d1e,,,1059,gcp10wbtrpap04,2026-08-02T21:29:30.6758865Z,,,,535089,AGEL075_Hybrid_AVC_Punch_MainTask,,SCHEDULED,,1136,2026-08-02T21:29:30.830461Z,100,,,"['100005124', '386', '354', '357', '389', '359', '392', '393', '100011533', '382']",False,2026-08-02T21:24:15.2482918Z,COMPLETED,False,0a6639c7-902a-1167-8193-5327d0ae03b3,89,SCHEDULED,,1113,bruser_agel004,False,PUBLIC
ced66073-1448-4b07-865c-a846ac40714c_2a499753f0afcf44,BOT,34750,AGEL003_TaskList_ZPMPM029_PMD_MasterBot,PRIORITY_MEDIUM,,,True,runApp,1135,2026-08-02T21:00:01.805667Z,AGEL003_TaskList_ZPMPM029_PMD_MasterBot,97,11781d16-af53-4501-8804-a286afa5995a,,,852,gcp10wbtrpap05,2026-08-02T21:23:25.9901056Z,,,,431119,AGEL003_TaskList_ZPMPM029_PMD_MasterBot,,SCHEDULED,,1135,2026-08-02T21:23:26.113777Z,100,,,"['100005124', '386', '354', '357', '389', '359', '100011533', '382']",False,2026-08-02T21:17:20.2784673Z,COMPLETED,False,0a6639c7-902a-1167-8193-5327d0ae03b3,97,SCHEDULED,,1114,bruser_agel005,False,PUBLIC
6b497ca2-b8d9-440e-b7ef-44581fd2945e_1ca165734db846ce,BOT,34716,AUC130_AGEL_Inventory_Report_ZMMIM072,PRIORITY_MEDIUM,,,True,messageBox,1135,2026-08-02T21:15:01.034616Z,AUC130_AGEL_Inventory_Report_ZMMIM072,130,b3b4cf11-7d62-486a-8458-a424e2565030,,,857,gcp10wbtrpap03,2026-08-02T21:23:25.455361Z,,,,415957,AUC130_AGEL_Inventory_Report_ZMMIM072,,SCHEDULED,,1135,2026-08-02T21:23:25.568806Z,100,,,"['100005124', '386', '354', '357', '389', '359', '100011533', '382']",False,2026-08-02T21:15:14.697785Z,COMPLETED,False,0a6639c7-902a-1167-8193-5327d0ae03b3,130,SCHEDULED,,1112,bruser_agel003,False,PUBLIC
a2b58063-21c2-4867-9290-bad6fc7a09eb_60d945a189f16f66,BOT,100012348,ANIL028_zsa003N_G_Dump,PRIORITY_MEDIUM,,,True,messageBox,1135,2026-08-02T20:45:01.547122Z,ANIL028_zsa003N_G_Dump,60,c733f0cd-64be-4287-aa8a-e5e1bc20b0e6,,,852,gcp10wbtrpap05,2026-08-02T21:16:59.5084442Z,,,,101763950,ANIL028_zsa003N_G_Dump,,SCHEDULED,,1135,2026-08-02T21:16:59.63532Z,100,,,"['100005124', '354', '386', '356', '357', '389', '359', '100011533', '382']",False,2026-08-02T21:16:19.6846862Z,COMPLETED,False,0a6639c7-902a-1167-8193-5327d0ae03b3,60,SCHEDULED,,1114,bruser_agel005,False,PUBLIC
5058adeb-4616-4433-9815-8b693c4525b3_93c6b4de997c38f0,BOT,100012806,ANIL029_ZVMS_Report,PRIORITY_MEDIUM,,,True,messageBox,1135,2026-08-02T20:45:01.639098Z,ANIL029_ZVMS_Report,103,1dcc48ee-c993-47d3-afe2-31e8aca812af,,,852,gcp10wbtrpap05,2026-08-02T21:15:58.0933648Z,,,,101830732,ANIL029_ZVMS_Report,,SCHEDULED,,1135,2026-08-02T21:15:58.224363Z,100,,,"['100005124', '354', '386', '356', '357', '389', '359', '100011533', '382']",False,2026-08-02T21:14:03.9355586Z,COMPLETED,False,0a6639c7-902a-1167-8193-5327d0ae03b3,103,SCHEDULED,,1114,bruser_agel005,False,PUBLIC
0d8117cf-01b2-4566-8616-5b6cf7fa4139_9bf02444038c158c,BOT,100006727,AGEL136_Cement_BO_SE16N_Email Remainder.26.02.24.18.48.12.devuser_agel003,PRIORITY_MEDIUM,,,True,SendMailV2,1134,2026-08-02T21:15:01.076104Z,AGEL136_Cement_BO_SE16N_Email Remainder,1,c2ae5bcf-bcbf-4961-8f42-f328ce011ca0,,,1059,gcp10wbtrpap04,2026-08-02T21:15:14.7455935Z,,,,100749352,AGEL136_Cement_BO_SE16N_Email Remainder,,SCHEDULED,,1134,2026-08-02T21:15:14.830895Z,100,,,"['100005124', '386', '354', '357', '389', '359', '392', '393', '100011533', '382']",False,2026-08-02T21:15:13.0986212Z,COMPLETED,False,0a6639c7-902a-1167-8193-5327d0ae03b3,1,SCHEDULED,,1113,bruser_agel004,False,PUBLIC
17bda2e8-44cd-4f8e-8fde-e57bcdfdcee6_b1c8b0adbddfb68f,BOT,35451,AGEL075_Hybrid_AVC_Punch_MainTask.25.10.15.05.22.05.devuser_agel005,PRIORITY_MEDIUM,,,True,runApp,1136,2026-08-02T21:09:00.849006Z,AGEL075_Hybrid_AVC_Punch_MainTask,89,bee8f9b6-e578-4db3-857a-f04821cb42a6,,,1059,gcp10wbtrpap04,2026-08-02T21:14:28.6582328Z,,,,535089,AGEL075_Hybrid_AVC_Punch_MainTask,,SCHEDULED,,1136,2026-08-02T21:14:28.776465Z,100,,,"['100005124', '386', '354', '357', '389', '359', '392', '393', '100011533', '382']",False,2026-08-02T21:09:13.9650228Z,COMPLETED,False,0a6639c7-902a-1167-8193-5327d0ae03b3,89,SCHEDULED,,1113,bruser_agel004,False,PUBLIC
2470aef1-e5b4-491c-b368-133adf3c184b_03d025ef4486776e,BOT,34703,AUC172_DowntimeSecurityPatch&VAOpen_MasterBot,PRIORITY_MEDIUM,,,True,,1135,2026-08-02T20:30:01.542789Z,AUC172_DowntimeSecurityPatch&VAOpen_MasterBot,0,b91e2638-b5e5-423b-a56e-0d61e3e05172,,,852,gcp10wbtrpap05,2026-08-02T21:13:48.9795364Z,ba.user.rdp.session.exceed.error,"This may be due to multiple reasons. To continue, please

Make sure you logout from sessions that are not required at the moment.
Then, try to run the bot again.


If you continue to see this message, please contact your system administrator.",Unable to perform rdp for the user as we have exceeded the maximum session count,423407,AUC172_DowntimeSecurityPatch&VAOpen_MasterBot,,SCHEDULED,"Unable to perform rdp for the user as we have exceeded the maximum session count. This may be due to multiple reasons. To continue, please

Make sure you logout from sessions that are not required at the moment.
Then, try to run the bot again.


If you continue to see this message, please contact your system administrator.",1135,2026-08-02T21:13:49.02163Z,0,,,"['100005124', '354', '386', '389', '357', '359', '100011533', '382']",False,2026-08-02T21:13:48.9795364Z,DEPLOY_FAILED,False,0a6639c7-902a-1167-8193-5327d0ae03b3,0,SCHEDULED,,1114,bruser_agel005,False,PUBLIC
5d1006a7-e8d2-4957-9a40-eafcdb9445ec_6e0a067c376d8925,BOT,34854,AGEL030_MaintenancePlant_IP24_PMD,PRIORITY_MEDIUM,,,True,runApp,1134,2026-08-02T20:00:01.622856Z,AGEL030_MaintenancePlant_IP24_PMD,297,a1fe562e-905b-4693-b582-e13289245756,,,852,gcp10wbtrpap05,2026-08-02T21:13:46.413594Z,,,,452873,AGEL030_MaintenancePlant_IP24_PMD,,SCHEDULED,,1134,2026-08-02T21:13:46.556487Z,100,,,"['100005124', '386', '354', '357', '389', '359', '100011533', '382']",False,2026-08-02T20:00:18.7338559Z,COMPLETED,False,0a6639c7-902a-1167-8193-5327d0ae03b3,297,SCHEDULED,,1114,bruser_agel005,False,PUBLIC
5f74f660-6d4f-4452-934b-bb85a350013f_91f1e4f88458607b,BOT,35070,AUC103_ANIL_MISReport_Main,PRIORITY_MEDIUM,,,True,runTask,1135,2026-08-02T20:15:01.277374Z,AUC103_ANIL_MISReport_Main,90,4fd0e911-f634-4e5c-abb7-979cb80f8b94,,,857,gcp10wbtrpap03,2026-08-02T21:04:29.7898838Z,,,,415141,AUC103_ANIL_MISReport_Main,,SCHEDULED,,1135,2026-08-02T21:04:29.942117Z,100,,,"['100005124', '354', '386', '356', '357', '389', '359', '100011533', '382']",False,2026-08-02T20:15:14.8030346Z,COMPLETED,False,0a6639c7-902a-1167-8193-5327d0ae03b3,90,SCHEDULED,,1112,bruser_agel003,False,PUBLIC
504076d8-a6c1-4a29-91ea-bc96547b1082_a9e0cc55e3fa7d8a,BOT,35451,AGEL075_Hybrid_AVC_Punch_MainTask.25.10.15.05.22.05.devuser_agel005,PRIORITY_MEDIUM,,,True,runApp,1136,2026-08-02T20:54:00.894846Z,AGEL075_Hybrid_AVC_Punch_MainTask,89,28b8073d-269b-45ca-a224-e66370dfe5f5,,,1059,gcp10wbtrpap04,2026-08-02T20:59:29.8129642Z,,,,535089,AGEL075_Hybrid_AVC_Punch_MainTask,,SCHEDULED,,1136,2026-08-02T20:59:29.976003Z,100,,,"['100005124', '386', '354', '357', '389', '359', '392', '393', '100011533', '382']",False,2026-08-02T20:54:15.3287403Z,COMPLETED,False,0a6639c7-902a-1167-8193-5327d0ae03b3,89,SCHEDULED,,1113,bruser_agel004,False,PUBLIC
bbadfb94-0460-4fc8-8daa-c380e8d5b9c1_362c135e650adf09,BOT,35441,AUC008_VendorReadytoPay_Main.25.10.09.23.42.22.devuser_agel005,PRIORITY_HIGH,,,True,runTask,1136,2026-08-02T18:30:03.003997Z,AUC008_VendorReadytoPay_Main,319,1a04ef5b-e916-4833-ad2c-831dd5b20836,,,1061,gcp10wbtrpap01,2026-08-02T20:56:26.696857Z,,,,412890,AUC008_VendorReadytoPay_Main,,SCHEDULED,,1136,2026-08-02T20:56:26.891941Z,100,,,"['100005124', '386', '354', '389', '357', '359', '100011533', '382']",False,2026-08-02T18:30:21.2575125Z,COMPLETED,False,0a6639c7-902a-1167-8193-5327d0ae03b3,319,SCHEDULED,,1111,bruser_agel002,False,PUBLIC
4e340180-d9ec-46e0-a208-eccab9fd31d5_168815488fabcd83,BOT,35478,AUC183_DebtProfile_Dump_Main.25.11.02.07.14.46.devuser_agel005,PRIORITY_MEDIUM,,,True,runTask,1136,2026-08-02T19:30:02.830761Z,AUC183_DebtProfile_Dump_Main,178,80ed8815-477b-42a7-892a-3cec6fa63a3f,,,830,gcp10wbtrpap02,2026-08-02T20:48:26.8366995Z,,,,412186,AUC183_DebtProfile_Dump_Main,,SCHEDULED,,1136,2026-08-02T20:48:26.979696Z,100,,,"['100005124', '386', '354', '357', '389', '359', '392', '100011533', '382']",False,2026-08-02T19:30:10.9143376Z,COMPLETED,False,0a6639c7-902a-1167-8193-5327d0ae03b3,178,SCHEDULED,,1110,bruser_agel001,False,PUBLIC
39190f32-e9c0-4825-a669-810a10cf16b1_632eabeb51bedc64,BOT,35451,AGEL075_Hybrid_AVC_Punch_MainTask.25.10.15.05.22.05.devuser_agel005,PRIORITY_MEDIUM,,,True,runApp,1136,2026-08-02T20:39:00.743455Z,AGEL075_Hybrid_AVC_Punch_MainTask,89,28d08b6d-ff24-464b-aff3-99ad7f19d055,,,1059,gcp10wbtrpap04,2026-08-02T20:44:29.4876953Z,,,,535089,AGEL075_Hybrid_AVC_Punch_MainTask,,SCHEDULED,,1136,2026-08-02T20:44:29.64087Z,100,,,"['100005124', '386', '354', '357', '389', '359', '392', '393', '100011533', '382']",False,2026-08-02T20:39:13.9736593Z,COMPLETED,False,0a6639c7-902a-1167-8193-5327d0ae03b3,89,SCHEDULED,,1113,bruser_agel004,False,PUBLIC
62d52c3c-d1d1-49bd-a398-26972d5482b0_a6e337870c0c71b1,BOT,35451,AGEL075_Hybrid_AVC_Punch_MainTask.25.10.15.05.22.05.devuser_agel005,PRIORITY_MEDIUM,,,True,runApp,1136,2026-08-02T20:24:00.739505Z,AGEL075_Hybrid_AVC_Punch_MainTask,89,63dc4905-540a-4259-aceb-07391b953634,,,1059,gcp10wbtrpap04,2026-08-02T20:29:28.2889293Z,,,,535089,AGEL075_Hybrid_AVC_Punch_MainTask,,SCHEDULED,,1136,2026-08-02T20:29:28.46588Z,100,,,"['100005124', '386', '354', '357', '389', '359', '392', '393', '100011533', '382']",False,2026-08-02T20:24:13.9971099Z,COMPLETED,False,0a6639c7-902a-1167-8193-5327d0ae03b3,89,SCHEDULED,,1113,bruser_agel004,False,PUBLIC
3c41290d-8f45-4e61-8855-15ee8541fb6b_1c050a8838503d05,BOT,35451,AGEL075_Hybrid_AVC_Punch_MainTask.25.10.15.05.22.05.devuser_agel005,PRIORITY_MEDIUM,,,True,runApp,1136,2026-08-02T20:09:00.757171Z,AGEL075_Hybrid_AVC_Punch_MainTask,89,106f8e3b-e37b-4d06-93a7-33cbafeb1bbc,,,1059,gcp10wbtrpap04,2026-08-02T20:14:31.4872065Z,,,,535089,AGEL075_Hybrid_AVC_Punch_MainTask,,SCHEDULED,,1136,2026-08-02T20:14:31.642029Z,100,,,"['100005124', '386', '354', '357', '389', '359', '392', '393', '100011533', '382']",False,2026-08-02T20:09:16.0923162Z,COMPLETED,False,0a6639c7-902a-1167-8193-5327d0ae03b3,89,SCHEDULED,,1113,bruser_agel004,False,PUBLIC
68b1724a-9d9d-4ac5-b895-dbbff1f6b011_afa79f377b6d4017,BOT,34714,AUC118_ANIL_OpexPRPO_Report_Main,PRIORITY_MEDIUM,,,True,delay,1135,2026-08-02T20:00:01.890144Z,AUC118_ANIL_OpexPRPO_Report_Main,121,84b22f15-976a-4dba-b866-1415ce525aac,,,857,gcp10wbtrpap03,2026-08-02T20:07:10.4727073Z,,,,418364,AUC118_ANIL_OpexPRPO_Report_Main,,SCHEDULED,,1135,2026-08-02T20:07:10.634966Z,100,,,"['100005124', '354', '386', '356', '389', '357', '359', '100011533', '382']",False,2026-08-02T20:00:15.2771656Z,COMPLETED,False,0a6639c7-902a-1167-8193-5327d0ae03b3,121,SCHEDULED,,1112,bruser_agel003,False,PUBLIC
a10e4bce-9575-4791-8f84-a577a7196d24_350a48ecce9b98ad,BOT,35451,AGEL075_Hybrid_AVC_Punch_MainTask.25.10.15.05.22.05.devuser_agel005,PRIORITY_MEDIUM,,,True,runApp,1136,2026-08-02T19:54:00.751847Z,AGEL075_Hybrid_AVC_Punch_MainTask,89,18e2a5cc-df27-4878-8c73-1f04c512d97f,,,1059,gcp10wbtrpap04,2026-08-02T19:59:27.7327473Z,,,,535089,AGEL075_Hybrid_AVC_Punch_MainTask,,SCHEDULED,,1136,2026-08-02T19:59:27.885249Z,100,,,"['100005124', '386', '354', '357', '389', '359', '392', '393', '100011533', '382']",False,2026-08-02T19:54:12.3491017Z,COMPLETED,False,0a6639c7-902a-1167-8193-5327d0ae03b3,89,SCHEDULED,,1113,bruser_agel004,False,PUBLIC
74cf6736-47f5-40e3-9007-69914f33a37b_09b303064ba4dfad,BOT,35451,AGEL075_Hybrid_AVC_Punch_MainTask.25.10.15.05.22.05.devuser_agel005,PRIORITY_MEDIUM,,,True,runApp,1136,2026-08-02T19:39:00.826874Z,AGEL075_Hybrid_AVC_Punch_MainTask,89,718b3cbe-ff60-4674-84ce-4333966318d6,,,1059,gcp10wbtrpap04,2026-08-02T19:44:29.4187548Z,,,,535089,AGEL075_Hybrid_AVC_Punch_MainTask,,SCHEDULED,,1136,2026-08-02T19:44:29.589215Z,100,,,"['100005124', '386', '354', '357', '389', '359', '392', '393', '100011533', '382']",False,2026-08-02T19:39:14.0507912Z,COMPLETED,False,0a6639c7-902a-1167-8193-5327d0ae03b3,89,SCHEDULED,,1113,bruser_agel004,False,PUBLIC
63d032be-19c1-4017-a5df-1828b44a6509_5783849a24ec2c27,BOT,34713,AUC116_ANIL_PRPO_Report_Main,PRIORITY_MEDIUM,,,True,runTask,1135,2026-08-02T19:40:01.521981Z,AUC116_ANIL_PRPO_Report_Main,110,389119de-eb86-4841-8dc9-f1f919f7a859,,,857,gcp10wbtrpap03,2026-08-02T19:43:13.399742Z,,,,413789,AUC116_ANIL_PRPO_Report_Main,,SCHEDULED,,1135,2026-08-02T19:43:13.551184Z,100,,,"['100005124', '354', '386', '356', '389', '357', '359', '100011533', '382']",False,2026-08-02T19:40:15.0746178Z,COMPLETED,False,0a6639c7-902a-1167-8193-5327d0ae03b3,110,SCHEDULED,,1112,bruser_agel003,False,PUBLIC
25f96e2e-d5e6-4aa8-af74-26310755d2ce_01fe4dc7314c215e,BOT,100005921,ANIL022_SM37,PRIORITY_MEDIUM,,,True,loop.commands.start,1135,2026-08-02T19:30:02.539396Z,ANIL022_SM37,111,4e2bd714-1eb7-4db3-8e53-744d7449b1c1,,,852,gcp10wbtrpap05,2026-08-02T19:42:23.5019763Z,,,,100567115,ANIL022_SM37,,SCHEDULED,,1135,2026-08-02T19:42:23.621568Z,100,,,"['100005124', '386', '354', '356', '357', '389', '359', '100011533', '382']",False,2026-08-02T19:30:17.4185167Z,COMPLETED,False,0a6639c7-902a-1167-8193-5327d0ae03b3,111,SCHEDULED,,1114,bruser_agel005,False,PUBLIC
43057586-fb74-47d2-ba0a-b6b9dcbea282_6d6cac80729d1f02,BOT,35451,AGEL075_Hybrid_AVC_Punch_MainTask.25.10.15.05.22.05.devuser_agel005,PRIORITY_MEDIUM,,,True,runApp,1136,2026-08-02T19:24:00.873191Z,AGEL075_Hybrid_AVC_Punch_MainTask,89,8ff09b14-2388-45f1-84ba-a089b826118b,,,1059,gcp10wbtrpap04,2026-08-02T19:29:29.0359523Z,,,,535089,AGEL075_Hybrid_AVC_Punch_MainTask,,SCHEDULED,,1136,2026-08-02T19:29:29.183625Z,100,,,"['100005124', '386', '354', '357', '389', '359', '392', '393', '100011533', '382']",False,2026-08-02T19:24:14.1313438Z,COMPLETED,False,0a6639c7-902a-1167-8193-5327d0ae03b3,89,SCHEDULED,,1113,bruser_agel004,False,PUBLIC
73c4e68b-04d2-4149-a234-ba68b5771a5d_9c48fa92229bce0c,BOT,35451,AGEL075_Hybrid_AVC_Punch_MainTask.25.10.15.05.22.05.devuser_agel005,PRIORITY_MEDIUM,,,True,runApp,1136,2026-08-02T19:09:00.972971Z,AGEL075_Hybrid_AVC_Punch_MainTask,89,ea39b8b7-f02e-459c-b67e-728910aa57c2,,,1059,gcp10wbtrpap04,2026-08-02T19:14:29.6667946Z,,,,535089,AGEL075_Hybrid_AVC_Punch_MainTask,,SCHEDULED,,1136,2026-08-02T19:14:29.814245Z,100,,,"['100005124', '386', '354', '357', '389', '359', '392', '393', '100011533', '382']",False,2026-08-02T19:09:14.4095838Z,COMPLETED,False,0a6639c7-902a-1167-8193-5327d0ae03b3,89,SCHEDULED,,1113,bruser_agel004,False,PUBLIC
e48bca94-f97c-4aae-984d-b5e5011cb0bb_2bb9d31b36dee387,BOT,34709,AGEL015_Renewable_Birthday_Wishes,PRIORITY_MEDIUM,,,True,loop.commands.start,1135,2026-08-02T19:10:00.80396Z,AGEL015_Renewable_Birthday_Wishes,191,6081f56a-a503-4550-8f99-3f06d6ebba28,,,857,gcp10wbtrpap03,2026-08-02T19:10:43.8655854Z,,,,422747,AGEL015_Renewable_Birthday_Wishes,,SCHEDULED,,1135,2026-08-02T19:10:44.266406Z,100,,,"['100005124', '354', '386', '389', '357', '359', '100011533', '382']",False,2026-08-02T19:10:16.1034207Z,COMPLETED,False,0a6639c7-902a-1167-8193-5327d0ae03b3,191,SCHEDULED,,1112,bruser_agel003,False,PUBLIC
492a2054-1c55-4989-abf1-018486c59d86_8596ca2000d18ba1,BOT,35451,AGEL075_Hybrid_AVC_Punch_MainTask.25.10.15.05.22.05.devuser_agel005,PRIORITY_MEDIUM,,,True,runApp,1136,2026-08-02T18:54:00.910828Z,AGEL075_Hybrid_AVC_Punch_MainTask,89,34ffcad8-c463-4a2b-b60b-217e78a61b3d,,,1059,gcp10wbtrpap04,2026-08-02T18:59:30.3898354Z,,,,535089,AGEL075_Hybrid_AVC_Punch_MainTask,,SCHEDULED,,1136,2026-08-02T18:59:31.133683Z,100,,,"['100005124', '386', '354', '357', '389', '359', '392', '393', '100011533', '382']",False,2026-08-02T18:54:15.3333856Z,COMPLETED,False,0a6639c7-902a-1167-8193-5327d0ae03b3,89,SCHEDULED,,1113,bruser_agel004,False,PUBLIC
777a34b2-f3fa-4e48-aeb3-9caf79c7aa9d_745899278bdf47e6,BOT,100012806,ANIL029_ZVMS_Report,PRIORITY_MEDIUM,,,True,messageBox,1135,2026-08-02T18:45:01.563767Z,ANIL029_ZVMS_Report,103,62c80709-3bbc-43ca-8b55-dd6c2c94ed7f,,,852,gcp10wbtrpap05,2026-08-02T18:48:20.6440808Z,,,,101830732,ANIL029_ZVMS_Report,,SCHEDULED,,1135,2026-08-02T18:48:20.762805Z,100,,,"['100005124', '354', '386', '356', '357', '389', '359', '100011533', '382']",False,2026-08-02T18:46:23.8403397Z,COMPLETED,False,0a6639c7-902a-1167-8193-5327d0ae03b3,103,SCHEDULED,,1114,bruser_agel005,False,PUBLIC
9811fc0c-0d63-4591-be22-e943b6c49908_e734ae296715991e,BOT,100012348,ANIL028_zsa003N_G_Dump,PRIORITY_MEDIUM,,,True,messageBox,1135,2026-08-02T18:45:01.547915Z,ANIL028_zsa003N_G_Dump,60,3a39502d-191a-4863-ac54-645ad42f40a4,,,852,gcp10wbtrpap05,2026-08-02T18:45:59.5605872Z,,,,101763950,ANIL028_zsa003N_G_Dump,,SCHEDULED,,1135,2026-08-02T18:45:59.685971Z,100,,,"['100005124', '354', '386', '356', '357', '389', '359', '100011533', '382']",False,2026-08-02T18:45:16.9565507Z,COMPLETED,False,0a6639c7-902a-1167-8193-5327d0ae03b3,60,SCHEDULED,,1114,bruser_agel005,False,PUBLIC
b8191ce0-d3f3-4153-baaf-ee0e651ec1ce_6c89655a606d4b4a,BOT,35451,AGEL075_Hybrid_AVC_Punch_MainTask.25.10.15.05.22.05.devuser_agel005,PRIORITY_MEDIUM,,,True,runApp,1136,2026-08-02T18:39:00.81938Z,AGEL075_Hybrid_AVC_Punch_MainTask,89,1addbfd1-8060-4341-b324-7533ff5d0ca7,,,1059,gcp10wbtrpap04,2026-08-02T18:44:52.6505708Z,,,,535089,AGEL075_Hybrid_AVC_Punch_MainTask,,SCHEDULED,,1136,2026-08-02T18:44:52.802877Z,100,,,"['100005124', '386', '354', '357', '389', '359', '392', '393', '100011533', '382']",False,2026-08-02T18:39:15.3172333Z,COMPLETED,False,0a6639c7-902a-1167-8193-5327d0ae03b3,89,SCHEDULED,,1113,bruser_agel004,False,PUBLIC
1b939133-a086-4fc1-9bd9-335e79595ad2_f61d23004351a3b8,BOT,100001217,ANIL021_WareHouse_Dispatch_Sales,PRIORITY_MEDIUM,,,True,SendMailV2,1135,2026-08-02T18:35:00.928371Z,ANIL021_WareHouse_Dispatch_Sales,71,5c9865c5-ef57-4697-b03c-138290e2f292,,,830,gcp10wbtrpap02,2026-08-02T18:41:24.8322489Z,,,,100092553,ANIL021_WareHouse_Dispatch_Sales,,SCHEDULED,,1135,2026-08-02T18:41:24.969957Z,100,,,"['100005124', '354', '386', '356', '389', '357', '359', '100011533', '382']",False,2026-08-02T18:39:52.6467441Z,COMPLETED,False,0a6639c7-902a-1167-8193-5327d0ae03b3,71,SCHEDULED,,1110,bruser_agel001,False,PUBLIC
dbed3b2e-40f8-4a58-add3-6d1506651fcd_cee5368eff876e9d,BOT,0,ANIL020_Sales_Dispatch.26.08.03.00.01.46.devuser_agel002,PRIORITY_MEDIUM,,,True,SendMailV2,1133,2026-08-02T18:31:57.866707Z,ANIL020_Sales_Dispatch,97,31d1092c-f25a-422b-b92b-de5c7cdb3e8e,,,830,gcp10wbtrpap02,2026-08-02T18:39:44.7536763Z,,,,100054393,ANIL020_Sales_Dispatch,,RUN_NOW,,1133,2026-08-02T18:39:44.950124Z,100,,,"['100005124', '386', '354', '356', '357', '389', '359', '100011533', '382']",False,2026-08-02T18:32:05.0435141Z,COMPLETED,False,0a6639c7-902a-1167-8193-5327d0ae03b3,97,RUN_NOW,,1110,bruser_agel001,False,PUBLIC
af544799-b3f6-4145-8f78-06545de44c2c_97f18c6a8b000910,BOT,100001169,ANIL020_Sales_Dispatch,PRIORITY_MEDIUM,,,True,SendMailV2,1135,2026-08-02T18:30:01.317773Z,ANIL020_Sales_Dispatch,97,cad8a12d-c435-463e-93ab-db705d35a93c,,,830,gcp10wbtrpap02,2026-08-02T18:31:32.7139648Z,,,,100054393,ANIL020_Sales_Dispatch,,SCHEDULED,,1135,2026-08-02T18:31:32.874181Z,100,,,"['100005124', '386', '354', '356', '389', '357', '359', '100011533', '382']",False,2026-08-02T18:30:09.9898485Z,COMPLETED,False,0a6639c7-902a-1167-8193-5327d0ae03b3,97,SCHEDULED,,1110,bruser_agel001,False,PUBLIC
ecd685c0-d0cc-48f2-b1f2-999b8bb2a4e9_23e500f6c1ec4d99,BOT,34703,AUC172_DowntimeSecurityPatch&VAOpen_MasterBot,PRIORITY_MEDIUM,,,True,loop.commands.start,1135,2026-08-02T18:30:02.025933Z,AUC172_DowntimeSecurityPatch&VAOpen_MasterBot,50,8d300b9e-aeed-4247-bcce-a689c289e93c,,,852,gcp10wbtrpap05,2026-08-02T18:30:20.0157077Z,,,,423407,AUC172_DowntimeSecurityPatch&VAOpen_MasterBot,,SCHEDULED,,1135,2026-08-02T18:30:20.144159Z,100,,,"['100005124', '354', '386', '389', '357', '359', '100011533', '382']",False,2026-08-02T18:30:12.7710803Z,COMPLETED,False,0a6639c7-902a-1167-8193-5327d0ae03b3,50,SCHEDULED,,1114,bruser_agel005,False,PUBLIC
